"","SiteCode","Species","Length_mm","Wt_g","logW","logL","Date","HUC12Watershed"
"1","CR0-SY","Creek Chub",78,5,0.698970004,1.892094603,"6/3/2022","020502061005 Buffalo Creek"
"2","CR0-SY","Creek Chub",91,9.4,0.973127854,1.959041392,"6/3/2022","020502061005 Buffalo Creek"
"3","CR0-SY","Creek Chub",82,5.7,0.755874856,1.913813852,"6/3/2022","020502061005 Buffalo Creek"
"4","CR0-SY","Creek Chub",90,7.7,0.886490725,1.954242509,"6/3/2022","020502061005 Buffalo Creek"
"5","CR0-SY","Creek Chub",82,8.1,0.908485019,1.913813852,"6/3/2022","020502061005 Buffalo Creek"
"6","CR0-SY","Creek Chub",96,8.7,0.939519253,1.982271233,"6/3/2022","020502061005 Buffalo Creek"
"7","CR0-SY","Creek Chub",47,1.1,0.041392685,1.672097858,"6/3/2022","020502061005 Buffalo Creek"
"8","CR0-SY","Creek Chub",39,0.7,-0.15490196,1.591064607,"6/3/2022","020502061005 Buffalo Creek"
"9","CR0-SY","Creek Chub",61,2.6,0.414973348,1.785329835,"6/3/2022","020502061005 Buffalo Creek"
"10","CR0-SY","Creek Chub",78,4.8,0.681241237,1.892094603,"6/3/2022","020502061005 Buffalo Creek"
"11","CR0-SY","Creek Chub",77,6.7,0.826074803,1.886490725,"6/3/2022","020502061005 Buffalo Creek"
"12","CR0-SY","Creek Chub",80,5.8,0.763427994,1.903089987,"6/5/2023","020502061005 Buffalo Creek"
"13","CR0-SY","Creek Chub",86,7.1,0.851258349,1.934498451,"6/5/2023","020502061005 Buffalo Creek"
"14","CR0-SY","Creek Chub",69,3.1,0.491361694,1.838849091,"6/5/2023","020502061005 Buffalo Creek"
"15","CR0-SY","Creek Chub",101,9.3,0.968482949,2.004321374,"6/5/2023","020502061005 Buffalo Creek"
"16","CR0-SY","Creek Chub",48,1,0,1.681241237,"6/5/2023","020502061005 Buffalo Creek"
"17","CR0-SY","Creek Chub",89,8,0.903089987,1.949390007,"6/5/2023","020502061005 Buffalo Creek"
"18","CR0-SY","Creek Chub",135,28.6,1.456366033,2.130333768,"6/5/2023","020502061005 Buffalo Creek"
"19","CR0-SY","Creek Chub",157,48.5,1.685741739,2.195899652,"6/5/2023","020502061005 Buffalo Creek"
"20","EC0-ML","Creek Chub",111,14.8,1.170261715,2.045322979,"6/6/2022","020503010201 Elk Creek"
"21","EC0-ML","Creek Chub",66,3.4,0.531478917,1.819543936,"6/6/2022","020503010201 Elk Creek"
"22","EC0-ML","Creek Chub",84,7.8,0.892094603,1.924279286,"6/6/2022","020503010201 Elk Creek"
"23","EC0-ML","Creek Chub",74,4.7,0.672097858,1.86923172,"6/6/2022","020503010201 Elk Creek"
"24","EC0-ML","Creek Chub",58,2.1,0.322219295,1.763427994,"6/6/2022","020503010201 Elk Creek"
"25","EC0-ML","Creek Chub",50,1.8,0.255272505,1.698970004,"6/6/2022","020503010201 Elk Creek"
"26","EC0-ML","Creek Chub",75,5,0.698970004,1.875061263,"6/6/2022","020503010201 Elk Creek"
"27","EC0-ML","Creek Chub",53,1.8,0.255272505,1.72427587,"6/6/2022","020503010201 Elk Creek"
"28","EC0-ML","Creek Chub",75,4.5,0.653212514,1.875061263,"6/6/2022","020503010201 Elk Creek"
"29","EC0-ML","Creek Chub",55,3.5,0.544068044,1.740362689,"6/6/2022","020503010201 Elk Creek"
"30","EC0-ML","Creek Chub",78,5.7,0.755874856,1.892094603,"6/6/2022","020503010201 Elk Creek"
"31","EC0-ML","Creek Chub",66,3.6,0.556302501,1.819543936,"6/6/2022","020503010201 Elk Creek"
"32","EC0-ML","Creek Chub",66,3.3,0.51851394,1.819543936,"6/6/2022","020503010201 Elk Creek"
"33","EC0-ML","Creek Chub",52,1.5,0.176091259,1.716003344,"6/6/2022","020503010201 Elk Creek"
"34","EC0-ML","Creek Chub",145,41.4,1.617000341,2.161368002,"6/6/2022","020503010201 Elk Creek"
"35","EC0-ML","Creek Chub",125,18.9,1.276461804,2.096910013,"6/6/2022","020503010201 Elk Creek"
"36","EC0-ML","Creek Chub",73,4.9,0.69019608,1.86332286,"6/6/2022","020503010201 Elk Creek"
"37","EC0-ML","Creek Chub",77,6,0.77815125,1.886490725,"6/6/2022","020503010201 Elk Creek"
"38","EC0-ML","Creek Chub",228,146.8,2.166726056,2.357934847,"6/6/2022","020503010201 Elk Creek"
"39","EC0-ML","Creek Chub",63,2.9,0.462397998,1.799340549,"6/6/2022","020503010201 Elk Creek"
"40","EC0-ML","Creek Chub",76,6.3,0.799340549,1.880813592,"6/6/2022","020503010201 Elk Creek"
"41","EC0-ML","Creek Chub",46,1.1,0.041392685,1.662757832,"6/6/2022","020503010201 Elk Creek"
"42","EC0-ML","Creek Chub",41,0.6,-0.22184875,1.612783857,"6/6/2022","020503010201 Elk Creek"
"43","EC0-ML","Creek Chub",70,3.8,0.579783597,1.84509804,"6/6/2022","020503010201 Elk Creek"
"44","EC0-ML","Creek Chub",142,38.3,1.583198774,2.152288344,"6/6/2022","020503010201 Elk Creek"
"45","EC0-ML","Creek Chub",47,0.7,-0.15490196,1.672097858,"6/6/2022","020503010201 Elk Creek"
"46","EC0-ML","Creek Chub",79,6.4,0.806179974,1.897627091,"6/6/2022","020503010201 Elk Creek"
"47","EC0-ML","Creek Chub",89,8.1,0.908485019,1.949390007,"6/6/2022","020503010201 Elk Creek"
"48","EC0-ML","Creek Chub",85,7.1,0.851258349,1.929418926,"6/6/2022","020503010201 Elk Creek"
"49","EC0-ML","Creek Chub",78,5.5,0.740362689,1.892094603,"6/6/2022","020503010201 Elk Creek"
"50","EC0-NF","Creek Chub",91,7.7,0.886490725,1.959041392,"6/9/2022","020503010201 Elk Creek"
"51","EC0-NF","Creek Chub",49,1.1,0.041392685,1.69019608,"6/9/2022","020503010201 Elk Creek"
"52","EC0-NF","Creek Chub",55,2,0.301029996,1.740362689,"6/9/2022","020503010201 Elk Creek"
"53","EC0-NF","Creek Chub",47,0.9,-0.045757491,1.672097858,"6/9/2022","020503010201 Elk Creek"
"54","EC0-NF","Creek Chub",57,1.5,0.176091259,1.755874856,"6/9/2022","020503010201 Elk Creek"
"55","EC0-NF","Creek Chub",58,0.9,-0.045757491,1.763427994,"6/9/2022","020503010201 Elk Creek"
"56","EC0-NF","Creek Chub",57,1.8,0.255272505,1.755874856,"6/9/2022","020503010201 Elk Creek"
"57","EC0-NF","Creek Chub",45,0.8,-0.096910013,1.653212514,"6/9/2022","020503010201 Elk Creek"
"58","EC0-NF","Creek Chub",57,1.9,0.278753601,1.755874856,"6/9/2022","020503010201 Elk Creek"
"59","EC0-NF","Creek Chub",87,7.9,0.897627091,1.939519253,"6/9/2022","020503010201 Elk Creek"
"60","EC0-NF","Creek Chub",91,7.7,0.886490725,1.959041392,"6/9/2022","020503010201 Elk Creek"
"61","EC0-NF","Creek Chub",81,6.2,0.792391689,1.908485019,"6/9/2022","020503010201 Elk Creek"
"62","EC0-NF","Creek Chub",60,2.4,0.380211242,1.77815125,"6/9/2022","020503010201 Elk Creek"
"63","EC0-NF","Creek Chub",57,1.7,0.230448921,1.755874856,"6/9/2022","020503010201 Elk Creek"
"64","EC0-NF","Creek Chub",86,6.8,0.832508913,1.934498451,"6/9/2022","020503010201 Elk Creek"
"65","EC0-NF","Creek Chub",48,0.8,-0.096910013,1.681241237,"6/9/2022","020503010201 Elk Creek"
"66","EC0-NF","Creek Chub",57,1.8,0.255272505,1.755874856,"6/9/2022","020503010201 Elk Creek"
"67","EC0-NF","Creek Chub",85,6.8,0.832508913,1.929418926,"6/9/2022","020503010201 Elk Creek"
"68","EC0-NF","Creek Chub",57,1.9,0.278753601,1.755874856,"6/9/2022","020503010201 Elk Creek"
"69","EC0-NF","Creek Chub",50,0.9,-0.045757491,1.698970004,"6/9/2022","020503010201 Elk Creek"
"70","EC0-NF","Creek Chub",47,1.1,0.041392685,1.672097858,"6/9/2022","020503010201 Elk Creek"
"71","EC0-NF","Creek Chub",81,5.6,0.748188027,1.908485019,"6/9/2022","020503010201 Elk Creek"
"72","EC0-NF","Creek Chub",109,15.9,1.201397124,2.037426498,"6/9/2022","020503010201 Elk Creek"
"73","EC0-NF","Creek Chub",59,2,0.301029996,1.770852012,"6/9/2022","020503010201 Elk Creek"
"74","EC0-NF","Creek Chub",87,7.1,0.851258349,1.939519253,"6/9/2022","020503010201 Elk Creek"
"75","EC0-NF","Creek Chub",55,1.7,0.230448921,1.740362689,"6/9/2022","020503010201 Elk Creek"
"76","EC0-NF","Creek Chub",56,1.7,0.230448921,1.748188027,"6/9/2022","020503010201 Elk Creek"
"77","EC0-NF","Creek Chub",132,27.7,1.442479769,2.120573931,"6/9/2022","020503010201 Elk Creek"
"78","EC0-NF","Creek Chub",86,7.4,0.86923172,1.934498451,"6/9/2022","020503010201 Elk Creek"
"79","EC0-PH","Creek Chub",45,0.9,-0.045757491,1.653212514,"6/6/2022","020503010201 Elk Creek"
"80","EC0-PH","Creek Chub",75,5.8,0.763427994,1.875061263,"6/6/2022","020503010201 Elk Creek"
"81","EC0-PH","Creek Chub",59,2.4,0.380211242,1.770852012,"6/6/2022","020503010201 Elk Creek"
"82","EC0-PH","Creek Chub",47,1.3,0.113943352,1.672097858,"6/6/2022","020503010201 Elk Creek"
"83","EC0-PH","Creek Chub",203,123.6,2.092018471,2.307496038,"6/6/2022","020503010201 Elk Creek"
"84","EC0-PH","Creek Chub",55,1.9,0.278753601,1.740362689,"6/6/2022","020503010201 Elk Creek"
"85","EC0-PH","Creek Chub",40,0.7,-0.15490196,1.602059991,"6/6/2022","020503010201 Elk Creek"
"86","EC0-PH","Creek Chub",47,0.9,-0.045757491,1.672097858,"6/6/2022","020503010201 Elk Creek"
"87","EC0-PH","Creek Chub",44,0.7,-0.15490196,1.643452676,"6/6/2022","020503010201 Elk Creek"
"88","EC0-PH","Creek Chub",45,0.8,-0.096910013,1.653212514,"6/6/2022","020503010201 Elk Creek"
"89","EC0-PH","Creek Chub",111,17.4,1.240549248,2.045322979,"6/6/2022","020503010201 Elk Creek"
"90","EC0-PH","Creek Chub",84,7,0.84509804,1.924279286,"6/6/2022","020503010201 Elk Creek"
"91","EC0-PH","Creek Chub",52,1.4,0.146128036,1.716003344,"6/6/2022","020503010201 Elk Creek"
"92","EC0-PH","Creek Chub",47,1.3,0.113943352,1.672097858,"6/6/2022","020503010201 Elk Creek"
"93","EC0-PH","Creek Chub",63,2.8,0.447158031,1.799340549,"6/6/2022","020503010201 Elk Creek"
"94","EC0-PH","Creek Chub",73,4.2,0.62324929,1.86332286,"6/6/2022","020503010201 Elk Creek"
"95","EC0-PH","Creek Chub",46,1.1,0.041392685,1.662757832,"6/6/2022","020503010201 Elk Creek"
"96","EC0-PH","Creek Chub",45,1.1,0.041392685,1.653212514,"6/6/2022","020503010201 Elk Creek"
"97","EC0-PH","Creek Chub",111,19.2,1.283301229,2.045322979,"6/6/2022","020503010201 Elk Creek"
"98","EC0-PH","Creek Chub",59,2.8,0.447158031,1.770852012,"6/6/2022","020503010201 Elk Creek"
"99","EC0-PH","Creek Chub",41,0.8,-0.096910013,1.612783857,"6/6/2022","020503010201 Elk Creek"
"100","EC0-PH","Creek Chub",47,1.2,0.079181246,1.672097858,"6/6/2022","020503010201 Elk Creek"
"101","EC0-PH","Creek Chub",85,8,0.903089987,1.929418926,"6/6/2022","020503010201 Elk Creek"
"102","EC0-PH","Creek Chub",78,5.7,0.755874856,1.892094603,"6/6/2022","020503010201 Elk Creek"
"103","EC0-PH","Creek Chub",71,4,0.602059991,1.851258349,"6/6/2022","020503010201 Elk Creek"
"104","EC0-PH","Creek Chub",48,1.1,0.041392685,1.681241237,"6/6/2022","020503010201 Elk Creek"
"105","EC0-PH","Creek Chub",98,12.4,1.093421685,1.991226076,"6/6/2022","020503010201 Elk Creek"
"106","EC0-PH","Creek Chub",225,146.1,2.164650216,2.352182518,"6/6/2022","020503010201 Elk Creek"
"107","EC0-PH","Creek Chub",59,2.4,0.380211242,1.770852012,"6/6/2022","020503010201 Elk Creek"
"108","EC0-PH","Creek Chub",46,0.1,-1,1.662757832,"6/6/2022","020503010201 Elk Creek"
"109","EC0-SF","Creek Chub",91,8.8,0.944482672,1.959041392,"6/7/2022","020503010201 Elk Creek"
"110","EC0-SF","Creek Chub",44,0.9,-0.045757491,1.643452676,"6/7/2022","020503010201 Elk Creek"
"111","EC0-SF","Creek Chub",114,13.5,1.130333768,2.056904851,"6/7/2022","020503010201 Elk Creek"
"112","EC0-SF","Creek Chub",38,0.6,-0.22184875,1.579783597,"6/7/2022","020503010201 Elk Creek"
"113","EC0-SF","Creek Chub",52,1.6,0.204119983,1.716003344,"6/7/2022","020503010201 Elk Creek"
"114","EC0-SF","Creek Chub",130,28.6,1.456366033,2.113943352,"6/7/2022","020503010201 Elk Creek"
"115","EC0-SF","Creek Chub",74,4.3,0.633468456,1.86923172,"6/7/2022","020503010201 Elk Creek"
"116","EC0-SF","Creek Chub",137,35.8,1.553883027,2.136720567,"6/7/2022","020503010201 Elk Creek"
"117","EC0-SF","Creek Chub",69,3.1,0.491361694,1.838849091,"6/7/2022","020503010201 Elk Creek"
"118","EC0-SF","Creek Chub",76,5.9,0.770852012,1.880813592,"6/7/2022","020503010201 Elk Creek"
"119","EC0-SF","Creek Chub",114,13.3,1.123851641,2.056904851,"6/7/2022","020503010201 Elk Creek"
"120","EC0-SF","Creek Chub",114,19.7,1.294466226,2.056904851,"6/7/2022","020503010201 Elk Creek"
"121","EC0-SF","Creek Chub",125,25.6,1.408239965,2.096910013,"6/7/2022","020503010201 Elk Creek"
"122","EC0-SF","Creek Chub",56,2.6,0.414973348,1.748188027,"6/7/2022","020503010201 Elk Creek"
"123","EC0-SF","Creek Chub",61,2.4,0.380211242,1.785329835,"6/7/2022","020503010201 Elk Creek"
"124","EC0-SF","Creek Chub",42,0.9,-0.045757491,1.62324929,"6/7/2022","020503010201 Elk Creek"
"125","EC0-SF","Creek Chub",30,0.3,-0.522878745,1.477121255,"6/7/2022","020503010201 Elk Creek"
"126","EC0-SF","Creek Chub",36,0.4,-0.397940009,1.556302501,"6/7/2022","020503010201 Elk Creek"
"127","EC0-SF","Creek Chub",122,21.8,1.338456494,2.086359831,"6/7/2022","020503010201 Elk Creek"
"128","EC0-SF","Creek Chub",181,70.1,1.845718018,2.257678575,"6/7/2022","020503010201 Elk Creek"
"129","EC0-SF","Creek Chub",59,2.4,0.380211242,1.770852012,"6/7/2022","020503010201 Elk Creek"
"130","EC0-SF","Creek Chub",54,1.7,0.230448921,1.73239376,"6/7/2022","020503010201 Elk Creek"
"131","EC0-SF","Creek Chub",61,2.7,0.431363764,1.785329835,"6/7/2022","020503010201 Elk Creek"
"132","EC0-SF","Creek Chub",89,7.5,0.875061263,1.949390007,"6/7/2022","020503010201 Elk Creek"
"133","EC0-SF","Creek Chub",91,9.9,0.995635195,1.959041392,"6/7/2022","020503010201 Elk Creek"
"134","EC0-SF","Creek Chub",116,19.2,1.283301229,2.064457989,"6/7/2022","020503010201 Elk Creek"
"135","EC0-SF","Creek Chub",96,11.7,1.068185862,1.982271233,"6/7/2022","020503010201 Elk Creek"
"136","EC0-SF","Creek Chub",67,2.8,0.447158031,1.826074803,"6/7/2022","020503010201 Elk Creek"
"137","FlagMarsh.Pigeon","Creek Chub",126,23.5,1.371067862,2.100370545,"6/29/2023","020502060302 Glass Creek-Loyalsock Creek"
"138","FlagMarsh.Pigeon","Creek Chub",76,4.4,0.643452676,1.880813592,"6/29/2023","020502060302 Glass Creek-Loyalsock Creek"
"139","FlagMarsh.Pigeon","Creek Chub",79,5,0.698970004,1.897627091,"6/29/2023","020502060302 Glass Creek-Loyalsock Creek"
"140","FlagMarsh.Pigeon","Creek Chub",51,1.2,0.079181246,1.707570176,"6/29/2023","020502060302 Glass Creek-Loyalsock Creek"
"141","FlagMarsh.Pigeon","Creek Chub",68,3.2,0.505149978,1.832508913,"6/29/2023","020502060302 Glass Creek-Loyalsock Creek"
"142","FlagMarsh.Pigeon","Creek Chub",99,8.6,0.934498451,1.995635195,"6/29/2023","020502060302 Glass Creek-Loyalsock Creek"
"143","Glass.Loyalsock","Creek Chub",68,3.3,0.51851394,1.832508913,"6/29/2022","020502060302 Glass Creek-Loyalsock Creek"
"144","Glass.Loyalsock","Creek Chub",71,3.5,0.544068044,1.851258349,"6/29/2022","020502060302 Glass Creek-Loyalsock Creek"
"145","Glass.Loyalsock","Creek Chub",76,4.4,0.643452676,1.880813592,"6/29/2022","020502060302 Glass Creek-Loyalsock Creek"
"146","Glass.Loyalsock","Creek Chub",103,8.5,0.929418926,2.012837225,"6/29/2022","020502060302 Glass Creek-Loyalsock Creek"
"147","Glass.Loyalsock","Creek Chub",67,2.9,0.462397998,1.826074803,"6/29/2022","020502060302 Glass Creek-Loyalsock Creek"
"148","Glass.Loyalsock","Creek Chub",90,6.2,0.792391689,1.954242509,"6/29/2022","020502060302 Glass Creek-Loyalsock Creek"
"149","Glass.Loyalsock","Creek Chub",66,2.5,0.397940009,1.819543936,"6/29/2022","020502060302 Glass Creek-Loyalsock Creek"
"150","Glass.Loyalsock","Creek Chub",30,3,0.477121255,1.477121255,"6/29/2022","020502060302 Glass Creek-Loyalsock Creek"
"151","Glass.Loyalsock","Creek Chub",66,3.6,0.556302501,1.819543936,"6/29/2022","020502060302 Glass Creek-Loyalsock Creek"
"152","Glass.Loyalsock","Creek Chub",60,2.2,0.342422681,1.77815125,"6/29/2022","020502060302 Glass Creek-Loyalsock Creek"
"153","Glass.Loyalsock","Creek Chub",85,5.9,0.770852012,1.929418926,"6/29/2022","020502060302 Glass Creek-Loyalsock Creek"
"154","Glass.Loyalsock","Creek Chub",78,4.9,0.69019608,1.892094603,"6/29/2022","020502060302 Glass Creek-Loyalsock Creek"
"155","Glass.Loyalsock","Creek Chub",67,2.4,0.380211242,1.826074803,"6/29/2022","020502060302 Glass Creek-Loyalsock Creek"
"156","Glass.Loyalsock","Creek Chub",74,3.8,0.579783597,1.86923172,"6/29/2022","020502060302 Glass Creek-Loyalsock Creek"
"157","Glass.Loyalsock","Creek Chub",71,2.9,0.462397998,1.851258349,"6/29/2022","020502060302 Glass Creek-Loyalsock Creek"
"158","Glass.Loyalsock","Creek Chub",75,4.1,0.612783857,1.875061263,"6/29/2022","020502060302 Glass Creek-Loyalsock Creek"
"159","Glass.Loyalsock","Creek Chub",75,3.9,0.591064607,1.875061263,"6/29/2022","020502060302 Glass Creek-Loyalsock Creek"
"160","Glass.Loyalsock","Creek Chub",89,7.56,0.878521796,1.949390007,"6/25/2025","020502060302 Glass Creek-Loyalsock Creek"
"161","Glass.Loyalsock","Creek Chub",89,7.27,0.861534411,1.949390007,"6/25/2025","020502060302 Glass Creek-Loyalsock Creek"
"162","Glass.Loyalsock","Creek Chub",70,3.79,0.57863921,1.84509804,"6/25/2025","020502060302 Glass Creek-Loyalsock Creek"
"163","Hammersley.Kettle","Creek Chub",99,8.04,0.905256049,1.995635195,"7/15/2025","020502030104 Hammersley Fork"
"164","Hammersley.Kettle","Creek Chub",109,13.7,1.136720567,2.037426498,"7/11/2022","020502030104 Hammersley Fork"
"165","Hammersley.Kettle","Creek Chub",61,1.96,0.292256071,1.785329835,"7/15/2025","020502030104 Hammersley Fork"
"166","Hammersley.Kettle","Creek Chub",59,1.91,0.281033367,1.770852012,"7/15/2025","020502030104 Hammersley Fork"
"167","Hammersley.Kettle","Creek Chub",190,64.1,1.80685803,2.278753601,"7/11/2022","020502030104 Hammersley Fork"
"168","Hammersley.Kettle","Creek Chub",111,12.1,1.08278537,2.045322979,"7/11/2022","020502030104 Hammersley Fork"
"169","LittleLyman.CrossFork","Creek Chub",113,13.1,1.117271296,2.053078443,"7/17/2023","020502030103 Cross Fork"
"170","LittleLyman.CrossFork","Creek Chub",103,10.7,1.029383778,2.012837225,"7/17/2023","020502030103 Cross Fork"
"171","LR0-FM-M","Creek Chub",85,6.1,0.785329835,1.929418926,"6/11/2024","020502061204 Limestone Run"
"172","LR0-FM-M","Creek Chub",162,55.59,1.744996674,2.209515015,"6/11/2024","020502061204 Limestone Run"
"173","LR0-FM-M","Creek Chub",143,34.68,1.540079089,2.155336037,"6/11/2024","020502061204 Limestone Run"
"174","LR0-FM-M","Creek Chub",116,18.07,1.256958153,2.064457989,"6/11/2024","020502061204 Limestone Run"
"175","LR0-FM-M","Creek Chub",89,7.83,0.893761762,1.949390007,"6/11/2024","020502061204 Limestone Run"
"176","LR0-FM-M","Creek Chub",132,27.55,1.440121603,2.120573931,"6/11/2024","020502061204 Limestone Run"
"177","LR0-FM-M","Creek Chub",116,17.77,1.249687428,2.064457989,"6/11/2024","020502061204 Limestone Run"
"178","LR0-FM-M","Creek Chub",125,21.27,1.32776749,2.096910013,"6/11/2024","020502061204 Limestone Run"
"179","LR0-FM-M","Creek Chub",144,35.23,1.546912643,2.158362492,"6/11/2024","020502061204 Limestone Run"
"180","LR0-FM-M","Creek Chub",110,13.13,1.118264726,2.041392685,"6/11/2024","020502061204 Limestone Run"
"181","LR0-FM-M","Creek Chub",81,5.89,0.770115295,1.908485019,"6/11/2024","020502061204 Limestone Run"
"182","LR0-FM-M","Creek Chub",50,1.23,0.089905111,1.698970004,"6/11/2024","020502061204 Limestone Run"
"183","LR0-FM-M","Creek Chub",60,2.19,0.340444115,1.77815125,"6/11/2024","020502061204 Limestone Run"
"184","LR0-FM-M","Creek Chub",121,19.99,1.300812794,2.08278537,"6/11/2024","020502061204 Limestone Run"
"185","LR0-FM-M","Creek Chub",89,7.2,0.857332496,1.949390007,"6/11/2024","020502061204 Limestone Run"
"186","LR0-FM-M","Creek Chub",124,18.06,1.256717746,2.093421685,"6/11/2024","020502061204 Limestone Run"
"187","LR0-FM-M","Creek Chub",62,2.34,0.369215857,1.792391689,"6/11/2024","020502061204 Limestone Run"
"188","LR0-FM-M","Creek Chub",161,60.15,1.779235632,2.206825876,"6/11/2024","020502061204 Limestone Run"
"189","LR0-FM-M","Creek Chub",110,16.64,1.221153322,2.041392685,"6/11/2024","020502061204 Limestone Run"
"190","LR0-FM-M","Creek Chub",104,11.9,1.075546961,2.017033339,"6/11/2024","020502061204 Limestone Run"
"191","LR0-FM-M","Creek Chub",59,2.18,0.338456494,1.770852012,"6/11/2024","020502061204 Limestone Run"
"192","LR0-FM-M","Creek Chub",107,11.14,1.046885191,2.029383778,"6/11/2024","020502061204 Limestone Run"
"193","LR0-FM-M","Creek Chub",154,47.92,1.680516809,2.187520721,"6/11/2024","020502061204 Limestone Run"
"194","LR0-FM-M","Creek Chub",94,9.54,0.979548375,1.973127854,"6/11/2024","020502061204 Limestone Run"
"195","LR0-FM-M","Creek Chub",164,50.89,1.706632451,2.214843848,"6/11/2024","020502061204 Limestone Run"
"196","LR0-FM-M","Creek Chub",130,25.78,1.411282913,2.113943352,"6/11/2024","020502061204 Limestone Run"
"197","LR0-FM-M","Creek Chub",114,16.48,1.216957207,2.056904851,"6/11/2024","020502061204 Limestone Run"
"198","LR0-FM-M","Creek Chub",76,4.38,0.641474111,1.880813592,"6/11/2024","020502061204 Limestone Run"
"199","LR0-FM-M","Creek Chub",92,9.01,0.954724791,1.963787827,"6/11/2024","020502061204 Limestone Run"
"200","LR0-FM-M","Creek Chub",160,53.03,1.724521627,2.204119983,"6/11/2024","020502061204 Limestone Run"
"201","LR0-PF","Creek Chub",49,1.32,0.120573931,1.69019608,"6/17/2024","020502061204 Limestone Run"
"202","LR0-PF","Creek Chub",106,17.69,1.247727833,2.025305865,"6/17/2024","020502061204 Limestone Run"
"203","LR0-PF","Creek Chub",196,86.29,1.935960469,2.292256071,"6/17/2024","020502061204 Limestone Run"
"204","LR0-PF","Creek Chub",105,16.71,1.22297645,2.021189299,"6/17/2024","020502061204 Limestone Run"
"205","LR0-PF","Creek Chub",92,5.47,0.737987326,1.963787827,"6/17/2024","020502061204 Limestone Run"
"206","LR0-PF","Creek Chub",85,6.22,0.793790385,1.929418926,"6/17/2024","020502061204 Limestone Run"
"207","LR0-PF","Creek Chub",100,9.66,0.984977126,2,"6/17/2024","020502061204 Limestone Run"
"208","LR0-PF","Creek Chub",75,4.24,0.627365857,1.875061263,"6/17/2024","020502061204 Limestone Run"
"209","LR0-PF","Creek Chub",159,53.7,1.729974286,2.201397124,"6/17/2024","020502061204 Limestone Run"
"210","LR0-PF","Creek Chub",123,19.29,1.285332228,2.089905111,"6/17/2024","020502061204 Limestone Run"
"211","LR0-PF","Creek Chub",71,3.88,0.588831726,1.851258349,"6/17/2024","020502061204 Limestone Run"
"212","LR0-PF","Creek Chub",82,7.32,0.864511081,1.913813852,"6/17/2024","020502061204 Limestone Run"
"213","LR0-PF","Creek Chub",73,5.34,0.727541257,1.86332286,"6/17/2024","020502061204 Limestone Run"
"214","LR0-PF","Creek Chub",94,8.51,0.92992956,1.973127854,"6/17/2024","020502061204 Limestone Run"
"215","LR0-PF","Creek Chub",107,9.42,0.974050903,2.029383778,"6/17/2024","020502061204 Limestone Run"
"216","LR0-PF","Creek Chub",124,24.63,1.391464412,2.093421685,"6/17/2024","020502061204 Limestone Run"
"217","LR0-PF","Creek Chub",91,8,0.903089987,1.959041392,"6/17/2024","020502061204 Limestone Run"
"218","LR0-PF","Creek Chub",165,52.44,1.719662683,2.217483944,"6/17/2024","020502061204 Limestone Run"
"219","LR0-PF","Creek Chub",131,23.63,1.373463722,2.117271296,"6/17/2024","020502061204 Limestone Run"
"220","LR0-PF","Creek Chub",133,25.55,1.407390904,2.123851641,"6/17/2024","020502061204 Limestone Run"
"221","LR0-PF","Creek Chub",107,16.27,1.211387553,2.029383778,"6/17/2024","020502061204 Limestone Run"
"222","LR0-PF","Creek Chub",120,19.32,1.286007122,2.079181246,"6/17/2024","020502061204 Limestone Run"
"223","LR0-PF","Creek Chub",122,22.23,1.346939463,2.086359831,"6/17/2024","020502061204 Limestone Run"
"224","LR0-PF","Creek Chub",91,9.44,0.974971994,1.959041392,"6/17/2024","020502061204 Limestone Run"
"225","LR0-PF","Creek Chub",104,9.47,0.976349979,2.017033339,"6/17/2024","020502061204 Limestone Run"
"226","LR0-PF","Creek Chub",105,9.68,0.985875357,2.021189299,"6/17/2024","020502061204 Limestone Run"
"227","LR0-PF","Creek Chub",171,57.94,1.762978491,2.23299611,"6/17/2024","020502061204 Limestone Run"
"228","LR0-PF","Creek Chub",72,3.93,0.59439255,1.857332496,"6/17/2024","020502061204 Limestone Run"
"229","LR0-PF","Creek Chub",97,9.13,0.960470778,1.986771734,"6/17/2024","020502061204 Limestone Run"
"230","LR0-PF","Creek Chub",101,10.09,1.003891166,2.004321374,"6/17/2024","020502061204 Limestone Run"
"231","LR0-SM","Creek Chub",105,11.7,1.068185862,2.021189299,"6/11/2024","020502061204 Limestone Run"
"232","LR0-SM","Creek Chub",85,6.71,0.82672252,1.929418926,"6/11/2024","020502061204 Limestone Run"
"233","LR0-SM","Creek Chub",97,9.64,0.984077034,1.986771734,"6/11/2024","020502061204 Limestone Run"
"234","LR0-SM","Creek Chub",44,0.93,-0.031517051,1.643452676,"6/11/2024","020502061204 Limestone Run"
"235","LR0-SM","Creek Chub",117,17.5,1.243038049,2.068185862,"6/11/2024","020502061204 Limestone Run"
"236","LR0-SM","Creek Chub",144,32.05,1.505828034,2.158362492,"6/11/2024","020502061204 Limestone Run"
"237","LR0-SM","Creek Chub",149,34.6,1.539076099,2.173186268,"6/11/2024","020502061204 Limestone Run"
"238","LR0-SM","Creek Chub",97,8.27,0.91750551,1.986771734,"6/11/2024","020502061204 Limestone Run"
"239","LR0-SM","Creek Chub",70,3.25,0.511883361,1.84509804,"6/11/2024","020502061204 Limestone Run"
"240","LR0-SM","Creek Chub",94,8.68,0.938519725,1.973127854,"6/11/2024","020502061204 Limestone Run"
"241","LR0-SM","Creek Chub",82,5.63,0.750508395,1.913813852,"6/11/2024","020502061204 Limestone Run"
"242","LR0-SM","Creek Chub",104,11.73,1.069298012,2.017033339,"6/11/2024","020502061204 Limestone Run"
"243","LR0-SM","Creek Chub",41,0.6,-0.22184875,1.612783857,"6/11/2024","020502061204 Limestone Run"
"244","LR0-SM","Creek Chub",128,24.3,1.385606274,2.10720997,"6/11/2024","020502061204 Limestone Run"
"245","LR0-SM","Creek Chub",41,0.64,-0.193820026,1.612783857,"6/11/2024","020502061204 Limestone Run"
"246","LR0-SM","Creek Chub",148,29.3,1.46686762,2.170261715,"6/11/2024","020502061204 Limestone Run"
"247","LR0-SM","Creek Chub",164,47.2,1.673941999,2.214843848,"6/11/2024","020502061204 Limestone Run"
"248","LR0-SM","Creek Chub",48,1.2,0.079181246,1.681241237,"6/11/2024","020502061204 Limestone Run"
"249","LR0-SM","Creek Chub",158,40.3,1.605305046,2.198657087,"6/11/2024","020502061204 Limestone Run"
"250","LR0-SM","Creek Chub",130,25.33,1.40363519,2.113943352,"6/11/2024","020502061204 Limestone Run"
"251","LR0-SM","Creek Chub",50,1.24,0.093421685,1.698970004,"6/11/2024","020502061204 Limestone Run"
"252","LR0-SM","Creek Chub",41,0.67,-0.173925197,1.612783857,"6/11/2024","020502061204 Limestone Run"
"253","LR0-SM","Creek Chub",83,5.75,0.759667845,1.919078092,"6/11/2024","020502061204 Limestone Run"
"254","LR0-SM","Creek Chub",87,6.72,0.827369273,1.939519253,"6/11/2024","020502061204 Limestone Run"
"255","LR0-SM","Creek Chub",39,0.54,-0.26760624,1.591064607,"6/11/2024","020502061204 Limestone Run"
"256","LR0-SM","Creek Chub",42,0.8,-0.096910013,1.62324929,"6/11/2024","020502061204 Limestone Run"
"257","LR0-SM","Creek Chub",146,33.6,1.526339277,2.164352856,"6/11/2024","020502061204 Limestone Run"
"258","LR0-SM","Creek Chub",159,41.6,1.619093331,2.201397124,"6/11/2024","020502061204 Limestone Run"
"259","LR0-SM","Creek Chub",74,3.6,0.556302501,1.86923172,"6/11/2024","020502061204 Limestone Run"
"260","LR0-SM","Creek Chub",120,17,1.230448921,2.079181246,"6/11/2024","020502061204 Limestone Run"
"261","LR0-SR","Creek Chub",181,69.93,1.844663528,2.257678575,"6/10/2024","020502061204 Limestone Run"
"262","LR0-SR","Creek Chub",96,8.44,0.926342447,1.982271233,"6/10/2024","020502061204 Limestone Run"
"263","LR0-SR","Creek Chub",44,0.7,-0.15490196,1.643452676,"6/10/2024","020502061204 Limestone Run"
"264","LR0-SR","Creek Chub",47,1.19,0.075546961,1.672097858,"6/10/2024","020502061204 Limestone Run"
"265","LR0-SR","Creek Chub",52,1.37,0.136720567,1.716003344,"6/10/2024","020502061204 Limestone Run"
"266","LR0-SR","Creek Chub",55,1.77,0.247973266,1.740362689,"6/10/2024","020502061204 Limestone Run"
"267","LR0-SR","Creek Chub",81,5.72,0.757396029,1.908485019,"6/10/2024","020502061204 Limestone Run"
"268","LS0-RA","Creek Chub",64,3,0.477121255,1.806179974,"6/1/2022","020503010103 Little Shamokin Creek"
"269","LS0-RA","Creek Chub",130,25.1,1.399673721,2.113943352,"6/1/2022","020503010103 Little Shamokin Creek"
"270","LS0-RA","Creek Chub",50,1.5,0.176091259,1.698970004,"6/1/2022","020503010103 Little Shamokin Creek"
"271","LS0-RA","Creek Chub",70,3.3,0.51851394,1.84509804,"6/1/2022","020503010103 Little Shamokin Creek"
"272","LS0-RA","Creek Chub",55,1.8,0.255272505,1.740362689,"6/1/2022","020503010103 Little Shamokin Creek"
"273","LS0-RA","Creek Chub",92,9.6,0.982271233,1.963787827,"6/1/2022","020503010103 Little Shamokin Creek"
"274","LS0-RA","Creek Chub",130,23,1.361727836,2.113943352,"6/1/2022","020503010103 Little Shamokin Creek"
"275","LS0-RA","Creek Chub",64,3.3,0.51851394,1.806179974,"6/1/2022","020503010103 Little Shamokin Creek"
"276","LS0-RA","Creek Chub",59,1.9,0.278753601,1.770852012,"6/1/2022","020503010103 Little Shamokin Creek"
"277","LS0-RA","Creek Chub",60,2.1,0.322219295,1.77815125,"6/1/2022","020503010103 Little Shamokin Creek"
"278","LS0-RA","Creek Chub",76,4.9,0.69019608,1.880813592,"6/1/2022","020503010103 Little Shamokin Creek"
"279","LS0-RA","Creek Chub",150,35.8,1.553883027,2.176091259,"6/1/2022","020503010103 Little Shamokin Creek"
"280","LS0-RA","Creek Chub",89,7.9,0.897627091,1.949390007,"6/1/2022","020503010103 Little Shamokin Creek"
"281","LS0-RA","Creek Chub",91,8.8,0.944482672,1.959041392,"6/1/2022","020503010103 Little Shamokin Creek"
"282","LS0-RA","Creek Chub",88,7.9,0.897627091,1.944482672,"6/1/2022","020503010103 Little Shamokin Creek"
"283","LS0-RA","Creek Chub",61,6.6,0.819543936,1.785329835,"6/1/2022","020503010103 Little Shamokin Creek"
"284","LS0-RA","Creek Chub",50,1.8,0.255272505,1.698970004,"6/1/2022","020503010103 Little Shamokin Creek"
"285","LS0-RA","Creek Chub",67,3,0.477121255,1.826074803,"6/1/2022","020503010103 Little Shamokin Creek"
"286","LS0-RA","Creek Chub",53,1.6,0.204119983,1.72427587,"6/1/2022","020503010103 Little Shamokin Creek"
"287","LS0-RA","Creek Chub",52,1.3,0.113943352,1.716003344,"6/1/2022","020503010103 Little Shamokin Creek"
"288","LS0-RA","Creek Chub",64,3,0.477121255,1.806179974,"6/1/2022","020503010103 Little Shamokin Creek"
"289","LS0-RA","Creek Chub",85,6.8,0.832508913,1.929418926,"6/1/2022","020503010103 Little Shamokin Creek"
"290","LS0-RA","Creek Chub",52,1.6,0.204119983,1.716003344,"6/1/2022","020503010103 Little Shamokin Creek"
"291","LS0-RA","Creek Chub",70,3.8,0.579783597,1.84509804,"6/1/2022","020503010103 Little Shamokin Creek"
"292","LS0-RA","Creek Chub",70,4.2,0.62324929,1.84509804,"6/1/2022","020503010103 Little Shamokin Creek"
"293","LS0-RA","Creek Chub",70,4.4,0.643452676,1.84509804,"6/1/2022","020503010103 Little Shamokin Creek"
"294","LS0-RA","Creek Chub",120,19.4,1.28780173,2.079181246,"6/1/2022","020503010103 Little Shamokin Creek"
"295","LS0-RA","Creek Chub",61,2.5,0.397940009,1.785329835,"6/1/2022","020503010103 Little Shamokin Creek"
"296","LS0-RA","Creek Chub",75,4.8,0.681241237,1.875061263,"6/1/2022","020503010103 Little Shamokin Creek"
"297","LS0-RA","Creek Chub",55,2,0.301029996,1.740362689,"6/1/2022","020503010103 Little Shamokin Creek"
"298","LS0-RA","Creek Chub",52,1.4,0.146128036,1.716003344,"6/1/2022","020503010103 Little Shamokin Creek"
"299","LS0-RA","Creek Chub",62,2.7,0.431363764,1.792391689,"6/1/2022","020503010103 Little Shamokin Creek"
"300","LS0-RA","Creek Chub",55,1.9,0.278753601,1.740362689,"6/1/2022","020503010103 Little Shamokin Creek"
"301","LS0-RA","Creek Chub",95,11.4,1.056904851,1.977723605,"6/1/2022","020503010103 Little Shamokin Creek"
"302","LS0-RA","Creek Chub",113,16.5,1.217483944,2.053078443,"6/1/2022","020503010103 Little Shamokin Creek"
"303","LU0-EL","Creek Chub",72,4.9,0.69019608,1.857332496,"6/2/2025","020502061206 Miller Run-Limestone Run"
"304","LU0-EL","Creek Chub",52,1.4,0.146128036,1.716003344,"6/2/2025","020502061206 Miller Run-Limestone Run"
"305","LU0-EL","Creek Chub",58,2.1,0.322219295,1.763427994,"6/2/2025","020502061206 Miller Run-Limestone Run"
"306","LU0-EL","Creek Chub",50,1.7,0.230448921,1.698970004,"6/2/2025","020502061206 Miller Run-Limestone Run"
"307","LU0-EL","Creek Chub",44,0.8,-0.096910013,1.643452676,"6/2/2025","020502061206 Miller Run-Limestone Run"
"308","LU0-EL","Creek Chub",86,7.4,0.86923172,1.934498451,"6/2/2025","020502061206 Miller Run-Limestone Run"
"309","LU0-EL","Creek Chub",111,16.5,1.217483944,2.045322979,"6/2/2025","020502061206 Miller Run-Limestone Run"
"310","LU0-EL","Creek Chub",75,4.7,0.672097858,1.875061263,"6/2/2025","020502061206 Miller Run-Limestone Run"
"311","LU0-EL","Creek Chub",62,2.5,0.397940009,1.792391689,"6/2/2025","020502061206 Miller Run-Limestone Run"
"312","LU0-EL","Creek Chub",42,0.6,-0.22184875,1.62324929,"6/2/2025","020502061206 Miller Run-Limestone Run"
"313","LU0-EL","Creek Chub",59,2,0.301029996,1.770852012,"6/2/2025","020502061206 Miller Run-Limestone Run"
"314","LU0-EL","Creek Chub",54,1.7,0.230448921,1.73239376,"6/2/2025","020502061206 Miller Run-Limestone Run"
"315","LU0-EL","Creek Chub",79,6.2,0.792391689,1.897627091,"6/2/2025","020502061206 Miller Run-Limestone Run"
"316","LU0-EL","Creek Chub",65,3,0.477121255,1.812913357,"6/2/2025","020502061206 Miller Run-Limestone Run"
"317","LU0-EL","Creek Chub",51,1.64,0.214843848,1.707570176,"6/2/2025","020502061206 Miller Run-Limestone Run"
"318","LU0-EL","Creek Chub",87,6.6,0.819543936,1.939519253,"6/2/2025","020502061206 Miller Run-Limestone Run"
"319","LU0-EL","Creek Chub",54,2,0.301029996,1.73239376,"6/2/2025","020502061206 Miller Run-Limestone Run"
"320","LU0-EL","Creek Chub",54,1.69,0.227886705,1.73239376,"6/2/2025","020502061206 Miller Run-Limestone Run"
"321","LU0-EL","Creek Chub",46,1.03,0.012837225,1.662757832,"6/2/2025","020502061206 Miller Run-Limestone Run"
"322","LU0-EL","Creek Chub",47,1.1,0.041392685,1.672097858,"6/2/2025","020502061206 Miller Run-Limestone Run"
"323","LU0-EL","Creek Chub",45,1,0,1.653212514,"6/2/2025","020502061206 Miller Run-Limestone Run"
"324","LU0-EL","Creek Chub",75,4.32,0.635483747,1.875061263,"6/2/2025","020502061206 Miller Run-Limestone Run"
"325","LU0-EL","Creek Chub",52,2.1,0.322219295,1.716003344,"6/2/2025","020502061206 Miller Run-Limestone Run"
"326","LU0-EL","Creek Chub",56,1.8,0.255272505,1.748188027,"6/2/2025","020502061206 Miller Run-Limestone Run"
"327","LU0-EL","Creek Chub",75,4.72,0.673941999,1.875061263,"6/2/2025","020502061206 Miller Run-Limestone Run"
"328","LU0-EL","Creek Chub",54,1.46,0.164352856,1.73239376,"6/2/2025","020502061206 Miller Run-Limestone Run"
"329","LU0-EL","Creek Chub",107,12.4,1.093421685,2.029383778,"6/2/2025","020502061206 Miller Run-Limestone Run"
"330","LU0-EL","Creek Chub",51,0.86,-0.065501549,1.707570176,"6/2/2025","020502061206 Miller Run-Limestone Run"
"331","LU0-EL","Creek Chub",51,2.2,0.342422681,1.707570176,"6/2/2025","020502061206 Miller Run-Limestone Run"
"332","Osborne.Kettle","Creek Chub",45,0.7,-0.15490196,1.653212514,"7/17/2023","020502030105 Middle Kettle Creek"
"333","Osborne.Kettle","Creek Chub",51,1.3,0.113943352,1.707570176,"7/17/2023","020502030105 Middle Kettle Creek"
"334","Osborne.Kettle","Creek Chub",81,4.6,0.662757832,1.908485019,"7/17/2023","020502030105 Middle Kettle Creek"
"335","Osborne.Kettle","Creek Chub",54,2,0.301029996,1.73239376,"7/17/2023","020502030105 Middle Kettle Creek"
"336","Osborne.Kettle","Creek Chub",80,4.4,0.643452676,1.903089987,"7/17/2023","020502030105 Middle Kettle Creek"
"337","Osborne.Kettle","Creek Chub",47,0.8,-0.096910013,1.672097858,"7/17/2023","020502030105 Middle Kettle Creek"
"338","Osborne.Kettle","Creek Chub",81,4.5,0.653212514,1.908485019,"7/17/2023","020502030105 Middle Kettle Creek"
"339","Osborne.Kettle","Creek Chub",57,2,0.301029996,1.755874856,"7/17/2023","020502030105 Middle Kettle Creek"
"340","Osborne.Kettle","Creek Chub",57,1.8,0.255272505,1.755874856,"7/17/2023","020502030105 Middle Kettle Creek"
"341","Osborne.Kettle","Creek Chub",51,1.5,0.176091259,1.707570176,"7/17/2023","020502030105 Middle Kettle Creek"
"342","Osborne.Kettle","Creek Chub",59,2.3,0.361727836,1.770852012,"7/17/2023","020502030105 Middle Kettle Creek"
"343","Osborne.Kettle","Creek Chub",69,3.6,0.556302501,1.838849091,"7/17/2023","020502030105 Middle Kettle Creek"
"344","Osborne.Kettle","Creek Chub",80,4.6,0.662757832,1.903089987,"7/17/2023","020502030105 Middle Kettle Creek"
"345","Osborne.Kettle","Creek Chub",75,5.9,0.770852012,1.875061263,"7/17/2023","020502030105 Middle Kettle Creek"
"346","Osborne.Kettle","Creek Chub",72,4.4,0.643452676,1.857332496,"7/17/2023","020502030105 Middle Kettle Creek"
"347","Osborne.Kettle","Creek Chub",78,4.6,0.662757832,1.892094603,"7/17/2023","020502030105 Middle Kettle Creek"
"348","Osborne.Kettle","Creek Chub",69,3,0.477121255,1.838849091,"7/17/2023","020502030105 Middle Kettle Creek"
"349","PC0-SS","Creek Chub",96,10.4,1.017033339,1.982271233,"6/8/2022","020503010202 Voneida Run-Pine Creek"
"350","PC0-SS","Creek Chub",50,1.4,0.146128036,1.698970004,"6/8/2022","020503010202 Voneida Run-Pine Creek"
"351","PC0-SS","Creek Chub",77,4.8,0.681241237,1.886490725,"6/8/2022","020503010202 Voneida Run-Pine Creek"
"352","PC0-SS","Creek Chub",79,4.5,0.653212514,1.897627091,"6/8/2022","020503010202 Voneida Run-Pine Creek"
"353","PC0-SS","Creek Chub",34,0.4,-0.397940009,1.531478917,"6/8/2022","020503010202 Voneida Run-Pine Creek"
"354","PC0-SS","Creek Chub",86,8.3,0.919078092,1.934498451,"6/8/2022","020503010202 Voneida Run-Pine Creek"
"355","PK0-BP","Creek Chub",53,1.41,0.149219113,1.72427587,"6/16/2025","020502060504 Plunketts Creek"
"356","PK0-BP","Creek Chub",50,1.37,0.136720567,1.698970004,"6/16/2025","020502060504 Plunketts Creek"
"357","PK0-BP","Creek Chub",74,4.68,0.670245853,1.86923172,"6/16/2025","020502060504 Plunketts Creek"
"358","PK0-BP","Creek Chub",52,1.4,0.146128036,1.716003344,"6/16/2025","020502060504 Plunketts Creek"
"359","PK0-BP","Creek Chub",72,4.29,0.632457292,1.857332496,"6/16/2025","020502060504 Plunketts Creek"
"360","PK0-BP","Creek Chub",54,1.72,0.235528447,1.73239376,"6/16/2025","020502060504 Plunketts Creek"
"361","PK0-BP","Creek Chub",58,1.92,0.283301229,1.763427994,"6/16/2025","020502060504 Plunketts Creek"
"362","PK0-BP","Creek Chub",48,1.09,0.037426498,1.681241237,"6/16/2025","020502060504 Plunketts Creek"
"363","PK0-BP","Creek Chub",81,6.24,0.79518459,1.908485019,"6/16/2025","020502060504 Plunketts Creek"
"364","PK0-BP","Creek Chub",64,2.62,0.418301291,1.806179974,"6/16/2025","020502060504 Plunketts Creek"
"365","PK0-BP","Creek Chub",47,1.09,0.037426498,1.672097858,"6/16/2025","020502060504 Plunketts Creek"
"366","PK0-BP","Creek Chub",101,10.56,1.023663918,2.004321374,"6/16/2025","020502060504 Plunketts Creek"
"367","PK0-BP","Creek Chub",74,4.2,0.62324929,1.86923172,"6/16/2025","020502060504 Plunketts Creek"
"368","PK0-BP","Creek Chub",105,12.03,1.080265627,2.021189299,"6/16/2025","020502060504 Plunketts Creek"
"369","PK0-BP","Creek Chub",63,2.73,0.436162647,1.799340549,"6/16/2025","020502060504 Plunketts Creek"
"370","PK0-BP","Creek Chub",69,3.82,0.582063363,1.838849091,"6/16/2025","020502060504 Plunketts Creek"
"371","PK0-BP","Creek Chub",57,1.84,0.264817823,1.755874856,"6/16/2025","020502060504 Plunketts Creek"
"372","PK0-BP","Creek Chub",104,11.83,1.072984745,2.017033339,"6/16/2025","020502060504 Plunketts Creek"
"373","PK0-BP","Creek Chub",58,2.38,0.376576957,1.763427994,"6/16/2025","020502060504 Plunketts Creek"
"374","PK0-BP","Creek Chub",58,1.96,0.292256071,1.763427994,"6/16/2025","020502060504 Plunketts Creek"
"375","PK0-BP","Creek Chub",60,2.18,0.338456494,1.77815125,"6/16/2025","020502060504 Plunketts Creek"
"376","PK0-BP","Creek Chub",63,2.37,0.374748346,1.799340549,"6/16/2025","020502060504 Plunketts Creek"
"377","PK0-BP","Creek Chub",56,1.83,0.26245109,1.748188027,"6/16/2025","020502060504 Plunketts Creek"
"378","PK0-BP","Creek Chub",52,1.42,0.152288344,1.716003344,"6/16/2025","020502060504 Plunketts Creek"
"379","PK0-BP","Creek Chub",58,1.99,0.298853076,1.763427994,"6/16/2025","020502060504 Plunketts Creek"
"380","PK0-BP","Creek Chub",104,12.23,1.087426457,2.017033339,"6/16/2025","020502060504 Plunketts Creek"
"381","PK0-BP","Creek Chub",61,2.47,0.392696953,1.785329835,"6/16/2025","020502060504 Plunketts Creek"
"382","PK0-BP","Creek Chub",47,0.99,-0.004364805,1.672097858,"6/16/2025","020502060504 Plunketts Creek"
"383","PK0-BP","Creek Chub",57,1.93,0.285557309,1.755874856,"6/16/2025","020502060504 Plunketts Creek"
"384","PK0-BP","Creek Chub",50,1.19,0.075546961,1.698970004,"6/16/2025","020502060504 Plunketts Creek"
"385","PK0-BP","Creek Chub",43,0.86,-0.065501549,1.633468456,"6/25/2024","020502060504 Plunketts Creek"
"386","PK0-BP","Creek Chub",65,2.99,0.475671188,1.812913357,"6/25/2024","020502060504 Plunketts Creek"
"387","PK0-BP","Creek Chub",61,2.35,0.371067862,1.785329835,"6/25/2024","020502060504 Plunketts Creek"
"388","PK0-BP","Creek Chub",97,9.99,0.999565488,1.986771734,"6/25/2024","020502060504 Plunketts Creek"
"389","PK0-BP","Creek Chub",64,2.64,0.421603927,1.806179974,"6/25/2024","020502060504 Plunketts Creek"
"390","PK0-BP","Creek Chub",41,0.5,-0.301029996,1.612783857,"6/13/2023","020502060504 Plunketts Creek"
"391","PK0-BP","Creek Chub",63,2.8,0.447158031,1.799340549,"6/13/2023","020502060504 Plunketts Creek"
"392","PK0-BP","Creek Chub",70,3.1,0.491361694,1.84509804,"6/13/2023","020502060504 Plunketts Creek"
"393","PK0-BP","Creek Chub",44,0.8,-0.096910013,1.643452676,"6/13/2023","020502060504 Plunketts Creek"
"394","PK0-BP","Creek Chub",40,0.6,-0.22184875,1.602059991,"6/13/2023","020502060504 Plunketts Creek"
"395","PK0-BP","Creek Chub",59,2.1,0.322219295,1.770852012,"6/13/2023","020502060504 Plunketts Creek"
"396","PK0-BP","Creek Chub",42,0.7,-0.15490196,1.62324929,"6/13/2023","020502060504 Plunketts Creek"
"397","PK0-BP","Creek Chub",92,8.5,0.929418926,1.963787827,"6/13/2023","020502060504 Plunketts Creek"
"398","PK0-BP","Creek Chub",43,0.7,-0.15490196,1.633468456,"6/13/2023","020502060504 Plunketts Creek"
"399","PK0-BP","Creek Chub",37,0.5,-0.301029996,1.568201724,"6/13/2023","020502060504 Plunketts Creek"
"400","PK0-BP","Creek Chub",40,0.5,-0.301029996,1.602059991,"6/13/2023","020502060504 Plunketts Creek"
"401","PK0-BP","Creek Chub",42,0.7,-0.15490196,1.62324929,"6/13/2023","020502060504 Plunketts Creek"
"402","PK0-BP","Creek Chub",54,1.7,0.230448921,1.73239376,"6/13/2023","020502060504 Plunketts Creek"
"403","PK0-BP","Creek Chub",62,2.6,0.414973348,1.792391689,"6/13/2023","020502060504 Plunketts Creek"
"404","PK0-BP","Creek Chub",43,0.8,-0.096910013,1.633468456,"6/13/2023","020502060504 Plunketts Creek"
"405","PK0-BP","Creek Chub",56,1.6,0.204119983,1.748188027,"6/13/2023","020502060504 Plunketts Creek"
"406","PK0-BP","Creek Chub",109,14.2,1.152288344,2.037426498,"6/13/2023","020502060504 Plunketts Creek"
"407","PK0-BP","Creek Chub",54,1.4,0.146128036,1.73239376,"6/13/2023","020502060504 Plunketts Creek"
"408","PK0-BP","Creek Chub",68,3.3,0.51851394,1.832508913,"6/13/2023","020502060504 Plunketts Creek"
"409","PK0-BP","Creek Chub",65,2.8,0.447158031,1.812913357,"6/13/2023","020502060504 Plunketts Creek"
"410","PK0-BP","Creek Chub",53,1.61,0.206825876,1.72427587,"6/25/2024","020502060504 Plunketts Creek"
"411","PK0-BP","Creek Chub",62,2.68,0.428134794,1.792391689,"6/25/2024","020502060504 Plunketts Creek"
"412","PK0-BP","Creek Chub",63,2.5,0.397940009,1.799340549,"6/25/2024","020502060504 Plunketts Creek"
"413","PK0-BP","Creek Chub",70,3.67,0.564666064,1.84509804,"6/25/2024","020502060504 Plunketts Creek"
"414","PK0-BP","Creek Chub",59,3.02,0.480006943,1.770852012,"6/25/2024","020502060504 Plunketts Creek"
"415","PK0-BP","Creek Chub",53,2.1,0.322219295,1.72427587,"6/25/2024","020502060504 Plunketts Creek"
"416","PK0-BP","Creek Chub",79,5.16,0.712649702,1.897627091,"6/25/2024","020502060504 Plunketts Creek"
"417","PK0-BP","Creek Chub",85,5.87,0.768638101,1.929418926,"6/25/2024","020502060504 Plunketts Creek"
"418","PK0-BP","Creek Chub",62,2.32,0.365487985,1.792391689,"6/25/2024","020502060504 Plunketts Creek"
"419","PK0-BP","Creek Chub",61,3.39,0.530199698,1.785329835,"6/25/2024","020502060504 Plunketts Creek"
"420","PK0-BP","Creek Chub",52,1.36,0.133538908,1.716003344,"6/25/2024","020502060504 Plunketts Creek"
"421","PK0-BP","Creek Chub",70,3.73,0.571708832,1.84509804,"6/25/2024","020502060504 Plunketts Creek"
"422","PK0-BP","Creek Chub",61,2.3,0.361727836,1.785329835,"6/25/2024","020502060504 Plunketts Creek"
"423","PK0-BP","Creek Chub",62,2.34,0.369215857,1.792391689,"6/25/2024","020502060504 Plunketts Creek"
"424","PK0-BP","Creek Chub",54,1.65,0.217483944,1.73239376,"6/25/2024","020502060504 Plunketts Creek"
"425","PK0-BP","Creek Chub",55,1.66,0.220108088,1.740362689,"6/25/2024","020502060504 Plunketts Creek"
"426","PK0-BP","Creek Chub",63,2,0.301029996,1.799340549,"6/25/2024","020502060504 Plunketts Creek"
"427","PK0-BP","Creek Chub",66,2.33,0.367355921,1.819543936,"6/25/2024","020502060504 Plunketts Creek"
"428","PK0-BP","Creek Chub",53,1.69,0.227886705,1.72427587,"6/25/2024","020502060504 Plunketts Creek"
"429","PK0-BP","Creek Chub",55,1.3,0.113943352,1.740362689,"6/13/2023","020502060504 Plunketts Creek"
"430","PK0-BP","Creek Chub",50,1.2,0.079181246,1.698970004,"6/13/2023","020502060504 Plunketts Creek"
"431","PK0-BP","Creek Chub",48,1.2,0.079181246,1.681241237,"6/13/2023","020502060504 Plunketts Creek"
"432","PK0-BP","Creek Chub",61,2.3,0.361727836,1.785329835,"6/13/2023","020502060504 Plunketts Creek"
"433","PK0-BP","Creek Chub",48,1.2,0.079181246,1.681241237,"6/13/2023","020502060504 Plunketts Creek"
"434","PK0-BP","Creek Chub",90,7.56,0.878521796,1.954242509,"6/25/2024","020502060504 Plunketts Creek"
"435","PK0-BP","Creek Chub",52,1.46,0.164352856,1.716003344,"6/25/2024","020502060504 Plunketts Creek"
"436","PK0-BP","Creek Chub",91,8.23,0.915399835,1.959041392,"6/25/2024","020502060504 Plunketts Creek"
"437","PK0-BP","Creek Chub",64,2.26,0.354108439,1.806179974,"6/25/2024","020502060504 Plunketts Creek"
"438","PK0-BP","Creek Chub",42,0.7,-0.15490196,1.62324929,"6/13/2023","020502060504 Plunketts Creek"
"439","PK0-BP","Creek Chub",30,0.2,-0.698970004,1.477121255,"6/13/2023","020502060504 Plunketts Creek"
"440","PK0-BP","Creek Chub",63,2.7,0.431363764,1.799340549,"6/13/2023","020502060504 Plunketts Creek"
"441","PK0-BP","Creek Chub",37,0.5,-0.301029996,1.568201724,"6/13/2023","020502060504 Plunketts Creek"
"442","PK0-BP","Creek Chub",72,4.2,0.62324929,1.857332496,"6/13/2023","020502060504 Plunketts Creek"
"443","PK0-BP","Creek Chub",65,2.77,0.442479769,1.812913357,"6/25/2024","020502060504 Plunketts Creek"
"444","PK0-BP","Creek Chub",57,2.01,0.303196057,1.755874856,"6/25/2024","020502060504 Plunketts Creek"
"445","PK0-CH-W","Creek Chub",60,2.01,0.303196057,1.77815125,"6/18/2024","020502060504 Plunketts Creek"
"446","PK0-CH-W","Creek Chub",56,1.66,0.220108088,1.748188027,"6/18/2024","020502060504 Plunketts Creek"
"447","PK0-CH-W","Creek Chub",135,23.83,1.377124042,2.130333768,"6/18/2024","020502060504 Plunketts Creek"
"448","PK0-CH-W","Creek Chub",51,1.3,0.113943352,1.707570176,"6/13/2023","020502060504 Plunketts Creek"
"449","PK0-CH-W","Creek Chub",46,1.05,0.021189299,1.662757832,"6/10/2025","020502060504 Plunketts Creek"
"450","PK0-CH-W","Creek Chub",66,2.76,0.440909082,1.819543936,"6/10/2025","020502060504 Plunketts Creek"
"451","PK0-CH-W","Creek Chub",69,3.47,0.540329475,1.838849091,"6/10/2025","020502060504 Plunketts Creek"
"452","PK0-CH-W","Creek Chub",55,1.48,0.170261715,1.740362689,"6/18/2024","020502060504 Plunketts Creek"
"453","PK0-CH-W","Creek Chub",58,1.8,0.255272505,1.763427994,"6/13/2023","020502060504 Plunketts Creek"
"454","PK0-CH-W","Creek Chub",95,7.8,0.892094603,1.977723605,"6/13/2023","020502060504 Plunketts Creek"
"455","PK0-CH-W","Creek Chub",61,2.2,0.342422681,1.785329835,"6/13/2023","020502060504 Plunketts Creek"
"456","PK0-CH-W","Creek Chub",53,1.4,0.146128036,1.72427587,"6/13/2023","020502060504 Plunketts Creek"
"457","PK0-CH-W","Creek Chub",84,4.9,0.69019608,1.924279286,"6/13/2023","020502060504 Plunketts Creek"
"458","PK0-CH-W","Creek Chub",76,4.4,0.643452676,1.880813592,"6/13/2023","020502060504 Plunketts Creek"
"459","PK0-CH-W","Creek Chub",52,1.5,0.176091259,1.716003344,"6/13/2023","020502060504 Plunketts Creek"
"460","PK0-CH-W","Creek Chub",61,2.36,0.372912003,1.785329835,"6/10/2025","020502060504 Plunketts Creek"
"461","PK0-CH-W","Creek Chub",60,2.56,0.408239965,1.77815125,"6/10/2025","020502060504 Plunketts Creek"
"462","PK0-CH-W","Creek Chub",66,2.96,0.471291711,1.819543936,"6/10/2025","020502060504 Plunketts Creek"
"463","PK0-CH-W","Creek Chub",65,2.9,0.462397998,1.812913357,"6/10/2025","020502060504 Plunketts Creek"
"464","PK0-CH-W","Creek Chub",56,1.78,0.250420002,1.748188027,"6/10/2025","020502060504 Plunketts Creek"
"465","PK0-CH-W","Creek Chub",66,2.38,0.376576957,1.819543936,"6/10/2025","020502060504 Plunketts Creek"
"466","PK0-CH-W","Creek Chub",55,1.95,0.290034611,1.740362689,"6/10/2025","020502060504 Plunketts Creek"
"467","PK0-CH-W","Creek Chub",57,2,0.301029996,1.755874856,"6/10/2025","020502060504 Plunketts Creek"
"468","PK0-CH-W","Creek Chub",100,9.46,0.975891136,2,"6/10/2025","020502060504 Plunketts Creek"
"469","PK0-CH-W","Creek Chub",66,2.96,0.471291711,1.819543936,"6/10/2025","020502060504 Plunketts Creek"
"470","PK0-CH-W","Creek Chub",65,2.97,0.472756449,1.812913357,"6/10/2025","020502060504 Plunketts Creek"
"471","PK0-CH-W","Creek Chub",97,1.07,0.029383778,1.986771734,"6/10/2025","020502060504 Plunketts Creek"
"472","PK0-CH-W","Creek Chub",93,7.62,0.881954971,1.968482949,"6/10/2025","020502060504 Plunketts Creek"
"473","PK0-CH-W","Creek Chub",53,1.96,0.292256071,1.72427587,"6/10/2025","020502060504 Plunketts Creek"
"474","PK0-CH-W","Creek Chub",104,16.32,1.212720154,2.017033339,"6/10/2025","020502060504 Plunketts Creek"
"475","PK0-CH-W","Creek Chub",54,1.71,0.23299611,1.73239376,"6/10/2025","020502060504 Plunketts Creek"
"476","PK0-CH-W","Creek Chub",65,2.99,0.475671188,1.812913357,"6/10/2025","020502060504 Plunketts Creek"
"477","PK0-CH-W","Creek Chub",87,6.4,0.806179974,1.939519253,"6/10/2025","020502060504 Plunketts Creek"
"478","PK0-CH-W","Creek Chub",60,2.9,0.462397998,1.77815125,"6/21/2022","020502060504 Plunketts Creek"
"479","PK0-CH-W","Creek Chub",68,3.7,0.568201724,1.832508913,"6/21/2022","020502060504 Plunketts Creek"
"480","PK0-CH-W","Creek Chub",63,2.9,0.462397998,1.799340549,"6/21/2022","020502060504 Plunketts Creek"
"481","PK0-CH-W","Creek Chub",64,2.7,0.431363764,1.806179974,"6/21/2022","020502060504 Plunketts Creek"
"482","PK0-CH-W","Creek Chub",69,3.4,0.531478917,1.838849091,"6/21/2022","020502060504 Plunketts Creek"
"483","PK0-CH-W","Creek Chub",53,1,0,1.72427587,"6/21/2022","020502060504 Plunketts Creek"
"484","PK0-CH-W","Creek Chub",70,3.11,0.492760389,1.84509804,"6/10/2025","020502060504 Plunketts Creek"
"485","PK0-CH-W","Creek Chub",53,1.6,0.204119983,1.72427587,"6/21/2022","020502060504 Plunketts Creek"
"486","PK0-CH-W","Creek Chub",42,0.8,-0.096910013,1.62324929,"6/21/2022","020502060504 Plunketts Creek"
"487","PK0-CH-W","Creek Chub",57,1.76,0.245512668,1.755874856,"6/10/2025","020502060504 Plunketts Creek"
"488","PK0-CH-W","Creek Chub",94,8.07,0.906873535,1.973127854,"6/10/2025","020502060504 Plunketts Creek"
"489","PK0-CH-W","Creek Chub",50,1.4,0.146128036,1.698970004,"6/21/2022","020502060504 Plunketts Creek"
"490","PK0-CH-W","Creek Chub",58,2.2,0.342422681,1.763427994,"6/21/2022","020502060504 Plunketts Creek"
"491","PK0-CH-W","Creek Chub",87,7,0.84509804,1.939519253,"6/13/2023","020502060504 Plunketts Creek"
"492","PK0-CH-W","Creek Chub",83,6.3,0.799340549,1.919078092,"6/13/2023","020502060504 Plunketts Creek"
"493","PK0-CH-W","Creek Chub",56,1.9,0.278753601,1.748188027,"6/13/2023","020502060504 Plunketts Creek"
"494","PK0-CH-W","Creek Chub",50,1.2,0.079181246,1.698970004,"6/13/2023","020502060504 Plunketts Creek"
"495","PK0-CH-W","Creek Chub",55,1.6,0.204119983,1.740362689,"6/13/2023","020502060504 Plunketts Creek"
"496","PK0-CH-W","Creek Chub",76,4.5,0.653212514,1.880813592,"6/13/2023","020502060504 Plunketts Creek"
"497","PK0-CH-W","Creek Chub",95,9.5,0.977723605,1.977723605,"6/13/2023","020502060504 Plunketts Creek"
"498","PK0-CH-W","Creek Chub",61,2.8,0.447158031,1.785329835,"6/21/2022","020502060504 Plunketts Creek"
"499","PK0-CH-W","Creek Chub",58,2.2,0.342422681,1.763427994,"6/21/2022","020502060504 Plunketts Creek"
"500","PK0-CH-W","Creek Chub",59,2.3,0.361727836,1.770852012,"6/21/2022","020502060504 Plunketts Creek"
"501","PK0-CH-W","Creek Chub",47,1.1,0.041392685,1.672097858,"6/21/2022","020502060504 Plunketts Creek"
"502","PK0-CH-W","Creek Chub",75,4.25,0.62838893,1.875061263,"6/18/2024","020502060504 Plunketts Creek"
"503","PK0-CH-W","Creek Chub",72,3.77,0.57634135,1.857332496,"6/18/2024","020502060504 Plunketts Creek"
"504","PK0-CH-W","Creek Chub",168,50.15,1.700270937,2.225309282,"6/18/2024","020502060504 Plunketts Creek"
"505","PK0-CH-W","Creek Chub",63,2.42,0.383815366,1.799340549,"6/18/2024","020502060504 Plunketts Creek"
"506","PK0-CH-W","Creek Chub",62,2.6,0.414973348,1.792391689,"6/21/2022","020502060504 Plunketts Creek"
"507","PK0-CH-W","Creek Chub",43,0.5,-0.301029996,1.633468456,"6/21/2022","020502060504 Plunketts Creek"
"508","PK0-CH-W","Creek Chub",58,1.8,0.255272505,1.763427994,"6/21/2022","020502060504 Plunketts Creek"
"509","PK0-CH-W","Creek Chub",67,3.5,0.544068044,1.826074803,"6/21/2022","020502060504 Plunketts Creek"
"510","PK0-CH-W","Creek Chub",51,1.3,0.113943352,1.707570176,"6/21/2022","020502060504 Plunketts Creek"
"511","PK0-CH-W","Creek Chub",54,1.7,0.230448921,1.73239376,"6/13/2023","020502060504 Plunketts Creek"
"512","PK0-CH-W","Creek Chub",60,2.6,0.414973348,1.77815125,"6/13/2023","020502060504 Plunketts Creek"
"513","PK0-CH-W","Creek Chub",52,1.3,0.113943352,1.716003344,"6/13/2023","020502060504 Plunketts Creek"
"514","PK0-CH-W","Creek Chub",84,5.3,0.72427587,1.924279286,"6/13/2023","020502060504 Plunketts Creek"
"515","PK0-CH-W","Creek Chub",54,1.5,0.176091259,1.73239376,"6/21/2022","020502060504 Plunketts Creek"
"516","PK0-CH-W","Creek Chub",58,2.1,0.322219295,1.763427994,"6/21/2022","020502060504 Plunketts Creek"
"517","PK0-CH-W","Creek Chub",71,4.1,0.612783857,1.851258349,"6/21/2022","020502060504 Plunketts Creek"
"518","PK0-CH-W","Creek Chub",50,1.3,0.113943352,1.698970004,"6/21/2022","020502060504 Plunketts Creek"
"519","PK0-CH-W","Creek Chub",50,1.2,0.079181246,1.698970004,"6/21/2022","020502060504 Plunketts Creek"
"520","PK0-CH-W","Creek Chub",51,1.4,0.146128036,1.707570176,"6/21/2022","020502060504 Plunketts Creek"
"521","PK0-CH-W","Creek Chub",50,1.2,0.079181246,1.698970004,"6/21/2022","020502060504 Plunketts Creek"
"522","PK0-CH-W","Creek Chub",52,1.6,0.204119983,1.716003344,"6/21/2022","020502060504 Plunketts Creek"
"523","PK0-CH-W","Creek Chub",60,2.7,0.431363764,1.77815125,"6/21/2022","020502060504 Plunketts Creek"
"524","PK0-CH-W","Creek Chub",92,8.5,0.929418926,1.963787827,"6/21/2022","020502060504 Plunketts Creek"
"525","PK0-CH-W","Creek Chub",55,1.7,0.230448921,1.740362689,"6/21/2022","020502060504 Plunketts Creek"
"526","PK0-CH-W","Creek Chub",58,2.1,0.322219295,1.763427994,"6/21/2022","020502060504 Plunketts Creek"
"527","PK0-CH-W","Creek Chub",55,1.7,0.230448921,1.740362689,"6/21/2022","020502060504 Plunketts Creek"
"528","PK0-CH-W","Creek Chub",61,2,0.301029996,1.785329835,"6/21/2022","020502060504 Plunketts Creek"
"529","PK0-CH-W","Creek Chub",54,1.36,0.133538908,1.73239376,"6/18/2024","020502060504 Plunketts Creek"
"530","PK0-CH-W","Creek Chub",106,10.88,1.036628895,2.025305865,"6/18/2024","020502060504 Plunketts Creek"
"531","PK0-CH-W","Creek Chub",106,11.66,1.06669855,2.025305865,"6/18/2024","020502060504 Plunketts Creek"
"532","PK0-CH-W","Creek Chub",56,1.89,0.276461804,1.748188027,"6/18/2024","020502060504 Plunketts Creek"
"533","PK0-CH-W","Creek Chub",129,22.08,1.343999069,2.11058971,"6/18/2024","020502060504 Plunketts Creek"
"534","PK0-CH-W","Creek Chub",46,0.8,-0.096910013,1.662757832,"6/21/2022","020502060504 Plunketts Creek"
"535","PK0-CH-W","Creek Chub",65,2.3,0.361727836,1.812913357,"6/13/2023","020502060504 Plunketts Creek"
"536","PK0-CH-W","Creek Chub",55,1.9,0.278753601,1.740362689,"6/13/2023","020502060504 Plunketts Creek"
"537","PK0-CH-W","Creek Chub",92,7.21,0.857935265,1.963787827,"6/18/2024","020502060504 Plunketts Creek"
"538","PK0-CH-W","Creek Chub",58,2.14,0.330413773,1.763427994,"6/18/2024","020502060504 Plunketts Creek"
"539","PK0-CH-W","Creek Chub",56,1.72,0.235528447,1.748188027,"6/18/2024","020502060504 Plunketts Creek"
"540","PK0-CH-W","Creek Chub",75,4.03,0.605305046,1.875061263,"6/18/2024","020502060504 Plunketts Creek"
"541","PK0-CH-W","Creek Chub",70,3.36,0.526339277,1.84509804,"6/18/2024","020502060504 Plunketts Creek"
"542","PK0-CH-W","Creek Chub",66,2.98,0.474216264,1.819543936,"6/18/2024","020502060504 Plunketts Creek"
"543","PK0-CH-W","Creek Chub",84,5.69,0.755112266,1.924279286,"6/18/2024","020502060504 Plunketts Creek"
"544","PK0-CH-W","Creek Chub",49,1.3,0.113943352,1.69019608,"6/21/2022","020502060504 Plunketts Creek"
"545","PK0-CH-W","Creek Chub",44,0.9,-0.045757491,1.643452676,"6/13/2023","020502060504 Plunketts Creek"
"546","PK0-CH-W","Creek Chub",54,1.5,0.176091259,1.73239376,"6/13/2023","020502060504 Plunketts Creek"
"547","PK0-CH-W","Creek Chub",48,1,0,1.681241237,"6/13/2023","020502060504 Plunketts Creek"
"548","PK0-CH-W","Creek Chub",52,1.3,0.113943352,1.716003344,"6/13/2023","020502060504 Plunketts Creek"
"549","PK0-CH-W","Creek Chub",106,10.92,1.038222638,2.025305865,"6/18/2024","020502060504 Plunketts Creek"
"550","PK0-CH-W","Creek Chub",106,10.94,1.039017322,2.025305865,"6/18/2024","020502060504 Plunketts Creek"
"551","PK0-CH-W","Creek Chub",49,1.28,0.10720997,1.69019608,"6/18/2024","020502060504 Plunketts Creek"
"552","PK0-CH-W","Creek Chub",51,1.6,0.204119983,1.707570176,"6/21/2022","020502060504 Plunketts Creek"
"553","PK0-CH-W","Creek Chub",103,10.54,1.022840611,2.012837225,"6/18/2024","020502060504 Plunketts Creek"
"554","PK0-CH-W","Creek Chub",84,4.93,0.692846919,1.924279286,"6/10/2025","020502060504 Plunketts Creek"
"555","PK0-CH-W","Creek Chub",123,18.84,1.275080898,2.089905111,"6/10/2025","020502060504 Plunketts Creek"
"556","PK0-CH-W","Creek Chub",98,5.81,0.764176132,1.991226076,"6/10/2025","020502060504 Plunketts Creek"
"557","PK0-CH-W","Creek Chub",88,5.94,0.773786445,1.944482672,"6/18/2024","020502060504 Plunketts Creek"
"558","PK0-CH-W","Creek Chub",157,36.45,1.561697533,2.195899652,"6/10/2025","020502060504 Plunketts Creek"
"559","PK0-CH-W","Creek Chub",88,5.93,0.773054693,1.944482672,"6/10/2025","020502060504 Plunketts Creek"
"560","PK0-CH-W","Creek Chub",81,5.74,0.758911892,1.908485019,"6/10/2025","020502060504 Plunketts Creek"
"561","PK0-CH-W","Creek Chub",61,2.41,0.382017043,1.785329835,"6/18/2024","020502060504 Plunketts Creek"
"562","PK0-CH-W","Creek Chub",70,3.49,0.542825427,1.84509804,"6/18/2024","020502060504 Plunketts Creek"
"563","PK0-CH-W","Creek Chub",57,1.84,0.264817823,1.755874856,"6/18/2024","020502060504 Plunketts Creek"
"564","PK0-KC","Creek Chub",111,13.53,1.131297797,2.045322979,"6/16/2025","020502060504 Plunketts Creek"
"565","PK0-KC","Creek Chub",56,1.8,0.255272505,1.748188027,"6/21/2022","020502060504 Plunketts Creek"
"566","PK0-KC","Creek Chub",51,1.08,0.033423755,1.707570176,"6/20/2024","020502060504 Plunketts Creek"
"567","PK0-KC","Creek Chub",64,2.86,0.456366033,1.806179974,"6/20/2024","020502060504 Plunketts Creek"
"568","PK0-KC","Creek Chub",71,3.44,0.536558443,1.851258349,"6/20/2024","020502060504 Plunketts Creek"
"569","PK0-KC","Creek Chub",60,2,0.301029996,1.77815125,"6/21/2022","020502060504 Plunketts Creek"
"570","PK0-KC","Creek Chub",83,6.04,0.781036939,1.919078092,"6/20/2024","020502060504 Plunketts Creek"
"571","PK0-KC","Creek Chub",77,5.4,0.73239376,1.886490725,"6/21/2022","020502060504 Plunketts Creek"
"572","PK0-KC","Creek Chub",68,3.31,0.519827994,1.832508913,"6/20/2024","020502060504 Plunketts Creek"
"573","PK0-KC","Creek Chub",69,3.31,0.519827994,1.838849091,"6/20/2024","020502060504 Plunketts Creek"
"574","PK0-KC","Creek Chub",67,3.31,0.519827994,1.826074803,"6/20/2024","020502060504 Plunketts Creek"
"575","PK0-KC","Creek Chub",62,2.69,0.42975228,1.792391689,"6/20/2024","020502060504 Plunketts Creek"
"576","PK0-KC","Creek Chub",62,2.67,0.426511261,1.792391689,"6/16/2025","020502060504 Plunketts Creek"
"577","PK0-KC","Creek Chub",61,2.56,0.408239965,1.785329835,"6/20/2024","020502060504 Plunketts Creek"
"578","PK0-RK","Creek Chub",64,2.96,0.471291711,1.806179974,"6/18/2025","020502060504 Plunketts Creek"
"579","PK0-RK","Creek Chub",63,2.5,0.397940009,1.799340549,"6/22/2022","020502060504 Plunketts Creek"
"580","PK0-RK","Creek Chub",59,2.3,0.361727836,1.770852012,"6/22/2022","020502060504 Plunketts Creek"
"581","PK0-RK","Creek Chub",56,2,0.301029996,1.748188027,"6/22/2022","020502060504 Plunketts Creek"
"582","PK0-RK","Creek Chub",67,3.2,0.505149978,1.826074803,"6/22/2022","020502060504 Plunketts Creek"
"583","PK0-RK","Creek Chub",87,7,0.84509804,1.939519253,"6/22/2022","020502060504 Plunketts Creek"
"584","PK0-RK","Creek Chub",63,2.6,0.414973348,1.799340549,"6/22/2022","020502060504 Plunketts Creek"
"585","PK0-RK","Creek Chub",58,2,0.301029996,1.763427994,"6/22/2022","020502060504 Plunketts Creek"
"586","PK0-RK","Creek Chub",53,1.4,0.146128036,1.72427587,"6/22/2022","020502060504 Plunketts Creek"
"587","PK0-RK","Creek Chub",62,2.48,0.394451681,1.792391689,"6/18/2025","020502060504 Plunketts Creek"
"588","PK0-RK","Creek Chub",67,3.1,0.491361694,1.826074803,"6/22/2022","020502060504 Plunketts Creek"
"589","PK0-RK","Creek Chub",92,10,1,1.963787827,"6/22/2022","020502060504 Plunketts Creek"
"590","PK0-RK","Creek Chub",93,7.9,0.897627091,1.968482949,"6/18/2025","020502060504 Plunketts Creek"
"591","PK0-RK","Creek Chub",55,1.6,0.204119983,1.740362689,"6/18/2025","020502060504 Plunketts Creek"
"592","PK0-RK","Creek Chub",90,7.08,0.850033258,1.954242509,"6/18/2025","020502060504 Plunketts Creek"
"593","PK0-RK","Creek Chub",89,6.66,0.823474229,1.949390007,"6/18/2025","020502060504 Plunketts Creek"
"594","PK0-RK","Creek Chub",92,9.05,0.956648579,1.963787827,"6/18/2025","020502060504 Plunketts Creek"
"595","PK0-RK","Creek Chub",44,0.91,-0.040958608,1.643452676,"6/18/2025","020502060504 Plunketts Creek"
"596","PK0-RK","Creek Chub",57,1.83,0.26245109,1.755874856,"6/26/2024","020502060504 Plunketts Creek"
"597","PK0-RK","Creek Chub",69,3.41,0.532754379,1.838849091,"6/26/2024","020502060504 Plunketts Creek"
"598","Scar.Loyalsock","Creek Chub",83,6.31,0.800029359,1.919078092,"6/28/2024","020502060503 Ogdonia Creek-Loyalsock Creek"
"599","Sherman.UpperLoyalsock","Creek Chub",80,5.1,0.707570176,1.903089987,"6/27/2023","020502060302 Glass Creek-Loyalsock Creek"
"600","Sherman.UpperLoyalsock","Creek Chub",79,4.7,0.672097858,1.897627091,"6/27/2023","020502060302 Glass Creek-Loyalsock Creek"
"601","Sherman.UpperLoyalsock","Creek Chub",97,8.2,0.913813852,1.986771734,"6/27/2023","020502060302 Glass Creek-Loyalsock Creek"
"602","Sherman.UpperLoyalsock","Creek Chub",113,12.8,1.10720997,2.053078443,"6/27/2023","020502060302 Glass Creek-Loyalsock Creek"
"603","Sherman.UpperLoyalsock","Creek Chub",88,6.6,0.819543936,1.944482672,"6/27/2023","020502060302 Glass Creek-Loyalsock Creek"
"604","Sherman.UpperLoyalsock","Creek Chub",55,1.9,0.278753601,1.740362689,"6/27/2023","020502060302 Glass Creek-Loyalsock Creek"
"605","Sherman.UpperLoyalsock","Creek Chub",63,2.6,0.414973348,1.799340549,"6/27/2023","020502060302 Glass Creek-Loyalsock Creek"
"606","Sherman.UpperLoyalsock","Creek Chub",164,40.1,1.603144373,2.214843848,"6/27/2023","020502060302 Glass Creek-Loyalsock Creek"
"607","Sherman.UpperLoyalsock","Creek Chub",57,1.8,0.255272505,1.755874856,"6/27/2023","020502060302 Glass Creek-Loyalsock Creek"
"608","Sherman.UpperLoyalsock","Creek Chub",76,4.1,0.612783857,1.880813592,"6/27/2023","020502060302 Glass Creek-Loyalsock Creek"
"609","Sherman.UpperLoyalsock","Creek Chub",108,9.8,0.991226076,2.033423755,"6/27/2023","020502060302 Glass Creek-Loyalsock Creek"
"610","Sherman.UpperLoyalsock","Creek Chub",111,14,1.146128036,2.045322979,"6/27/2023","020502060302 Glass Creek-Loyalsock Creek"
"611","Sherman.UpperLoyalsock","Creek Chub",109,10.5,1.021189299,2.037426498,"6/27/2023","020502060302 Glass Creek-Loyalsock Creek"
"612","Sherman.UpperLoyalsock","Creek Chub",151,36.4,1.561101384,2.178976947,"6/27/2023","020502060302 Glass Creek-Loyalsock Creek"
"613","Sherman.UpperLoyalsock","Creek Chub",92,8.1,0.908485019,1.963787827,"6/27/2023","020502060302 Glass Creek-Loyalsock Creek"
"614","Sherman.UpperLoyalsock","Creek Chub",175,53.7,1.729974286,2.243038049,"6/27/2023","020502060302 Glass Creek-Loyalsock Creek"
"615","Sherman.UpperLoyalsock","Creek Chub",79,6.2,0.792391689,1.897627091,"6/27/2023","020502060302 Glass Creek-Loyalsock Creek"
"616","Sherman.UpperLoyalsock","Creek Chub",76,4.5,0.653212514,1.880813592,"6/27/2023","020502060302 Glass Creek-Loyalsock Creek"
"617","Sherman.UpperLoyalsock","Creek Chub",111,12.2,1.086359831,2.045322979,"6/27/2023","020502060302 Glass Creek-Loyalsock Creek"
"618","Sherman.UpperLoyalsock","Creek Chub",105,11,1.041392685,2.021189299,"6/27/2023","020502060302 Glass Creek-Loyalsock Creek"
"619","Sherman.UpperLoyalsock","Creek Chub",64,2.7,0.431363764,1.806179974,"6/27/2023","020502060302 Glass Creek-Loyalsock Creek"
"620","Sherman.UpperLoyalsock","Creek Chub",135,27.9,1.445604203,2.130333768,"6/27/2023","020502060302 Glass Creek-Loyalsock Creek"
"621","Sherman.UpperLoyalsock","Creek Chub",98,9.4,0.973127854,1.991226076,"6/27/2023","020502060302 Glass Creek-Loyalsock Creek"
"622","Sherman.UpperLoyalsock","Creek Chub",88,5.9,0.770852012,1.944482672,"6/27/2023","020502060302 Glass Creek-Loyalsock Creek"
"623","Sherman.UpperLoyalsock","Creek Chub",47,1.3,0.113943352,1.672097858,"6/27/2023","020502060302 Glass Creek-Loyalsock Creek"
"624","Sherman.UpperLoyalsock","Creek Chub",90,7,0.84509804,1.954242509,"6/27/2023","020502060302 Glass Creek-Loyalsock Creek"
"625","Sherman.UpperLoyalsock","Creek Chub",46,0.9,-0.045757491,1.662757832,"6/27/2023","020502060302 Glass Creek-Loyalsock Creek"
"626","Sherman.UpperLoyalsock","Creek Chub",68,3.1,0.491361694,1.832508913,"6/27/2023","020502060302 Glass Creek-Loyalsock Creek"
"627","Sherman.UpperLoyalsock","Creek Chub",48,0.9,-0.045757491,1.681241237,"6/27/2023","020502060302 Glass Creek-Loyalsock Creek"
"628","TC0-BU","Creek Chub",98,10.7,1.029383778,1.991226076,"6/6/2023","020502061207 Turtle Creek-West Branch Susquehanna River"
"629","TC0-BU","Creek Chub",108,13,1.113943352,2.033423755,"6/6/2023","020502061207 Turtle Creek-West Branch Susquehanna River"
"630","TC0-BU","Creek Chub",129,24.2,1.383815366,2.11058971,"6/6/2023","020502061207 Turtle Creek-West Branch Susquehanna River"
"631","TC0-BU","Creek Chub",51,1.5,0.176091259,1.707570176,"6/6/2023","020502061207 Turtle Creek-West Branch Susquehanna River"
"632","TC0-BU","Creek Chub",94,8,0.903089987,1.973127854,"6/6/2023","020502061207 Turtle Creek-West Branch Susquehanna River"
"633","TC0-BU","Creek Chub",87,6.7,0.826074803,1.939519253,"6/6/2023","020502061207 Turtle Creek-West Branch Susquehanna River"
"634","TC0-BU","Creek Chub",50,1.2,0.079181246,1.698970004,"6/6/2023","020502061207 Turtle Creek-West Branch Susquehanna River"
"635","TC0-BU","Creek Chub",60,2.4,0.380211242,1.77815125,"6/6/2023","020502061207 Turtle Creek-West Branch Susquehanna River"
"636","TC0-BU","Creek Chub",92,8.2,0.913813852,1.963787827,"6/6/2023","020502061207 Turtle Creek-West Branch Susquehanna River"
"637","TC0-BU","Creek Chub",61,2.5,0.397940009,1.785329835,"6/6/2023","020502061207 Turtle Creek-West Branch Susquehanna River"
"638","TC0-BU","Creek Chub",89,7.6,0.880813592,1.949390007,"6/6/2023","020502061207 Turtle Creek-West Branch Susquehanna River"
"639","TC0-BU","Creek Chub",97,9.1,0.959041392,1.986771734,"6/6/2023","020502061207 Turtle Creek-West Branch Susquehanna River"
"640","TC0-BU","Creek Chub",78,5.5,0.740362689,1.892094603,"6/6/2023","020502061207 Turtle Creek-West Branch Susquehanna River"
"641","TC0-BU","Creek Chub",46,1.1,0.041392685,1.662757832,"6/6/2023","020502061207 Turtle Creek-West Branch Susquehanna River"
"642","TC0-BU","Creek Chub",61,2.4,0.380211242,1.785329835,"6/6/2023","020502061207 Turtle Creek-West Branch Susquehanna River"
"643","TC0-BU","Creek Chub",58,2,0.301029996,1.763427994,"6/6/2023","020502061207 Turtle Creek-West Branch Susquehanna River"
"644","TC0-BU","Creek Chub",102,11.8,1.071882007,2.008600172,"6/6/2023","020502061207 Turtle Creek-West Branch Susquehanna River"
"645","TC0-BU","Creek Chub",52,1.9,0.278753601,1.716003344,"6/6/2023","020502061207 Turtle Creek-West Branch Susquehanna River"
"646","TC0-BU","Creek Chub",64,2.7,0.431363764,1.806179974,"6/6/2023","020502061207 Turtle Creek-West Branch Susquehanna River"
"647","TC0-BU","Creek Chub",113,15,1.176091259,2.053078443,"6/6/2023","020502061207 Turtle Creek-West Branch Susquehanna River"
"648","TC0-BU","Creek Chub",69,3.5,0.544068044,1.838849091,"6/6/2023","020502061207 Turtle Creek-West Branch Susquehanna River"
"649","TC0-BU","Creek Chub",82,6.4,0.806179974,1.913813852,"6/6/2023","020502061207 Turtle Creek-West Branch Susquehanna River"
"650","TC0-BU","Creek Chub",54,1.3,0.113943352,1.73239376,"6/6/2023","020502061207 Turtle Creek-West Branch Susquehanna River"
"651","TC0-BU","Creek Chub",86,7.4,0.86923172,1.934498451,"6/6/2023","020502061207 Turtle Creek-West Branch Susquehanna River"
"652","TC0-BU","Creek Chub",104,13.3,1.123851641,2.017033339,"6/6/2023","020502061207 Turtle Creek-West Branch Susquehanna River"
"653","TC0-BU","Creek Chub",66,3.7,0.568201724,1.819543936,"6/6/2023","020502061207 Turtle Creek-West Branch Susquehanna River"
"654","TC0-BU","Creek Chub",66,3.4,0.531478917,1.819543936,"6/6/2023","020502061207 Turtle Creek-West Branch Susquehanna River"
"655","TC0-BU","Creek Chub",44,0.8,-0.096910013,1.643452676,"6/6/2023","020502061207 Turtle Creek-West Branch Susquehanna River"
"656","TC0-BU","Creek Chub",139,30.7,1.487138375,2.1430148,"6/6/2023","020502061207 Turtle Creek-West Branch Susquehanna River"
"657","TC0-BU","Creek Chub",114,16.4,1.214843848,2.056904851,"6/6/2023","020502061207 Turtle Creek-West Branch Susquehanna River"
"658","TC0-CB-U","Creek Chub",69,3.6,0.556302501,1.838849091,"6/7/2023","020502061207 Turtle Creek-West Branch Susquehanna River"
"659","TC0-CB-U","Creek Chub",94,10.1,1.004321374,1.973127854,"6/7/2023","020502061207 Turtle Creek-West Branch Susquehanna River"
"660","TC0-CB-U","Creek Chub",54,1.7,0.230448921,1.73239376,"6/7/2023","020502061207 Turtle Creek-West Branch Susquehanna River"
"661","TC0-CB-U","Creek Chub",47,1.2,0.079181246,1.672097858,"6/7/2023","020502061207 Turtle Creek-West Branch Susquehanna River"
"662","TC0-CB-U","Creek Chub",63,2.9,0.462397998,1.799340549,"6/7/2023","020502061207 Turtle Creek-West Branch Susquehanna River"
"663","TC0-CB-U","Creek Chub",46,0.9,-0.045757491,1.662757832,"6/7/2023","020502061207 Turtle Creek-West Branch Susquehanna River"
"664","TC0-CB-U","Creek Chub",72,4.4,0.643452676,1.857332496,"6/7/2023","020502061207 Turtle Creek-West Branch Susquehanna River"
"665","TC0-CB-U","Creek Chub",93,9,0.954242509,1.968482949,"6/7/2023","020502061207 Turtle Creek-West Branch Susquehanna River"
"666","TC0-CB-U","Creek Chub",122,16.9,1.227886705,2.086359831,"6/7/2023","020502061207 Turtle Creek-West Branch Susquehanna River"
"667","TC0-CB-U","Creek Chub",67,3.5,0.544068044,1.826074803,"6/7/2023","020502061207 Turtle Creek-West Branch Susquehanna River"
"668","TC0-CB-U","Creek Chub",64,3.2,0.505149978,1.806179974,"6/7/2023","020502061207 Turtle Creek-West Branch Susquehanna River"
"669","TC0-CB-U","Creek Chub",86,6.9,0.838849091,1.934498451,"6/7/2023","020502061207 Turtle Creek-West Branch Susquehanna River"
"670","TC0-CB-U","Creek Chub",120,19.9,1.298853076,2.079181246,"6/7/2023","020502061207 Turtle Creek-West Branch Susquehanna River"
"671","TC0-CB-U","Creek Chub",61,2.5,0.397940009,1.785329835,"6/7/2023","020502061207 Turtle Creek-West Branch Susquehanna River"
"672","TC0-CB-U","Creek Chub",94,9.1,0.959041392,1.973127854,"6/7/2023","020502061207 Turtle Creek-West Branch Susquehanna River"
"673","TC0-CB-U","Creek Chub",100,10.9,1.037426498,2,"6/7/2023","020502061207 Turtle Creek-West Branch Susquehanna River"
"674","TC0-CB-U","Creek Chub",56,1.8,0.255272505,1.748188027,"6/7/2023","020502061207 Turtle Creek-West Branch Susquehanna River"
"675","TC0-CB-U","Creek Chub",83,6.7,0.826074803,1.919078092,"6/7/2023","020502061207 Turtle Creek-West Branch Susquehanna River"
"676","TC0-CB-U","Creek Chub",65,3.1,0.491361694,1.812913357,"6/7/2023","020502061207 Turtle Creek-West Branch Susquehanna River"
"677","TC0-CB-U","Creek Chub",89,7.1,0.851258349,1.949390007,"6/7/2023","020502061207 Turtle Creek-West Branch Susquehanna River"
"678","TC0-CB-U","Creek Chub",114,17.1,1.23299611,2.056904851,"6/7/2023","020502061207 Turtle Creek-West Branch Susquehanna River"
"679","TC0-CB-U","Creek Chub",63,2.8,0.447158031,1.799340549,"6/7/2023","020502061207 Turtle Creek-West Branch Susquehanna River"
"680","TC0-CB-U","Creek Chub",83,7.2,0.857332496,1.919078092,"6/7/2023","020502061207 Turtle Creek-West Branch Susquehanna River"
"681","TC0-CB-U","Creek Chub",57,2.2,0.342422681,1.755874856,"6/7/2023","020502061207 Turtle Creek-West Branch Susquehanna River"
"682","TC0-CB-U","Creek Chub",57,1.9,0.278753601,1.755874856,"6/7/2023","020502061207 Turtle Creek-West Branch Susquehanna River"
"683","TC0-CB-U","Creek Chub",41,1.1,0.041392685,1.612783857,"6/7/2023","020502061207 Turtle Creek-West Branch Susquehanna River"
"684","TC0-CB-U","Creek Chub",65,3.1,0.491361694,1.812913357,"6/7/2023","020502061207 Turtle Creek-West Branch Susquehanna River"
"685","TC0-CB-U","Creek Chub",51,1.1,0.041392685,1.707570176,"6/7/2023","020502061207 Turtle Creek-West Branch Susquehanna River"
"686","TC0-CB-U","Creek Chub",94,9.2,0.963787827,1.973127854,"6/7/2023","020502061207 Turtle Creek-West Branch Susquehanna River"
"687","TC0-CB-U","Creek Chub",101,11.5,1.06069784,2.004321374,"6/7/2023","020502061207 Turtle Creek-West Branch Susquehanna River"
"688","TC0-GU","Creek Chub",44,0.8,-0.096910013,1.643452676,"6/7/2023","020502061207 Turtle Creek-West Branch Susquehanna River"
"689","TC0-GU","Creek Chub",138,31.7,1.501059262,2.139879086,"6/7/2023","020502061207 Turtle Creek-West Branch Susquehanna River"
"690","TC0-GU","Creek Chub",132,28.2,1.450249108,2.120573931,"6/7/2023","020502061207 Turtle Creek-West Branch Susquehanna River"
"691","TC0-GU","Creek Chub",100,11.2,1.049218023,2,"6/7/2023","020502061207 Turtle Creek-West Branch Susquehanna River"
"692","TC0-GU","Creek Chub",97,11.2,1.049218023,1.986771734,"6/7/2023","020502061207 Turtle Creek-West Branch Susquehanna River"
"693","TC0-GU","Creek Chub",126,18.6,1.269512944,2.100370545,"6/7/2023","020502061207 Turtle Creek-West Branch Susquehanna River"
"694","TC0-GU","Creek Chub",127,26.3,1.419955748,2.103803721,"6/7/2023","020502061207 Turtle Creek-West Branch Susquehanna River"
"695","TC0-GU","Creek Chub",108,15.1,1.178976947,2.033423755,"6/7/2023","020502061207 Turtle Creek-West Branch Susquehanna River"
"696","TC0-GU","Creek Chub",100,9.1,0.959041392,2,"6/7/2023","020502061207 Turtle Creek-West Branch Susquehanna River"
"697","TC0-GU","Creek Chub",102,12,1.079181246,2.008600172,"6/7/2023","020502061207 Turtle Creek-West Branch Susquehanna River"
"698","TC0-GU","Creek Chub",110,15,1.176091259,2.041392685,"6/7/2023","020502061207 Turtle Creek-West Branch Susquehanna River"
"699","TC0-GU","Creek Chub",94,9.1,0.959041392,1.973127854,"6/7/2023","020502061207 Turtle Creek-West Branch Susquehanna River"
"700","TC0-GU","Creek Chub",67,3.5,0.544068044,1.826074803,"6/7/2023","020502061207 Turtle Creek-West Branch Susquehanna River"
"701","TC0-GU","Creek Chub",105,16.7,1.222716471,2.021189299,"6/7/2023","020502061207 Turtle Creek-West Branch Susquehanna River"
"702","TC0-GU","Creek Chub",106,14.2,1.152288344,2.025305865,"6/7/2023","020502061207 Turtle Creek-West Branch Susquehanna River"
"703","TC0-GU","Creek Chub",142,36.2,1.558708571,2.152288344,"6/7/2023","020502061207 Turtle Creek-West Branch Susquehanna River"
"704","TC0-GU","Creek Chub",107,14.8,1.170261715,2.029383778,"6/7/2023","020502061207 Turtle Creek-West Branch Susquehanna River"
"705","TC0-GU","Creek Chub",136,27.7,1.442479769,2.133538908,"6/7/2023","020502061207 Turtle Creek-West Branch Susquehanna River"
"706","TC0-GU","Creek Chub",101,11.4,1.056904851,2.004321374,"6/7/2023","020502061207 Turtle Creek-West Branch Susquehanna River"
"707","TC0-GU","Creek Chub",99,11.7,1.068185862,1.995635195,"6/7/2023","020502061207 Turtle Creek-West Branch Susquehanna River"
"708","TC0-GU","Creek Chub",142,30.8,1.488550717,2.152288344,"6/7/2023","020502061207 Turtle Creek-West Branch Susquehanna River"
"709","TC0-GU","Creek Chub",100,11.6,1.064457989,2,"6/7/2023","020502061207 Turtle Creek-West Branch Susquehanna River"
"710","TC0-GU","Creek Chub",40,0.7,-0.15490196,1.602059991,"6/7/2023","020502061207 Turtle Creek-West Branch Susquehanna River"
"711","TC0-GU","Creek Chub",113,17.5,1.243038049,2.053078443,"6/7/2023","020502061207 Turtle Creek-West Branch Susquehanna River"
"712","TC0-GU","Creek Chub",98,10.6,1.025305865,1.991226076,"6/7/2023","020502061207 Turtle Creek-West Branch Susquehanna River"
"713","TC0-GU","Creek Chub",54,1.4,0.146128036,1.73239376,"6/7/2023","020502061207 Turtle Creek-West Branch Susquehanna River"
"714","TC0-GU","Creek Chub",100,9.5,0.977723605,2,"6/7/2023","020502061207 Turtle Creek-West Branch Susquehanna River"
"715","TC0-GU","Creek Chub",156,44,1.643452676,2.193124598,"6/7/2023","020502061207 Turtle Creek-West Branch Susquehanna River"
"716","TC0-GU","Creek Chub",60,2.3,0.361727836,1.77815125,"6/7/2023","020502061207 Turtle Creek-West Branch Susquehanna River"
"717","TC0-GU","Creek Chub",111,14.3,1.155336037,2.045322979,"6/7/2023","020502061207 Turtle Creek-West Branch Susquehanna River"
"718","TC0-SB-U","Creek Chub",88,7.1,0.851258349,1.944482672,"6/8/2023","020502061207 Turtle Creek-West Branch Susquehanna River"
"719","TC0-SB-U","Creek Chub",110,12.4,1.093421685,2.041392685,"6/8/2023","020502061207 Turtle Creek-West Branch Susquehanna River"
"720","TC0-SB-U","Creek Chub",51,1.8,0.255272505,1.707570176,"6/8/2023","020502061207 Turtle Creek-West Branch Susquehanna River"
"721","TC0-SB-U","Creek Chub",142,31.6,1.499687083,2.152288344,"6/8/2023","020502061207 Turtle Creek-West Branch Susquehanna River"
"722","TC0-SB-U","Creek Chub",74,4.5,0.653212514,1.86923172,"6/8/2023","020502061207 Turtle Creek-West Branch Susquehanna River"
"723","TC0-SB-U","Creek Chub",126,21.6,1.334453751,2.100370545,"6/8/2023","020502061207 Turtle Creek-West Branch Susquehanna River"
"724","TC0-SB-U","Creek Chub",86,6.3,0.799340549,1.934498451,"6/8/2023","020502061207 Turtle Creek-West Branch Susquehanna River"
"725","TC0-SB-U","Creek Chub",82,5.4,0.73239376,1.913813852,"6/8/2023","020502061207 Turtle Creek-West Branch Susquehanna River"
"726","TC0-SB-U","Creek Chub",52,1.4,0.146128036,1.716003344,"6/8/2023","020502061207 Turtle Creek-West Branch Susquehanna River"
"727","TC0-SB-U","Creek Chub",60,2.4,0.380211242,1.77815125,"6/8/2023","020502061207 Turtle Creek-West Branch Susquehanna River"
"728","TC0-SB-U","Creek Chub",96,9.3,0.968482949,1.982271233,"6/8/2023","020502061207 Turtle Creek-West Branch Susquehanna River"
"729","TC0-SB-U","Creek Chub",147,41.5,1.618048097,2.167317335,"6/8/2023","020502061207 Turtle Creek-West Branch Susquehanna River"
"730","TC0-SB-U","Creek Chub",57,1.9,0.278753601,1.755874856,"6/8/2023","020502061207 Turtle Creek-West Branch Susquehanna River"
"731","TC0-SB-U","Creek Chub",129,27,1.431363764,2.11058971,"6/8/2023","020502061207 Turtle Creek-West Branch Susquehanna River"
"732","TC0-SB-U","Creek Chub",156,33.8,1.5289167,2.193124598,"6/8/2023","020502061207 Turtle Creek-West Branch Susquehanna River"
"733","TC0-SB-U","Creek Chub",62,2.5,0.397940009,1.792391689,"6/8/2023","020502061207 Turtle Creek-West Branch Susquehanna River"
"734","TC0-SB-U","Creek Chub",64,2.6,0.414973348,1.806179974,"6/8/2023","020502061207 Turtle Creek-West Branch Susquehanna River"
"735","TC0-SB-U","Creek Chub",136,27.1,1.432969291,2.133538908,"6/8/2023","020502061207 Turtle Creek-West Branch Susquehanna River"
"736","TC0-SB-U","Creek Chub",107,12.1,1.08278537,2.029383778,"6/8/2023","020502061207 Turtle Creek-West Branch Susquehanna River"
"737","TC0-SB-U","Creek Chub",90,8.2,0.913813852,1.954242509,"6/8/2023","020502061207 Turtle Creek-West Branch Susquehanna River"
"738","TC0-SB-U","Creek Chub",121,17.5,1.243038049,2.08278537,"6/8/2023","020502061207 Turtle Creek-West Branch Susquehanna River"
"739","TC0-SB-U","Creek Chub",87,7.8,0.892094603,1.939519253,"6/8/2023","020502061207 Turtle Creek-West Branch Susquehanna River"
"740","TC0-SB-U","Creek Chub",136,28.7,1.457881897,2.133538908,"6/8/2023","020502061207 Turtle Creek-West Branch Susquehanna River"
"741","TC0-SB-U","Creek Chub",89,9.8,0.991226076,1.949390007,"6/8/2023","020502061207 Turtle Creek-West Branch Susquehanna River"
"742","TC0-SB-U","Creek Chub",84,5.6,0.748188027,1.924279286,"6/8/2023","020502061207 Turtle Creek-West Branch Susquehanna River"
"743","TC0-SB-U","Creek Chub",140,27.5,1.439332694,2.146128036,"6/8/2023","020502061207 Turtle Creek-West Branch Susquehanna River"
"744","TC0-SB-U","Creek Chub",98,10.8,1.033423755,1.991226076,"6/8/2023","020502061207 Turtle Creek-West Branch Susquehanna River"
"745","TC0-SB-U","Creek Chub",104,11,1.041392685,2.017033339,"6/8/2023","020502061207 Turtle Creek-West Branch Susquehanna River"
"746","TC0-SB-U","Creek Chub",91,8.4,0.924279286,1.959041392,"6/8/2023","020502061207 Turtle Creek-West Branch Susquehanna River"
"747","TC0-SB-U","Creek Chub",93,7.6,0.880813592,1.968482949,"6/8/2023","020502061207 Turtle Creek-West Branch Susquehanna River"
"748","UNTGlassRM242.Glass","Creek Chub",82,5.63,0.750508395,1.913813852,"6/25/2025","020502060302 Glass Creek-Loyalsock Creek"
"749","UNTGlassRM242.Glass","Creek Chub",62,2.06,0.31386722,1.792391689,"6/25/2025","020502060302 Glass Creek-Loyalsock Creek"
"750","UNTGlassRM242.Glass","Creek Chub",65,2.5,0.397940009,1.812913357,"6/25/2025","020502060302 Glass Creek-Loyalsock Creek"
"751","UNTGlassRM242.Glass","Creek Chub",167,45.72,1.660106222,2.222716471,"6/25/2025","020502060302 Glass Creek-Loyalsock Creek"
"752","UNTHopperHouseRM090.HopperHouse","Creek Chub",91,9.54,0.979548375,1.959041392,"7/12/2024","020502050102 Wetmore Run-West Branch Pine Creek"
"753","UNTWattlesRM147.Wattles","Creek Chub",81,5.35,0.728353782,1.908485019,"7/17/2024","020502050207 Long Run"
"754","UNTWattlesRM147.Wattles","Creek Chub",80,5.11,0.7084209,1.903089987,"7/17/2024","020502050207 Long Run"
"755","UNTWattlesRM147.Wattles","Creek Chub",100,9.2,0.963787827,2,"7/17/2024","020502050207 Long Run"
"756","UNTWattlesRM147.Wattles","Creek Chub",84,5.74,0.758911892,1.924279286,"7/17/2024","020502050207 Long Run"
"757","WF0-AM","Creek Chub",55,2.07,0.315970345,1.740362689,"6/3/2025","020502061207 Turtle Creek-West Branch Susquehanna River"
"758","WF0-AM","Creek Chub",53,1.84,0.264817823,1.72427587,"6/3/2025","020502061207 Turtle Creek-West Branch Susquehanna River"
"759","WF0-AM","Creek Chub",61,2.58,0.411619706,1.785329835,"6/3/2025","020502061207 Turtle Creek-West Branch Susquehanna River"
"760","WF0-AM","Creek Chub",57,2.46,0.390935107,1.755874856,"6/3/2025","020502061207 Turtle Creek-West Branch Susquehanna River"
"761","WF0-AM","Creek Chub",57,2.17,0.336459734,1.755874856,"6/3/2025","020502061207 Turtle Creek-West Branch Susquehanna River"
"762","WF0-AM","Creek Chub",88,7.43,0.870988814,1.944482672,"6/3/2025","020502061207 Turtle Creek-West Branch Susquehanna River"
"763","WF0-AM","Creek Chub",47,1.1,0.041392685,1.672097858,"6/3/2025","020502061207 Turtle Creek-West Branch Susquehanna River"
"764","WF0-AM","Creek Chub",101,11.95,1.077367905,2.004321374,"6/3/2025","020502061207 Turtle Creek-West Branch Susquehanna River"
"765","WF0-AM","Creek Chub",62,2.91,0.463892989,1.792391689,"6/3/2025","020502061207 Turtle Creek-West Branch Susquehanna River"
"766","WF0-AM","Creek Chub",57,2.45,0.389166084,1.755874856,"6/3/2025","020502061207 Turtle Creek-West Branch Susquehanna River"
"767","WF0-AM","Creek Chub",52,1.68,0.225309282,1.716003344,"6/3/2025","020502061207 Turtle Creek-West Branch Susquehanna River"
"768","WF0-AM","Creek Chub",90,8.98,0.953276337,1.954242509,"6/3/2025","020502061207 Turtle Creek-West Branch Susquehanna River"
"769","WF0-AM","Creek Chub",54,2.78,0.444044796,1.73239376,"6/3/2025","020502061207 Turtle Creek-West Branch Susquehanna River"
"770","WF0-AM","Creek Chub",62,2.24,0.350248018,1.792391689,"6/3/2025","020502061207 Turtle Creek-West Branch Susquehanna River"
"771","WF0-AM","Creek Chub",72,4.23,0.626340367,1.857332496,"6/3/2025","020502061207 Turtle Creek-West Branch Susquehanna River"
"772","WF0-AM","Creek Chub",52,1.43,0.155336037,1.716003344,"6/3/2025","020502061207 Turtle Creek-West Branch Susquehanna River"
"773","WF0-AM","Creek Chub",57,2.14,0.330413773,1.755874856,"6/3/2025","020502061207 Turtle Creek-West Branch Susquehanna River"
"774","WF0-AM","Creek Chub",55,2.03,0.307496038,1.740362689,"6/3/2025","020502061207 Turtle Creek-West Branch Susquehanna River"
"775","WF0-AM","Creek Chub",61,2.66,0.424881637,1.785329835,"6/3/2025","020502061207 Turtle Creek-West Branch Susquehanna River"
"776","WF0-AM","Creek Chub",63,2.94,0.46834733,1.799340549,"6/3/2025","020502061207 Turtle Creek-West Branch Susquehanna River"
"777","WF0-AM","Creek Chub",70,4.07,0.609594409,1.84509804,"6/3/2025","020502061207 Turtle Creek-West Branch Susquehanna River"
"778","WF0-AM","Creek Chub",75,5.37,0.729974286,1.875061263,"6/3/2025","020502061207 Turtle Creek-West Branch Susquehanna River"
"779","WF0-AM","Creek Chub",68,4.01,0.603144373,1.832508913,"6/3/2025","020502061207 Turtle Creek-West Branch Susquehanna River"
"780","WF0-AM","Creek Chub",58,2.36,0.372912003,1.763427994,"6/3/2025","020502061207 Turtle Creek-West Branch Susquehanna River"
"781","WF0-AM","Creek Chub",54,2.04,0.309630167,1.73239376,"6/3/2025","020502061207 Turtle Creek-West Branch Susquehanna River"
"782","WF0-AM","Creek Chub",56,2.02,0.305351369,1.748188027,"6/3/2025","020502061207 Turtle Creek-West Branch Susquehanna River"
"783","WF0-AM","Creek Chub",51,1.56,0.193124598,1.707570176,"6/3/2025","020502061207 Turtle Creek-West Branch Susquehanna River"
"784","WF0-AM","Creek Chub",68,4.46,0.649334859,1.832508913,"6/3/2025","020502061207 Turtle Creek-West Branch Susquehanna River"
"785","WF0-AM","Creek Chub",73,4.8,0.681241237,1.86332286,"6/3/2025","020502061207 Turtle Creek-West Branch Susquehanna River"
"786","WF0-FL","Creek Chub",55,2.1,0.322219295,1.740362689,"6/14/2022","020502061207 Turtle Creek-West Branch Susquehanna River"
"787","WF0-FL","Creek Chub",47,1.2,0.079181246,1.672097858,"6/14/2022","020502061207 Turtle Creek-West Branch Susquehanna River"
"788","WF0-FL","Creek Chub",61,2.7,0.431363764,1.785329835,"6/14/2022","020502061207 Turtle Creek-West Branch Susquehanna River"
"789","WF0-FL","Creek Chub",54,2.1,0.322219295,1.73239376,"6/14/2022","020502061207 Turtle Creek-West Branch Susquehanna River"
"790","WF0-FL","Creek Chub",68,3.8,0.579783597,1.832508913,"6/14/2022","020502061207 Turtle Creek-West Branch Susquehanna River"
"791","WF0-FL","Creek Chub",76,4.4,0.643452676,1.880813592,"6/14/2022","020502061207 Turtle Creek-West Branch Susquehanna River"
"792","WF0-FL","Creek Chub",62,3.3,0.51851394,1.792391689,"6/14/2022","020502061207 Turtle Creek-West Branch Susquehanna River"
"793","WF0-FL","Creek Chub",46,0.8,-0.096910013,1.662757832,"6/14/2022","020502061207 Turtle Creek-West Branch Susquehanna River"
"794","WF0-FL","Creek Chub",85,9,0.954242509,1.929418926,"6/14/2022","020502061207 Turtle Creek-West Branch Susquehanna River"
"795","WF0-FL","Creek Chub",58,1.5,0.176091259,1.763427994,"6/14/2022","020502061207 Turtle Creek-West Branch Susquehanna River"
"796","WF0-FL","Creek Chub",60,2.5,0.397940009,1.77815125,"6/14/2022","020502061207 Turtle Creek-West Branch Susquehanna River"
"797","WF0-FL","Creek Chub",66,3.4,0.531478917,1.819543936,"6/14/2022","020502061207 Turtle Creek-West Branch Susquehanna River"
"798","WF0-FL","Creek Chub",68,3.4,0.531478917,1.832508913,"6/14/2022","020502061207 Turtle Creek-West Branch Susquehanna River"
"799","WF0-FL","Creek Chub",88,7.6,0.880813592,1.944482672,"6/14/2022","020502061207 Turtle Creek-West Branch Susquehanna River"
"800","WF0-FL","Creek Chub",67,3.4,0.531478917,1.826074803,"6/14/2022","020502061207 Turtle Creek-West Branch Susquehanna River"
"801","WF0-FL","Creek Chub",54,1.7,0.230448921,1.73239376,"6/14/2022","020502061207 Turtle Creek-West Branch Susquehanna River"
"802","WF0-FL","Creek Chub",51,2.9,0.462397998,1.707570176,"6/14/2022","020502061207 Turtle Creek-West Branch Susquehanna River"
"803","WF0-FL","Creek Chub",56,2.2,0.342422681,1.748188027,"6/14/2022","020502061207 Turtle Creek-West Branch Susquehanna River"
"804","WF0-FL","Creek Chub",79,6.2,0.792391689,1.897627091,"6/14/2022","020502061207 Turtle Creek-West Branch Susquehanna River"
"805","WF0-FL","Creek Chub",49,1.3,0.113943352,1.69019608,"6/14/2022","020502061207 Turtle Creek-West Branch Susquehanna River"
"806","WF0-FL","Creek Chub",65,3.2,0.505149978,1.812913357,"6/14/2022","020502061207 Turtle Creek-West Branch Susquehanna River"
"807","WF0-FL","Creek Chub",50,1.9,0.278753601,1.698970004,"6/14/2022","020502061207 Turtle Creek-West Branch Susquehanna River"
"808","WF0-FL","Creek Chub",81,7.1,0.851258349,1.908485019,"6/14/2022","020502061207 Turtle Creek-West Branch Susquehanna River"
"809","WF0-FL","Creek Chub",101,15.4,1.187520721,2.004321374,"6/14/2022","020502061207 Turtle Creek-West Branch Susquehanna River"
"810","WF0-FL","Creek Chub",53,2,0.301029996,1.72427587,"6/14/2022","020502061207 Turtle Creek-West Branch Susquehanna River"
"811","WF0-FL","Creek Chub",56,2.1,0.322219295,1.748188027,"6/14/2022","020502061207 Turtle Creek-West Branch Susquehanna River"
"812","WF0-FL","Creek Chub",58,2.8,0.447158031,1.763427994,"6/14/2022","020502061207 Turtle Creek-West Branch Susquehanna River"
"813","WF0-FL","Creek Chub",57,2.3,0.361727836,1.755874856,"6/14/2022","020502061207 Turtle Creek-West Branch Susquehanna River"
"814","WF0-FL","Creek Chub",80,6.1,0.785329835,1.903089987,"6/14/2022","020502061207 Turtle Creek-West Branch Susquehanna River"
"815","WF0-FL","Creek Chub",83,6.9,0.838849091,1.919078092,"6/14/2022","020502061207 Turtle Creek-West Branch Susquehanna River"
"816","WF0-FL","Creek Chub",45,1.13,0.053078443,1.653212514,"6/3/2025","020502061207 Turtle Creek-West Branch Susquehanna River"
"817","WF0-FL","Creek Chub",45,1.08,0.033423755,1.653212514,"6/3/2025","020502061207 Turtle Creek-West Branch Susquehanna River"
"818","WF0-FL","Creek Chub",77,5.16,0.712649702,1.886490725,"6/4/2024","020502061207 Turtle Creek-West Branch Susquehanna River"
"819","WF0-FL","Creek Chub",86,7.78,0.890979597,1.934498451,"6/4/2024","020502061207 Turtle Creek-West Branch Susquehanna River"
"820","WF0-FL","Creek Chub",62,2.62,0.418301291,1.792391689,"6/4/2024","020502061207 Turtle Creek-West Branch Susquehanna River"
"821","WF0-FL","Creek Chub",126,26.29,1.419790586,2.100370545,"6/4/2024","020502061207 Turtle Creek-West Branch Susquehanna River"
"822","WF0-FL","Creek Chub",142,45.13,1.654465334,2.152288344,"6/4/2024","020502061207 Turtle Creek-West Branch Susquehanna River"
"823","WF0-FL","Creek Chub",109,17.9,1.252853031,2.037426498,"6/3/2025","020502061207 Turtle Creek-West Branch Susquehanna River"
"824","WF0-FL","Creek Chub",61,2.82,0.450249108,1.785329835,"6/3/2025","020502061207 Turtle Creek-West Branch Susquehanna River"
"825","WF0-FL","Creek Chub",58,2.33,0.367355921,1.763427994,"6/3/2025","020502061207 Turtle Creek-West Branch Susquehanna River"
"826","WF0-FL","Creek Chub",55,1.85,0.267171728,1.740362689,"6/3/2025","020502061207 Turtle Creek-West Branch Susquehanna River"
"827","WF0-FL","Creek Chub",45,1.05,0.021189299,1.653212514,"6/3/2025","020502061207 Turtle Creek-West Branch Susquehanna River"
"828","WF0-FL","Creek Chub",49,1.72,0.235528447,1.69019608,"6/3/2025","020502061207 Turtle Creek-West Branch Susquehanna River"
"829","WF0-FL","Creek Chub",49,1.59,0.201397124,1.69019608,"6/3/2025","020502061207 Turtle Creek-West Branch Susquehanna River"
"830","WF0-FL","Creek Chub",69,4.43,0.646403726,1.838849091,"6/3/2025","020502061207 Turtle Creek-West Branch Susquehanna River"
"831","WF0-FL","Creek Chub",66,4.11,0.613841822,1.819543936,"6/3/2025","020502061207 Turtle Creek-West Branch Susquehanna River"
"832","WF0-FL","Creek Chub",50,1.4,0.146128036,1.698970004,"6/3/2025","020502061207 Turtle Creek-West Branch Susquehanna River"
"833","WF0-FL","Creek Chub",115,21.21,1.326540669,2.06069784,"6/4/2024","020502061207 Turtle Creek-West Branch Susquehanna River"
"834","WF0-FL","Creek Chub",173,65.64,1.817168572,2.238046103,"6/4/2024","020502061207 Turtle Creek-West Branch Susquehanna River"
"835","WF0-FL","Creek Chub",86,6.8,0.832508913,1.934498451,"6/4/2024","020502061207 Turtle Creek-West Branch Susquehanna River"
"836","WF0-FL","Creek Chub",88,7.91,0.898176483,1.944482672,"6/4/2024","020502061207 Turtle Creek-West Branch Susquehanna River"
"837","WF0-FL","Creek Chub",65,3.45,0.537819095,1.812913357,"6/4/2024","020502061207 Turtle Creek-West Branch Susquehanna River"
"838","WF0-FL","Creek Chub",74,4.86,0.686636269,1.86923172,"6/4/2024","020502061207 Turtle Creek-West Branch Susquehanna River"
"839","WF0-FL","Creek Chub",85,7.35,0.866287339,1.929418926,"6/4/2024","020502061207 Turtle Creek-West Branch Susquehanna River"
"840","WF0-FL","Creek Chub",114,17.18,1.235023159,2.056904851,"6/4/2024","020502061207 Turtle Creek-West Branch Susquehanna River"
"841","WF0-FL","Creek Chub",92,9.3,0.968482949,1.963787827,"6/4/2024","020502061207 Turtle Creek-West Branch Susquehanna River"
"842","WF0-FL","Creek Chub",86,7.5,0.875061263,1.934498451,"6/4/2024","020502061207 Turtle Creek-West Branch Susquehanna River"
"843","WF0-FL","Creek Chub",111,15.21,1.182129214,2.045322979,"6/4/2024","020502061207 Turtle Creek-West Branch Susquehanna River"
"844","WF0-FL","Creek Chub",62,2.91,0.463892989,1.792391689,"6/4/2024","020502061207 Turtle Creek-West Branch Susquehanna River"
"845","WF0-FL","Creek Chub",91,10.58,1.024485668,1.959041392,"6/4/2024","020502061207 Turtle Creek-West Branch Susquehanna River"
"846","WF0-FL","Creek Chub",61,2.98,0.474216264,1.785329835,"6/3/2025","020502061207 Turtle Creek-West Branch Susquehanna River"
"847","WF0-FL","Creek Chub",39,0.57,-0.244125144,1.591064607,"6/3/2025","020502061207 Turtle Creek-West Branch Susquehanna River"
"848","WF0-FL","Creek Chub",51,1.75,0.243038049,1.707570176,"6/3/2025","020502061207 Turtle Creek-West Branch Susquehanna River"
"849","WF0-FL","Creek Chub",54,1.88,0.274157849,1.73239376,"6/3/2025","020502061207 Turtle Creek-West Branch Susquehanna River"
"850","WF0-FL","Creek Chub",57,2.43,0.385606274,1.755874856,"6/3/2025","020502061207 Turtle Creek-West Branch Susquehanna River"
"851","WF0-FL","Creek Chub",57,2.44,0.387389826,1.755874856,"6/3/2025","020502061207 Turtle Creek-West Branch Susquehanna River"
"852","WF0-FL","Creek Chub",56,2.22,0.346352974,1.748188027,"6/3/2025","020502061207 Turtle Creek-West Branch Susquehanna River"
"853","WF0-FL","Creek Chub",56,2.11,0.324282455,1.748188027,"6/3/2025","020502061207 Turtle Creek-West Branch Susquehanna River"
"854","WF0-FL","Creek Chub",61,2.42,0.383815366,1.785329835,"6/3/2025","020502061207 Turtle Creek-West Branch Susquehanna River"
"855","WF0-FL","Creek Chub",59,1.79,0.252853031,1.770852012,"6/3/2025","020502061207 Turtle Creek-West Branch Susquehanna River"
"856","WF0-FL","Creek Chub",53,1.88,0.274157849,1.72427587,"6/3/2025","020502061207 Turtle Creek-West Branch Susquehanna River"
"857","WF0-FL","Creek Chub",47,1.28,0.10720997,1.672097858,"6/3/2025","020502061207 Turtle Creek-West Branch Susquehanna River"
"858","WF0-FL","Creek Chub",54,1.83,0.26245109,1.73239376,"6/3/2025","020502061207 Turtle Creek-West Branch Susquehanna River"
"859","WF0-FL","Creek Chub",59,2.56,0.408239965,1.770852012,"6/3/2025","020502061207 Turtle Creek-West Branch Susquehanna River"
"860","WF0-FL","Creek Chub",57,2.11,0.324282455,1.755874856,"6/3/2025","020502061207 Turtle Creek-West Branch Susquehanna River"
"861","WF0-FL","Creek Chub",47,0.9,-0.045757491,1.672097858,"6/3/2025","020502061207 Turtle Creek-West Branch Susquehanna River"
"862","WF0-FL","Creek Chub",68,3.96,0.597695186,1.832508913,"6/3/2025","020502061207 Turtle Creek-West Branch Susquehanna River"
"863","WF0-FL","Creek Chub",82,7.27,0.861534411,1.913813852,"6/3/2025","020502061207 Turtle Creek-West Branch Susquehanna River"
"864","WF0-NW","Creek Chub",49,1.1,0.041392685,1.69019608,"6/13/2022","020502061207 Turtle Creek-West Branch Susquehanna River"
"865","WF0-NW","Creek Chub",74,4.2,0.62324929,1.86923172,"6/13/2022","020502061207 Turtle Creek-West Branch Susquehanna River"
"866","WF0-NW","Creek Chub",114,15.4,1.187520721,2.056904851,"6/13/2022","020502061207 Turtle Creek-West Branch Susquehanna River"
"867","WF0-NW","Creek Chub",110,15.9,1.201397124,2.041392685,"6/13/2022","020502061207 Turtle Creek-West Branch Susquehanna River"
"868","WF0-NW","Creek Chub",39,0.66,-0.180456064,1.591064607,"6/4/2024","020502061207 Turtle Creek-West Branch Susquehanna River"
"869","WF0-NW","Creek Chub",60,2.23,0.348304863,1.77815125,"6/4/2024","020502061207 Turtle Creek-West Branch Susquehanna River"
"870","WF0-NW","Creek Chub",41,0.77,-0.113509275,1.612783857,"6/4/2024","020502061207 Turtle Creek-West Branch Susquehanna River"
"871","WF0-NW","Creek Chub",57,2.4,0.380211242,1.755874856,"6/13/2022","020502061207 Turtle Creek-West Branch Susquehanna River"
"872","WF0-NW","Creek Chub",43,0.8,-0.096910013,1.633468456,"6/13/2022","020502061207 Turtle Creek-West Branch Susquehanna River"
"873","WF0-NW","Creek Chub",54,1.6,0.204119983,1.73239376,"6/13/2022","020502061207 Turtle Creek-West Branch Susquehanna River"
"874","WF0-NW","Creek Chub",62,2.4,0.380211242,1.792391689,"6/13/2022","020502061207 Turtle Creek-West Branch Susquehanna River"
"875","WF0-NW","Creek Chub",59,2.35,0.371067862,1.770852012,"6/4/2024","020502061207 Turtle Creek-West Branch Susquehanna River"
"876","WF0-NW","Creek Chub",41,0.91,-0.040958608,1.612783857,"6/4/2024","020502061207 Turtle Creek-West Branch Susquehanna River"
"877","WF0-NW","Creek Chub",63,3.1,0.491361694,1.799340549,"6/13/2022","020502061207 Turtle Creek-West Branch Susquehanna River"
"878","WF0-NW","Creek Chub",51,1.4,0.146128036,1.707570176,"6/4/2024","020502061207 Turtle Creek-West Branch Susquehanna River"
"879","WF0-NW","Creek Chub",47,1.27,0.103803721,1.672097858,"6/4/2024","020502061207 Turtle Creek-West Branch Susquehanna River"
"880","WF0-NW","Creek Chub",46,1.35,0.130333768,1.662757832,"6/4/2024","020502061207 Turtle Creek-West Branch Susquehanna River"
"881","WF0-NW","Creek Chub",49,0.65,-0.187086643,1.69019608,"6/4/2024","020502061207 Turtle Creek-West Branch Susquehanna River"
"882","WF0-NW","Creek Chub",41,0.7,-0.15490196,1.612783857,"6/4/2024","020502061207 Turtle Creek-West Branch Susquehanna River"
"883","WF0-NW","Creek Chub",54,1.27,0.103803721,1.73239376,"6/4/2024","020502061207 Turtle Creek-West Branch Susquehanna River"
"884","WF0-NW","Creek Chub",64,3.03,0.481442629,1.806179974,"6/4/2024","020502061207 Turtle Creek-West Branch Susquehanna River"
"885","WF0-NW","Creek Chub",51,1.45,0.161368002,1.707570176,"6/4/2024","020502061207 Turtle Creek-West Branch Susquehanna River"
"886","WF0-NW","Creek Chub",40,0.82,-0.086186148,1.602059991,"6/4/2024","020502061207 Turtle Creek-West Branch Susquehanna River"
"887","WF0-NW","Creek Chub",96,9.4,0.973127854,1.982271233,"6/13/2022","020502061207 Turtle Creek-West Branch Susquehanna River"
"888","WF0-NW","Creek Chub",68,3.9,0.591064607,1.832508913,"6/13/2022","020502061207 Turtle Creek-West Branch Susquehanna River"
"889","WF0-NW","Creek Chub",116,15.6,1.193124598,2.064457989,"6/13/2022","020502061207 Turtle Creek-West Branch Susquehanna River"
"890","WF0-NW","Creek Chub",38,0.17,-0.769551079,1.579783597,"6/4/2024","020502061207 Turtle Creek-West Branch Susquehanna River"
"891","WF0-NW","Creek Chub",39,0.7,-0.15490196,1.591064607,"6/4/2024","020502061207 Turtle Creek-West Branch Susquehanna River"
"892","WF0-NW","Creek Chub",135,25.34,1.403806611,2.130333768,"6/4/2024","020502061207 Turtle Creek-West Branch Susquehanna River"
"893","WF0-NW","Creek Chub",65,3.33,0.522444234,1.812913357,"6/4/2024","020502061207 Turtle Creek-West Branch Susquehanna River"
"894","WF0-NW","Creek Chub",50,1.27,0.103803721,1.698970004,"6/4/2024","020502061207 Turtle Creek-West Branch Susquehanna River"
"895","WF0-NW","Creek Chub",41,0.75,-0.124938737,1.612783857,"6/4/2024","020502061207 Turtle Creek-West Branch Susquehanna River"
"896","WF0-NW","Creek Chub",57,2,0.301029996,1.755874856,"6/13/2022","020502061207 Turtle Creek-West Branch Susquehanna River"
"897","WF0-NW","Creek Chub",88,6.9,0.838849091,1.944482672,"6/13/2022","020502061207 Turtle Creek-West Branch Susquehanna River"
"898","WF0-NW","Creek Chub",88,7.8,0.892094603,1.944482672,"6/13/2022","020502061207 Turtle Creek-West Branch Susquehanna River"
"899","WF0-NW","Creek Chub",69,3.6,0.556302501,1.838849091,"6/13/2022","020502061207 Turtle Creek-West Branch Susquehanna River"
"900","WF0-NW","Creek Chub",49,1.1,0.041392685,1.69019608,"6/13/2022","020502061207 Turtle Creek-West Branch Susquehanna River"
"901","WF0-NW","Creek Chub",66,3.1,0.491361694,1.819543936,"6/13/2022","020502061207 Turtle Creek-West Branch Susquehanna River"
"902","WF0-NW","Creek Chub",47,0.9,-0.045757491,1.672097858,"6/13/2022","020502061207 Turtle Creek-West Branch Susquehanna River"
"903","WF0-NW","Creek Chub",49,1.1,0.041392685,1.69019608,"6/13/2022","020502061207 Turtle Creek-West Branch Susquehanna River"
"904","WF0-NW","Creek Chub",140,27.5,1.439332694,2.146128036,"6/13/2022","020502061207 Turtle Creek-West Branch Susquehanna River"
"905","WF0-NW","Creek Chub",91,10.3,1.012837225,1.959041392,"6/13/2022","020502061207 Turtle Creek-West Branch Susquehanna River"
"906","WF0-NW","Creek Chub",49,1.2,0.079181246,1.69019608,"6/13/2022","020502061207 Turtle Creek-West Branch Susquehanna River"
"907","WF0-NW","Creek Chub",60,2.4,0.380211242,1.77815125,"6/13/2022","020502061207 Turtle Creek-West Branch Susquehanna River"
"908","WF0-NW","Creek Chub",81,5.1,0.707570176,1.908485019,"6/5/2025","020502061207 Turtle Creek-West Branch Susquehanna River"
"909","WF0-NW","Creek Chub",58,2.3,0.361727836,1.763427994,"6/5/2025","020502061207 Turtle Creek-West Branch Susquehanna River"
"910","WF0-NW","Creek Chub",61,2.4,0.380211242,1.785329835,"6/5/2025","020502061207 Turtle Creek-West Branch Susquehanna River"
"911","WF0-NW","Creek Chub",46,1,0,1.662757832,"6/5/2025","020502061207 Turtle Creek-West Branch Susquehanna River"
"912","WF0-NW","Creek Chub",57,2,0.301029996,1.755874856,"6/5/2025","020502061207 Turtle Creek-West Branch Susquehanna River"
"913","WF0-NW","Creek Chub",91,6.5,0.812913357,1.959041392,"6/5/2025","020502061207 Turtle Creek-West Branch Susquehanna River"
"914","WF0-NW","Creek Chub",82,5.7,0.755874856,1.913813852,"6/5/2025","020502061207 Turtle Creek-West Branch Susquehanna River"
"915","WF0-NW","Creek Chub",68,3.4,0.531478917,1.832508913,"6/5/2025","020502061207 Turtle Creek-West Branch Susquehanna River"
"916","WF0-NW","Creek Chub",50,1.3,0.113943352,1.698970004,"6/5/2025","020502061207 Turtle Creek-West Branch Susquehanna River"
"917","WF0-NW","Creek Chub",73,4.68,0.670245853,1.86332286,"6/5/2025","020502061207 Turtle Creek-West Branch Susquehanna River"
"918","WF0-NW","Creek Chub",73,4.28,0.631443769,1.86332286,"6/5/2025","020502061207 Turtle Creek-West Branch Susquehanna River"
"919","WF0-NW","Creek Chub",69,3.6,0.556302501,1.838849091,"6/5/2025","020502061207 Turtle Creek-West Branch Susquehanna River"
"920","WF0-NW","Creek Chub",50,1.5,0.176091259,1.698970004,"6/5/2025","020502061207 Turtle Creek-West Branch Susquehanna River"
"921","WF0-NW","Creek Chub",64,2.6,0.414973348,1.806179974,"6/5/2025","020502061207 Turtle Creek-West Branch Susquehanna River"
"922","WF0-NW","Creek Chub",54,1.55,0.190331698,1.73239376,"6/5/2025","020502061207 Turtle Creek-West Branch Susquehanna River"
"923","WF0-NW","Creek Chub",42,0.7,-0.15490196,1.62324929,"6/5/2025","020502061207 Turtle Creek-West Branch Susquehanna River"
"924","WF0-NW","Creek Chub",45,0.9,-0.045757491,1.653212514,"6/5/2025","020502061207 Turtle Creek-West Branch Susquehanna River"
"925","WF0-NW","Creek Chub",98,8.94,0.951337519,1.991226076,"6/5/2025","020502061207 Turtle Creek-West Branch Susquehanna River"
"926","WF0-NW","Creek Chub",101,15.9,1.201397124,2.004321374,"6/5/2025","020502061207 Turtle Creek-West Branch Susquehanna River"
"927","WF0-NW","Creek Chub",117,14.34,1.156549151,2.068185862,"6/5/2025","020502061207 Turtle Creek-West Branch Susquehanna River"
"928","WF0-NW","Creek Chub",80,5.2,0.716003344,1.903089987,"6/5/2025","020502061207 Turtle Creek-West Branch Susquehanna River"
"929","WF0-NW","Creek Chub",47,1.3,0.113943352,1.672097858,"6/5/2025","020502061207 Turtle Creek-West Branch Susquehanna River"
"930","WF0-NW","Creek Chub",58,2.4,0.380211242,1.763427994,"6/5/2025","020502061207 Turtle Creek-West Branch Susquehanna River"
"931","WF0-NW","Creek Chub",59,2.3,0.361727836,1.770852012,"6/5/2025","020502061207 Turtle Creek-West Branch Susquehanna River"
"932","WF0-NW","Creek Chub",102,15.7,1.195899652,2.008600172,"6/5/2025","020502061207 Turtle Creek-West Branch Susquehanna River"
"933","WF0-NW","Creek Chub",100,14.7,1.167317335,2,"6/5/2025","020502061207 Turtle Creek-West Branch Susquehanna River"
"934","WF0-NW","Creek Chub",78,5.4,0.73239376,1.892094603,"6/5/2025","020502061207 Turtle Creek-West Branch Susquehanna River"
"935","WF0-NW","Creek Chub",55,1.82,0.260071388,1.740362689,"6/4/2024","020502061207 Turtle Creek-West Branch Susquehanna River"
"936","WF0-NW","Creek Chub",50,1.38,0.139879086,1.698970004,"6/4/2024","020502061207 Turtle Creek-West Branch Susquehanna River"
"937","WF0-NW","Creek Chub",73,5.1,0.707570176,1.86332286,"6/4/2024","020502061207 Turtle Creek-West Branch Susquehanna River"
"938","WF0-NW","Creek Chub",40,0.55,-0.259637311,1.602059991,"6/4/2024","020502061207 Turtle Creek-West Branch Susquehanna River"
"939","WF0-NW","Creek Chub",48,1.13,0.053078443,1.681241237,"6/4/2024","020502061207 Turtle Creek-West Branch Susquehanna River"
"940","WF0-NW","Creek Chub",40,0.71,-0.148741651,1.602059991,"6/4/2024","020502061207 Turtle Creek-West Branch Susquehanna River"
"941","WF0-NW","Creek Chub",42,0.79,-0.102372909,1.62324929,"6/4/2024","020502061207 Turtle Creek-West Branch Susquehanna River"
"942","WF0-NW","Creek Chub",45,0.96,-0.017728767,1.653212514,"6/4/2024","020502061207 Turtle Creek-West Branch Susquehanna River"
"943","WF0-NW","Creek Chub",31,0.27,-0.568636236,1.491361694,"6/4/2024","020502061207 Turtle Creek-West Branch Susquehanna River"
"944","WF0-NW","Creek Chub",56,1.8,0.255272505,1.748188027,"6/13/2022","020502061207 Turtle Creek-West Branch Susquehanna River"
"945","WF0-NW","Creek Chub",112,13.9,1.1430148,2.049218023,"6/13/2022","020502061207 Turtle Creek-West Branch Susquehanna River"
"946","WF0-NW","Creek Chub",76,5,0.698970004,1.880813592,"6/13/2022","020502061207 Turtle Creek-West Branch Susquehanna River"
"947","WF0-NW","Creek Chub",51,1.2,0.079181246,1.707570176,"6/13/2022","020502061207 Turtle Creek-West Branch Susquehanna River"
"948","WF0-NW","Creek Chub",156,42.2,1.625312451,2.193124598,"6/13/2022","020502061207 Turtle Creek-West Branch Susquehanna River"
"949","WF0-NW","Creek Chub",94,9.1,0.959041392,1.973127854,"6/13/2022","020502061207 Turtle Creek-West Branch Susquehanna River"
"950","WF0-SW","Creek Chub",45,0.3,-0.522878745,1.653212514,"6/7/2024","020502061207 Turtle Creek-West Branch Susquehanna River"
"951","WF0-SW","Creek Chub",51,1.4,0.146128036,1.707570176,"6/13/2022","020502061207 Turtle Creek-West Branch Susquehanna River"
"952","WF0-SW","Creek Chub",56,1.9,0.278753601,1.748188027,"6/13/2022","020502061207 Turtle Creek-West Branch Susquehanna River"
"953","WF0-SW","Creek Chub",113,17.6,1.245512668,2.053078443,"6/13/2022","020502061207 Turtle Creek-West Branch Susquehanna River"
"954","WF0-SW","Creek Chub",59,2.2,0.342422681,1.770852012,"6/13/2022","020502061207 Turtle Creek-West Branch Susquehanna River"
"955","WF0-SW","Creek Chub",50,1.5,0.176091259,1.698970004,"6/13/2022","020502061207 Turtle Creek-West Branch Susquehanna River"
"956","WF0-SW","Creek Chub",65,3.1,0.491361694,1.812913357,"6/13/2022","020502061207 Turtle Creek-West Branch Susquehanna River"
"957","WF0-SW","Creek Chub",51,1.3,0.113943352,1.707570176,"6/13/2022","020502061207 Turtle Creek-West Branch Susquehanna River"
"958","WF0-SW","Creek Chub",158,47.5,1.67669361,2.198657087,"6/13/2022","020502061207 Turtle Creek-West Branch Susquehanna River"
"959","WF0-SW","Creek Chub",57,1.9,0.278753601,1.755874856,"6/13/2022","020502061207 Turtle Creek-West Branch Susquehanna River"
"960","WF0-SW","Creek Chub",50,1.4,0.146128036,1.698970004,"6/13/2022","020502061207 Turtle Creek-West Branch Susquehanna River"
"961","WF0-SW","Creek Chub",42,0.8,-0.096910013,1.62324929,"6/13/2022","020502061207 Turtle Creek-West Branch Susquehanna River"
"962","WF0-SW","Creek Chub",85,6.4,0.806179974,1.929418926,"6/13/2022","020502061207 Turtle Creek-West Branch Susquehanna River"
"963","WF0-SW","Creek Chub",60,2.2,0.342422681,1.77815125,"6/13/2022","020502061207 Turtle Creek-West Branch Susquehanna River"
"964","WF0-SW","Creek Chub",76,4.2,0.62324929,1.880813592,"6/13/2022","020502061207 Turtle Creek-West Branch Susquehanna River"
"965","WF0-SW","Creek Chub",56,1.8,0.255272505,1.748188027,"6/13/2022","020502061207 Turtle Creek-West Branch Susquehanna River"
"966","WF0-SW","Creek Chub",60,1.9,0.278753601,1.77815125,"6/13/2022","020502061207 Turtle Creek-West Branch Susquehanna River"
"967","WF0-SW","Creek Chub",43,0.8,-0.096910013,1.633468456,"6/13/2022","020502061207 Turtle Creek-West Branch Susquehanna River"
"968","WF0-SW","Creek Chub",55,1.9,0.278753601,1.740362689,"6/13/2022","020502061207 Turtle Creek-West Branch Susquehanna River"
"969","WF0-SW","Creek Chub",42,1,0,1.62324929,"6/13/2022","020502061207 Turtle Creek-West Branch Susquehanna River"
"970","WF0-SW","Creek Chub",63,2.85,0.45484486,1.799340549,"6/7/2024","020502061207 Turtle Creek-West Branch Susquehanna River"
"971","WF0-SW","Creek Chub",94,7.92,0.898725182,1.973127854,"6/7/2024","020502061207 Turtle Creek-West Branch Susquehanna River"
"972","WF0-SW","Creek Chub",84,6.46,0.810232518,1.924279286,"6/7/2024","020502061207 Turtle Creek-West Branch Susquehanna River"
"973","WF0-SW","Creek Chub",61,2.2,0.342422681,1.785329835,"6/7/2024","020502061207 Turtle Creek-West Branch Susquehanna River"
"974","WF0-SW","Creek Chub",59,2.14,0.330413773,1.770852012,"6/7/2024","020502061207 Turtle Creek-West Branch Susquehanna River"
"975","WF0-SW","Creek Chub",75,4.44,0.64738297,1.875061263,"6/7/2024","020502061207 Turtle Creek-West Branch Susquehanna River"
"976","WF0-SW","Creek Chub",65,3.03,0.481442629,1.812913357,"6/7/2024","020502061207 Turtle Creek-West Branch Susquehanna River"
"977","WF0-SW","Creek Chub",70,3.64,0.561101384,1.84509804,"6/7/2024","020502061207 Turtle Creek-West Branch Susquehanna River"
"978","WF0-SW","Creek Chub",66,3.41,0.532754379,1.819543936,"6/7/2024","020502061207 Turtle Creek-West Branch Susquehanna River"
"979","WF0-SW","Creek Chub",70,3.42,0.534026106,1.84509804,"6/7/2024","020502061207 Turtle Creek-West Branch Susquehanna River"
"980","WF0-SW","Creek Chub",71,4.08,0.610660163,1.851258349,"6/7/2024","020502061207 Turtle Creek-West Branch Susquehanna River"
"981","WF0-SW","Creek Chub",146,35,1.544068044,2.164352856,"6/7/2024","020502061207 Turtle Creek-West Branch Susquehanna River"
"982","WF0-SW","Creek Chub",63,3.39,0.530199698,1.799340549,"6/7/2024","020502061207 Turtle Creek-West Branch Susquehanna River"
"983","WF0-SW","Creek Chub",56,1.58,0.198657087,1.748188027,"6/7/2024","020502061207 Turtle Creek-West Branch Susquehanna River"
"984","WF0-SW","Creek Chub",46,0.96,-0.017728767,1.662757832,"6/7/2024","020502061207 Turtle Creek-West Branch Susquehanna River"
"985","WF0-SW","Creek Chub",72,3.99,0.600972896,1.857332496,"6/7/2024","020502061207 Turtle Creek-West Branch Susquehanna River"
"986","WF0-SW","Creek Chub",51,1.36,0.133538908,1.707570176,"6/7/2024","020502061207 Turtle Creek-West Branch Susquehanna River"
"987","WF0-SW","Creek Chub",60,2.34,0.369215857,1.77815125,"6/7/2024","020502061207 Turtle Creek-West Branch Susquehanna River"
"988","WF0-SW","Creek Chub",57,2.31,0.36361198,1.755874856,"6/7/2024","020502061207 Turtle Creek-West Branch Susquehanna River"
"989","WF0-SW","Creek Chub",72,4.87,0.687528961,1.857332496,"6/7/2024","020502061207 Turtle Creek-West Branch Susquehanna River"
"990","WF0-SW","Creek Chub",154,44.46,1.647969458,2.187520721,"6/7/2024","020502061207 Turtle Creek-West Branch Susquehanna River"
"991","WF0-SW","Creek Chub",57,1.91,0.281033367,1.755874856,"6/7/2024","020502061207 Turtle Creek-West Branch Susquehanna River"
"992","WF0-SW","Creek Chub",62,2.88,0.459392488,1.792391689,"6/7/2024","020502061207 Turtle Creek-West Branch Susquehanna River"
"993","WF0-SW","Creek Chub",132,28.36,1.452706227,2.120573931,"6/7/2024","020502061207 Turtle Creek-West Branch Susquehanna River"
"994","WF0-SW","Creek Chub",125,20.42,1.310055738,2.096910013,"6/7/2024","020502061207 Turtle Creek-West Branch Susquehanna River"
"995","WF0-SW","Creek Chub",129,19.72,1.294906911,2.11058971,"6/7/2024","020502061207 Turtle Creek-West Branch Susquehanna River"
"996","WF0-SW","Creek Chub",64,3.14,0.496929648,1.806179974,"6/9/2025","020502061207 Turtle Creek-West Branch Susquehanna River"
"997","WF0-SW","Creek Chub",52,1.4,0.146128036,1.716003344,"6/13/2022","020502061207 Turtle Creek-West Branch Susquehanna River"
"998","WF0-SW","Creek Chub",67,3.7,0.568201724,1.826074803,"6/13/2022","020502061207 Turtle Creek-West Branch Susquehanna River"
"999","WF0-SW","Creek Chub",97,10.2,1.008600172,1.986771734,"6/13/2022","020502061207 Turtle Creek-West Branch Susquehanna River"
"1000","WF0-SW","Creek Chub",58,1.9,0.278753601,1.763427994,"6/13/2022","020502061207 Turtle Creek-West Branch Susquehanna River"
"1001","WF0-SW","Creek Chub",51,1.7,0.230448921,1.707570176,"6/13/2022","020502061207 Turtle Creek-West Branch Susquehanna River"
"1002","WF0-SW","Creek Chub",85,5.1,0.707570176,1.929418926,"6/13/2022","020502061207 Turtle Creek-West Branch Susquehanna River"
"1003","WF0-SW","Creek Chub",39,0.7,-0.15490196,1.591064607,"6/13/2022","020502061207 Turtle Creek-West Branch Susquehanna River"
"1004","WF0-SW","Creek Chub",86,6.9,0.838849091,1.934498451,"6/13/2022","020502061207 Turtle Creek-West Branch Susquehanna River"
"1005","WF0-SW","Creek Chub",56,1.7,0.230448921,1.748188027,"6/13/2022","020502061207 Turtle Creek-West Branch Susquehanna River"
"1006","WF0-SW","Creek Chub",95,8.2,0.913813852,1.977723605,"6/13/2022","020502061207 Turtle Creek-West Branch Susquehanna River"
"1007","WF0-SW","Creek Chub",35,0.3,-0.522878745,1.544068044,"6/13/2022","020502061207 Turtle Creek-West Branch Susquehanna River"
"1008","WF0-SW","Creek Chub",79,5.7,0.755874856,1.897627091,"6/7/2024","020502061207 Turtle Creek-West Branch Susquehanna River"
"1009","WF0-SW","Creek Chub",71,3.83,0.583198774,1.851258349,"6/7/2024","020502061207 Turtle Creek-West Branch Susquehanna River"
"1010","WF0-SW","Creek Chub",78,5.3,0.72427587,1.892094603,"6/7/2024","020502061207 Turtle Creek-West Branch Susquehanna River"
"1011","WF0-SW","Creek Chub",58,2.19,0.340444115,1.763427994,"6/9/2025","020502061207 Turtle Creek-West Branch Susquehanna River"
"1012","WF0-SW","Creek Chub",52,1.33,0.123851641,1.716003344,"6/9/2025","020502061207 Turtle Creek-West Branch Susquehanna River"
"1013","WF0-SW","Creek Chub",92,9.98,0.999130541,1.963787827,"6/9/2025","020502061207 Turtle Creek-West Branch Susquehanna River"
"1014","WF0-SW","Creek Chub",60,2.3,0.361727836,1.77815125,"6/9/2025","020502061207 Turtle Creek-West Branch Susquehanna River"
"1015","WF0-SW","Creek Chub",84,7.02,0.846337112,1.924279286,"6/9/2025","020502061207 Turtle Creek-West Branch Susquehanna River"
"1016","WF0-SW","Creek Chub",101,3.06,0.485721426,2.004321374,"6/9/2025","020502061207 Turtle Creek-West Branch Susquehanna River"
"1017","WF0-SW","Creek Chub",66,4.2,0.62324929,1.819543936,"6/9/2025","020502061207 Turtle Creek-West Branch Susquehanna River"
"1018","WF0-SW","Creek Chub",56,2.04,0.309630167,1.748188027,"6/9/2025","020502061207 Turtle Creek-West Branch Susquehanna River"
"1019","WF0-SW","Creek Chub",55,2.13,0.328379603,1.740362689,"6/9/2025","020502061207 Turtle Creek-West Branch Susquehanna River"
"1020","WF0-SW","Creek Chub",60,2.44,0.387389826,1.77815125,"6/9/2025","020502061207 Turtle Creek-West Branch Susquehanna River"
"1021","WF0-SW","Creek Chub",66,3.34,0.523746467,1.819543936,"6/9/2025","020502061207 Turtle Creek-West Branch Susquehanna River"
"1022","WF0-SW","Creek Chub",142,36.58,1.563243701,2.152288344,"6/9/2025","020502061207 Turtle Creek-West Branch Susquehanna River"
"1023","WF0-SW","Creek Chub",136,34.94,1.543322901,2.133538908,"6/9/2025","020502061207 Turtle Creek-West Branch Susquehanna River"
"1024","WF0-SW","Creek Chub",52,1.42,0.152288344,1.716003344,"6/9/2025","020502061207 Turtle Creek-West Branch Susquehanna River"
"1025","WF0-SW","Creek Chub",54,1.65,0.217483944,1.73239376,"6/9/2025","020502061207 Turtle Creek-West Branch Susquehanna River"
"1026","WF0-SW","Creek Chub",67,3.72,0.57054294,1.826074803,"6/9/2025","020502061207 Turtle Creek-West Branch Susquehanna River"
"1027","WF0-SW","Creek Chub",134,34.64,1.539577883,2.127104798,"6/9/2025","020502061207 Turtle Creek-West Branch Susquehanna River"
"1028","WF0-SW","Creek Chub",142,42.91,1.632558515,2.152288344,"6/9/2025","020502061207 Turtle Creek-West Branch Susquehanna River"
"1029","WF0-SW","Creek Chub",54,2.11,0.324282455,1.73239376,"6/9/2025","020502061207 Turtle Creek-West Branch Susquehanna River"
"1030","WF0-SW","Creek Chub",103,14.68,1.166726056,2.012837225,"6/9/2025","020502061207 Turtle Creek-West Branch Susquehanna River"
"1031","WF0-SW","Creek Chub",50,1.4,0.146128036,1.698970004,"6/9/2025","020502061207 Turtle Creek-West Branch Susquehanna River"
"1032","WF0-SW","Creek Chub",71,4.5,0.653212514,1.851258349,"6/9/2025","020502061207 Turtle Creek-West Branch Susquehanna River"
"1033","WF0-SW","Creek Chub",84,8.05,0.90579588,1.924279286,"6/9/2025","020502061207 Turtle Creek-West Branch Susquehanna River"
"1034","WF0-SW","Creek Chub",55,2,0.301029996,1.740362689,"6/9/2025","020502061207 Turtle Creek-West Branch Susquehanna River"
"1035","WF0-SW","Creek Chub",50,1.58,0.198657087,1.698970004,"6/9/2025","020502061207 Turtle Creek-West Branch Susquehanna River"
"1036","WF0-SW","Creek Chub",60,2.41,0.382017043,1.77815125,"6/9/2025","020502061207 Turtle Creek-West Branch Susquehanna River"
"1037","WF0-SW","Creek Chub",74,4.92,0.691965103,1.86923172,"6/9/2025","020502061207 Turtle Creek-West Branch Susquehanna River"
"1038","WF0-SW","Creek Chub",56,1.68,0.225309282,1.748188027,"6/9/2025","020502061207 Turtle Creek-West Branch Susquehanna River"
"1039","WF0-SW","Creek Chub",74,4.62,0.664641976,1.86923172,"6/9/2025","020502061207 Turtle Creek-West Branch Susquehanna River"
