"","SiteCode","Species","Length_mm","Wt_g","logW","logL","Date","HUC12Watershed"
"1","Baker.LeftAsaph","Blacknose Dace",46,0.84,-0.075720714,1.662757832,"7/16/2024","020502050302 Asaph Run"
"2","Baker.LeftAsaph","Blacknose Dace",48,0.87,-0.060480747,1.681241237,"7/16/2024","020502050302 Asaph Run"
"3","Baker.LeftAsaph","Blacknose Dace",70,3.4,0.531478917,1.84509804,"7/16/2024","020502050302 Asaph Run"
"4","Baker.LeftAsaph","Blacknose Dace",43,0.52,-0.283996656,1.633468456,"7/16/2024","020502050302 Asaph Run"
"5","Baker.LeftAsaph","Blacknose Dace",46,0.75,-0.124938737,1.662757832,"7/16/2024","020502050302 Asaph Run"
"6","Baker.LeftAsaph","Blacknose Dace",68,2.68,0.428134794,1.832508913,"7/16/2024","020502050302 Asaph Run"
"7","Baker.LeftAsaph","Blacknose Dace",64,2.13,0.328379603,1.806179974,"7/16/2024","020502050302 Asaph Run"
"8","Baker.LeftAsaph","Longnose Dace",83,4.4,0.643452676,1.919078092,"7/16/2024","020502050302 Asaph Run"
"9","Baker.LeftAsaph","Blacknose Dace",60,1.86,0.269512944,1.77815125,"7/16/2024","020502050302 Asaph Run"
"10","Baker.LeftAsaph","Blacknose Dace",40,0.52,-0.283996656,1.602059991,"7/16/2024","020502050302 Asaph Run"
"11","Baker.LeftAsaph","Longnose Dace",100,10,1,2,"7/16/2024","020502050302 Asaph Run"
"12","Baker.LeftAsaph","Blacknose Dace",59,1.59,0.201397124,1.770852012,"7/16/2024","020502050302 Asaph Run"
"13","Baker.LeftAsaph","Longnose Dace",131,27.7,1.442479769,2.117271296,"7/16/2024","020502050302 Asaph Run"
"14","Baker.LeftAsaph","Blacknose Dace",63,1.94,0.28780173,1.799340549,"7/16/2024","020502050302 Asaph Run"
"15","Baker.LeftAsaph","Blacknose Dace",59,1.63,0.212187604,1.770852012,"7/16/2024","020502050302 Asaph Run"
"16","Baker.LeftAsaph","Blacknose Dace",40,0.53,-0.27572413,1.602059991,"7/16/2024","020502050302 Asaph Run"
"17","Bonnel.Pine","Longnose Dace",81,4.6,0.662757832,1.908485019,"7/14/2022","020502050604 Mill Run-Pine Creek"
"18","Bonnel.Pine","Blacknose Dace",65,3.3,0.51851394,1.812913357,"7/14/2022","020502050604 Mill Run-Pine Creek"
"19","Bonnel.Pine","Blacknose Dace",55,1.2,0.079181246,1.740362689,"7/14/2022","020502050604 Mill Run-Pine Creek"
"20","Bonnel.Pine","Longnose Dace",67,2.9,0.462397998,1.826074803,"7/14/2022","020502050604 Mill Run-Pine Creek"
"21","Bonnel.Pine","Longnose Dace",69,3.1,0.491361694,1.838849091,"7/14/2022","020502050604 Mill Run-Pine Creek"
"22","Buck.Cedar","Blacknose Dace",49,1,0,1.69019608,"7/11/2023","020502050602 Cedar Run"
"23","Buck.Cedar","Blacknose Dace",60,1.9,0.278753601,1.77815125,"7/11/2023","020502050602 Cedar Run"
"24","Buck.Cedar","Blacknose Dace",77,4.4,0.643452676,1.886490725,"7/11/2023","020502050602 Cedar Run"
"25","Buck.Cedar","Blacknose Dace",44,0.7,-0.15490196,1.643452676,"7/11/2023","020502050602 Cedar Run"
"26","Buck.Cedar","Blacknose Dace",58,1.8,0.255272505,1.763427994,"7/11/2023","020502050602 Cedar Run"
"27","Buck.Cedar","Blacknose Dace",45,0.8,-0.096910013,1.653212514,"7/11/2023","020502050602 Cedar Run"
"28","Buck.Cedar","Blacknose Dace",48,0.9,-0.045757491,1.681241237,"7/11/2023","020502050602 Cedar Run"
"29","Buck.Cedar","Blacknose Dace",48,0.8,-0.096910013,1.681241237,"7/11/2023","020502050602 Cedar Run"
"30","Buck.Cedar","Blacknose Dace",59,1.8,0.255272505,1.770852012,"7/11/2023","020502050602 Cedar Run"
"31","Buck.Cedar","Blacknose Dace",62,2.1,0.322219295,1.792391689,"7/11/2023","020502050602 Cedar Run"
"32","Buck.Cedar","Blacknose Dace",52,1.1,0.041392685,1.716003344,"7/11/2023","020502050602 Cedar Run"
"33","Buck.Cedar","Blacknose Dace",82,5.3,0.72427587,1.913813852,"7/11/2023","020502050602 Cedar Run"
"34","Buck.Cedar","Blacknose Dace",37,0.4,-0.397940009,1.568201724,"7/11/2023","020502050602 Cedar Run"
"35","Buck.Cedar","Blacknose Dace",41,0.8,-0.096910013,1.612783857,"7/11/2023","020502050602 Cedar Run"
"36","Buck.Cedar","Blacknose Dace",43,0.6,-0.22184875,1.633468456,"7/11/2023","020502050602 Cedar Run"
"37","Buck.Cedar","Blacknose Dace",83,5.7,0.755874856,1.919078092,"7/11/2023","020502050602 Cedar Run"
"38","Buck.Cedar","Blacknose Dace",45,0.8,-0.096910013,1.653212514,"7/11/2023","020502050602 Cedar Run"
"39","Buck.Cedar","Blacknose Dace",64,2.2,0.342422681,1.806179974,"7/11/2023","020502050602 Cedar Run"
"40","Buck.Cedar","Blacknose Dace",62,2,0.301029996,1.792391689,"7/11/2023","020502050602 Cedar Run"
"41","Buck.Cedar","Blacknose Dace",44,0.7,-0.15490196,1.643452676,"7/11/2023","020502050602 Cedar Run"
"42","Buck.Cedar","Blacknose Dace",62,1.8,0.255272505,1.792391689,"7/11/2023","020502050602 Cedar Run"
"43","Buck.Cedar","Blacknose Dace",61,2,0.301029996,1.785329835,"7/11/2023","020502050602 Cedar Run"
"44","Buck.Cedar","Blacknose Dace",92,5.5,0.740362689,1.963787827,"7/11/2023","020502050602 Cedar Run"
"45","Coal.Loyalsock","Blacknose Dace",75,3.5,0.544068044,1.875061263,"6/30/2022","020502060304 Little Loyalsock Creek-Loyalsock Creek"
"46","Coal.Loyalsock","Blacknose Dace",49,0.94,-0.026872146,1.69019608,"6/24/2025","020502060304 Little Loyalsock Creek-Loyalsock Creek"
"47","Coal.Loyalsock","Blacknose Dace",46,0.8,-0.096910013,1.662757832,"6/24/2025","020502060304 Little Loyalsock Creek-Loyalsock Creek"
"48","CR0-SY","Longnose Dace",53,1.4,0.146128036,1.72427587,"6/3/2022","020502061005 Buffalo Creek"
"49","CR0-SY","Blacknose Dace",54,1.4,0.146128036,1.73239376,"6/3/2022","020502061005 Buffalo Creek"
"50","CR0-SY","Blacknose Dace",68,3.4,0.531478917,1.832508913,"6/3/2022","020502061005 Buffalo Creek"
"51","CR0-SY","Longnose Dace",86,5.8,0.763427994,1.934498451,"6/3/2022","020502061005 Buffalo Creek"
"52","CR0-SY","Blacknose Dace",59,2.1,0.322219295,1.770852012,"6/3/2022","020502061005 Buffalo Creek"
"53","CR0-SY","Tessellated Darter",43,0.5,-0.301029996,1.633468456,"6/3/2022","020502061005 Buffalo Creek"
"54","CR0-SY","Blacknose Dace",67,2.5,0.397940009,1.826074803,"6/3/2022","020502061005 Buffalo Creek"
"55","CR0-SY","Blacknose Dace",57,2,0.301029996,1.755874856,"6/3/2022","020502061005 Buffalo Creek"
"56","CR0-SY","Longnose Dace",53,1.6,0.204119983,1.72427587,"6/3/2022","020502061005 Buffalo Creek"
"57","CR0-SY","Longnose Dace",81,5.2,0.716003344,1.908485019,"6/3/2022","020502061005 Buffalo Creek"
"58","CR0-SY","Longnose Dace",63,2.3,0.361727836,1.799340549,"6/3/2022","020502061005 Buffalo Creek"
"59","CR0-SY","Longnose Dace",48,1,0,1.681241237,"6/3/2022","020502061005 Buffalo Creek"
"60","CR0-SY","Blacknose Dace",59,1.9,0.278753601,1.770852012,"6/3/2022","020502061005 Buffalo Creek"
"61","CR0-SY","Creek Chub",78,5,0.698970004,1.892094603,"6/3/2022","020502061005 Buffalo Creek"
"62","CR0-SY","Longnose Dace",85,6.1,0.785329835,1.929418926,"6/3/2022","020502061005 Buffalo Creek"
"63","CR0-SY","Longnose Dace",65,2.7,0.431363764,1.812913357,"6/3/2022","020502061005 Buffalo Creek"
"64","CR0-SY","Creek Chub",91,9.4,0.973127854,1.959041392,"6/3/2022","020502061005 Buffalo Creek"
"65","CR0-SY","Tessellated Darter",64,2.2,0.342422681,1.806179974,"6/3/2022","020502061005 Buffalo Creek"
"66","CR0-SY","Longnose Dace",80,4.8,0.681241237,1.903089987,"6/3/2022","020502061005 Buffalo Creek"
"67","CR0-SY","Blacknose Dace",52,1.5,0.176091259,1.716003344,"6/3/2022","020502061005 Buffalo Creek"
"68","CR0-SY","Creek Chub",82,5.7,0.755874856,1.913813852,"6/3/2022","020502061005 Buffalo Creek"
"69","CR0-SY","Blacknose Dace",41,0.4,-0.397940009,1.612783857,"6/3/2022","020502061005 Buffalo Creek"
"70","CR0-SY","Blacknose Dace",43,0.7,-0.15490196,1.633468456,"6/3/2022","020502061005 Buffalo Creek"
"71","CR0-SY","Creek Chub",90,7.7,0.886490725,1.954242509,"6/3/2022","020502061005 Buffalo Creek"
"72","CR0-SY","Tessellated Darter",72,3.6,0.556302501,1.857332496,"6/3/2022","020502061005 Buffalo Creek"
"73","CR0-SY","Blacknose Dace",63,2.6,0.414973348,1.799340549,"6/3/2022","020502061005 Buffalo Creek"
"74","CR0-SY","Creek Chub",82,8.1,0.908485019,1.913813852,"6/3/2022","020502061005 Buffalo Creek"
"75","CR0-SY","Blacknose Dace",54,1.4,0.146128036,1.73239376,"6/3/2022","020502061005 Buffalo Creek"
"76","CR0-SY","Longnose Dace",65,3.3,0.51851394,1.812913357,"6/3/2022","020502061005 Buffalo Creek"
"77","CR0-SY","Creek Chub",96,8.7,0.939519253,1.982271233,"6/3/2022","020502061005 Buffalo Creek"
"78","CR0-SY","Blacknose Dace",60,2.5,0.397940009,1.77815125,"6/3/2022","020502061005 Buffalo Creek"
"79","CR0-SY","Creek Chub",47,1.1,0.041392685,1.672097858,"6/3/2022","020502061005 Buffalo Creek"
"80","CR0-SY","Longnose Dace",58,1.9,0.278753601,1.763427994,"6/3/2022","020502061005 Buffalo Creek"
"81","CR0-SY","Blacknose Dace",64,2.6,0.414973348,1.806179974,"6/3/2022","020502061005 Buffalo Creek"
"82","CR0-SY","Longnose Dace",52,1.4,0.146128036,1.716003344,"6/3/2022","020502061005 Buffalo Creek"
"83","CR0-SY","Blacknose Dace",64,3.1,0.491361694,1.806179974,"6/3/2022","020502061005 Buffalo Creek"
"84","CR0-SY","Longnose Dace",60,1.8,0.255272505,1.77815125,"6/3/2022","020502061005 Buffalo Creek"
"85","CR0-SY","Tessellated Darter",59,2.1,0.322219295,1.770852012,"6/3/2022","020502061005 Buffalo Creek"
"86","CR0-SY","Longnose Dace",86,6.2,0.792391689,1.934498451,"6/3/2022","020502061005 Buffalo Creek"
"87","CR0-SY","Creek Chub",39,0.7,-0.15490196,1.591064607,"6/3/2022","020502061005 Buffalo Creek"
"88","CR0-SY","Creek Chub",61,2.6,0.414973348,1.785329835,"6/3/2022","020502061005 Buffalo Creek"
"89","CR0-SY","Longnose Dace",83,7.5,0.875061263,1.919078092,"6/3/2022","020502061005 Buffalo Creek"
"90","CR0-SY","Blacknose Dace",43,0.7,-0.15490196,1.633468456,"6/3/2022","020502061005 Buffalo Creek"
"91","CR0-SY","Blacknose Dace",52,1.4,0.146128036,1.716003344,"6/3/2022","020502061005 Buffalo Creek"
"92","CR0-SY","Longnose Dace",65,2.6,0.414973348,1.812913357,"6/3/2022","020502061005 Buffalo Creek"
"93","CR0-SY","Longnose Dace",93,8.7,0.939519253,1.968482949,"6/3/2022","020502061005 Buffalo Creek"
"94","CR0-SY","Longnose Dace",71,3.6,0.556302501,1.851258349,"6/3/2022","020502061005 Buffalo Creek"
"95","CR0-SY","Creek Chub",78,4.8,0.681241237,1.892094603,"6/3/2022","020502061005 Buffalo Creek"
"96","CR0-SY","Longnose Dace",87,6.1,0.785329835,1.939519253,"6/3/2022","020502061005 Buffalo Creek"
"97","CR0-SY","Longnose Dace",65,2.6,0.414973348,1.812913357,"6/3/2022","020502061005 Buffalo Creek"
"98","CR0-SY","Longnose Dace",55,1.5,0.176091259,1.740362689,"6/3/2022","020502061005 Buffalo Creek"
"99","CR0-SY","Longnose Dace",63,2.1,0.322219295,1.799340549,"6/3/2022","020502061005 Buffalo Creek"
"100","CR0-SY","Longnose Dace",64,2.4,0.380211242,1.806179974,"6/3/2022","020502061005 Buffalo Creek"
"101","CR0-SY","Creek Chub",77,6.7,0.826074803,1.886490725,"6/3/2022","020502061005 Buffalo Creek"
"102","CR0-SY","Blacknose Dace",64,2.8,0.447158031,1.806179974,"6/3/2022","020502061005 Buffalo Creek"
"103","CR0-SY","Longnose Dace",65,2.9,0.462397998,1.812913357,"6/3/2022","020502061005 Buffalo Creek"
"104","CR0-SY","Blacknose Dace",69,3.2,0.505149978,1.838849091,"6/3/2022","020502061005 Buffalo Creek"
"105","CR0-SY","Blacknose Dace",63,2.7,0.431363764,1.799340549,"6/3/2022","020502061005 Buffalo Creek"
"106","CR0-SY","Blacknose Dace",56,1.9,0.278753601,1.748188027,"6/3/2022","020502061005 Buffalo Creek"
"107","CR0-SY","Blacknose Dace",57,1.8,0.255272505,1.755874856,"6/3/2022","020502061005 Buffalo Creek"
"108","CR0-SY","Tessellated Darter",55,1.6,0.204119983,1.740362689,"6/3/2022","020502061005 Buffalo Creek"
"109","CR0-SY","Blacknose Dace",59,2.1,0.322219295,1.770852012,"6/3/2022","020502061005 Buffalo Creek"
"110","CR0-SY","Blacknose Dace",65,2.5,0.397940009,1.812913357,"6/3/2022","020502061005 Buffalo Creek"
"111","CR0-SY","Longnose Dace",55,1.6,0.204119983,1.740362689,"6/3/2022","020502061005 Buffalo Creek"
"112","CR0-SY","Blacknose Dace",78,5.2,0.716003344,1.892094603,"6/3/2022","020502061005 Buffalo Creek"
"113","CR0-SY","Longnose Dace",83,5.7,0.755874856,1.919078092,"6/3/2022","020502061005 Buffalo Creek"
"114","CR0-SY","Longnose Dace",95,10,1,1.977723605,"6/3/2022","020502061005 Buffalo Creek"
"115","CR0-SY","Longnose Dace",86,7.5,0.875061263,1.934498451,"6/3/2022","020502061005 Buffalo Creek"
"116","CR0-SY","Longnose Dace",68,2.6,0.414973348,1.832508913,"6/3/2022","020502061005 Buffalo Creek"
"117","CR0-SY","Longnose Dace",68,3.2,0.505149978,1.832508913,"6/3/2022","020502061005 Buffalo Creek"
"118","CR0-SY","Longnose Dace",75,8.1,0.908485019,1.875061263,"6/5/2023","020502061005 Buffalo Creek"
"119","CR0-SY","Blacknose Dace",75,7.5,0.875061263,1.875061263,"6/5/2023","020502061005 Buffalo Creek"
"120","CR0-SY","Blacknose Dace",42,0.5,-0.301029996,1.62324929,"6/5/2023","020502061005 Buffalo Creek"
"121","CR0-SY","Blacknose Dace",54,1.8,0.255272505,1.73239376,"6/5/2023","020502061005 Buffalo Creek"
"122","CR0-SY","Blacknose Dace",53,2.3,0.361727836,1.72427587,"6/5/2023","020502061005 Buffalo Creek"
"123","CR0-SY","Blacknose Dace",64,2.5,0.397940009,1.806179974,"6/5/2023","020502061005 Buffalo Creek"
"124","CR0-SY","Blacknose Dace",61,2.1,0.322219295,1.785329835,"6/5/2023","020502061005 Buffalo Creek"
"125","CR0-SY","Longnose Dace",70,3.8,0.579783597,1.84509804,"6/5/2023","020502061005 Buffalo Creek"
"126","CR0-SY","Longnose Dace",76,4.8,0.681241237,1.880813592,"6/5/2023","020502061005 Buffalo Creek"
"127","CR0-SY","Blacknose Dace",60,3.7,0.568201724,1.77815125,"6/5/2023","020502061005 Buffalo Creek"
"128","CR0-SY","Longnose Dace",61,2.1,0.322219295,1.785329835,"6/5/2023","020502061005 Buffalo Creek"
"129","CR0-SY","Longnose Dace",63,2.2,0.342422681,1.799340549,"6/5/2023","020502061005 Buffalo Creek"
"130","CR0-SY","Blacknose Dace",58,1.9,0.278753601,1.763427994,"6/5/2023","020502061005 Buffalo Creek"
"131","CR0-SY","Creek Chub",80,5.8,0.763427994,1.903089987,"6/5/2023","020502061005 Buffalo Creek"
"132","CR0-SY","Longnose Dace",65,6.3,0.799340549,1.812913357,"6/5/2023","020502061005 Buffalo Creek"
"133","CR0-SY","Longnose Dace",80,5.7,0.755874856,1.903089987,"6/5/2023","020502061005 Buffalo Creek"
"134","CR0-SY","Creek Chub",86,7.1,0.851258349,1.934498451,"6/5/2023","020502061005 Buffalo Creek"
"135","CR0-SY","Longnose Dace",71,6.4,0.806179974,1.851258349,"6/5/2023","020502061005 Buffalo Creek"
"136","CR0-SY","Longnose Dace",115,10.5,1.021189299,2.06069784,"6/5/2023","020502061005 Buffalo Creek"
"137","CR0-SY","Creek Chub",69,3.1,0.491361694,1.838849091,"6/5/2023","020502061005 Buffalo Creek"
"138","CR0-SY","Tessellated Darter",45,0.8,-0.096910013,1.653212514,"6/5/2023","020502061005 Buffalo Creek"
"139","CR0-SY","Longnose Dace",62,2.5,0.397940009,1.792391689,"6/5/2023","020502061005 Buffalo Creek"
"140","CR0-SY","Creek Chub",101,9.3,0.968482949,2.004321374,"6/5/2023","020502061005 Buffalo Creek"
"141","CR0-SY","Creek Chub",48,1,0,1.681241237,"6/5/2023","020502061005 Buffalo Creek"
"142","CR0-SY","Longnose Dace",94,9.4,0.973127854,1.973127854,"6/5/2023","020502061005 Buffalo Creek"
"143","CR0-SY","Blacknose Dace",42,0.6,-0.22184875,1.62324929,"6/5/2023","020502061005 Buffalo Creek"
"144","CR0-SY","Creek Chub",89,8,0.903089987,1.949390007,"6/5/2023","020502061005 Buffalo Creek"
"145","CR0-SY","Blacknose Dace",61,2,0.301029996,1.785329835,"6/5/2023","020502061005 Buffalo Creek"
"146","CR0-SY","Blacknose Dace",33,0.3,-0.522878745,1.51851394,"6/5/2023","020502061005 Buffalo Creek"
"147","CR0-SY","Longnose Dace",60,2.2,0.342422681,1.77815125,"6/5/2023","020502061005 Buffalo Creek"
"148","CR0-SY","Creek Chub",135,28.6,1.456366033,2.130333768,"6/5/2023","020502061005 Buffalo Creek"
"149","CR0-SY","Blacknose Dace",71,3.5,0.544068044,1.851258349,"6/5/2023","020502061005 Buffalo Creek"
"150","CR0-SY","Longnose Dace",68,3,0.477121255,1.832508913,"6/5/2023","020502061005 Buffalo Creek"
"151","CR0-SY","Blacknose Dace",44,0.7,-0.15490196,1.643452676,"6/5/2023","020502061005 Buffalo Creek"
"152","CR0-SY","Tessellated Darter",52,1,0,1.716003344,"6/5/2023","020502061005 Buffalo Creek"
"153","CR0-SY","Longnose Dace",68,3.1,0.491361694,1.832508913,"6/5/2023","020502061005 Buffalo Creek"
"154","CR0-SY","Blacknose Dace",65,2.8,0.447158031,1.812913357,"6/5/2023","020502061005 Buffalo Creek"
"155","CR0-SY","Blacknose Dace",39,0.5,-0.301029996,1.591064607,"6/5/2023","020502061005 Buffalo Creek"
"156","CR0-SY","Tessellated Darter",59,1.7,0.230448921,1.770852012,"6/5/2023","020502061005 Buffalo Creek"
"157","CR0-SY","Longnose Dace",91,8.1,0.908485019,1.959041392,"6/5/2023","020502061005 Buffalo Creek"
"158","CR0-SY","Longnose Dace",56,1.7,0.230448921,1.748188027,"6/5/2023","020502061005 Buffalo Creek"
"159","CR0-SY","Longnose Dace",60,2.2,0.342422681,1.77815125,"6/5/2023","020502061005 Buffalo Creek"
"160","CR0-SY","Blacknose Dace",69,1.9,0.278753601,1.838849091,"6/5/2023","020502061005 Buffalo Creek"
"161","CR0-SY","Blacknose Dace",65,2.3,0.361727836,1.812913357,"6/5/2023","020502061005 Buffalo Creek"
"162","CR0-SY","Longnose Dace",73,3.4,0.531478917,1.86332286,"6/5/2023","020502061005 Buffalo Creek"
"163","CR0-SY","Longnose Dace",75,4.4,0.643452676,1.875061263,"6/5/2023","020502061005 Buffalo Creek"
"164","CR0-SY","Longnose Dace",68,3.2,0.505149978,1.832508913,"6/5/2023","020502061005 Buffalo Creek"
"165","CR0-SY","Blacknose Dace",67,2.9,0.462397998,1.826074803,"6/5/2023","020502061005 Buffalo Creek"
"166","CR0-SY","Blacknose Dace",37,0.6,-0.22184875,1.568201724,"6/5/2023","020502061005 Buffalo Creek"
"167","CR0-SY","Longnose Dace",64,2.3,0.361727836,1.806179974,"6/5/2023","020502061005 Buffalo Creek"
"168","CR0-SY","Blacknose Dace",67,2.8,0.447158031,1.826074803,"6/5/2023","020502061005 Buffalo Creek"
"169","CR0-SY","Blacknose Dace",54,1.7,0.230448921,1.73239376,"6/5/2023","020502061005 Buffalo Creek"
"170","CR0-SY","Longnose Dace",61,2.3,0.361727836,1.785329835,"6/5/2023","020502061005 Buffalo Creek"
"171","CR0-SY","Blacknose Dace",35,0.5,-0.301029996,1.544068044,"6/5/2023","020502061005 Buffalo Creek"
"172","CR0-SY","Longnose Dace",59,1.7,0.230448921,1.770852012,"6/5/2023","020502061005 Buffalo Creek"
"173","CR0-SY","Longnose Dace",87,6.7,0.826074803,1.939519253,"6/5/2023","020502061005 Buffalo Creek"
"174","CR0-SY","Tessellated Darter",36,0.4,-0.397940009,1.556302501,"6/5/2023","020502061005 Buffalo Creek"
"175","CR0-SY","Longnose Dace",76,4,0.602059991,1.880813592,"6/5/2023","020502061005 Buffalo Creek"
"176","CR0-SY","Longnose Dace",69,3.2,0.505149978,1.838849091,"6/5/2023","020502061005 Buffalo Creek"
"177","CR0-SY","Longnose Dace",72,3.1,0.491361694,1.857332496,"6/5/2023","020502061005 Buffalo Creek"
"178","CR0-SY","Blacknose Dace",47,0.6,-0.22184875,1.672097858,"6/5/2023","020502061005 Buffalo Creek"
"179","CR0-SY","Blacknose Dace",72,5.9,0.770852012,1.857332496,"6/5/2023","020502061005 Buffalo Creek"
"180","CR0-SY","Blacknose Dace",60,2.4,0.380211242,1.77815125,"6/5/2023","020502061005 Buffalo Creek"
"181","CR0-SY","Longnose Dace",65,2.6,0.414973348,1.812913357,"6/5/2023","020502061005 Buffalo Creek"
"182","CR0-SY","Blacknose Dace",62,2.8,0.447158031,1.792391689,"6/5/2023","020502061005 Buffalo Creek"
"183","CR0-SY","Blacknose Dace",71,3.1,0.491361694,1.851258349,"6/5/2023","020502061005 Buffalo Creek"
"184","CR0-SY","Longnose Dace",65,2.4,0.380211242,1.812913357,"6/5/2023","020502061005 Buffalo Creek"
"185","CR0-SY","Creek Chub",157,48.5,1.685741739,2.195899652,"6/5/2023","020502061005 Buffalo Creek"
"186","CR0-SY","Longnose Dace",66,3.1,0.491361694,1.819543936,"6/5/2023","020502061005 Buffalo Creek"
"187","CR0-SY","Blacknose Dace",45,0.8,-0.096910013,1.653212514,"6/5/2023","020502061005 Buffalo Creek"
"188","Darling.Pine","Blacknose Dace",66,2.6,0.414973348,1.819543936,"7/18/2022","020502050601 Trout Run-Pine Creek"
"189","Darling.Pine","Blacknose Dace",62,2.1,0.322219295,1.792391689,"7/18/2022","020502050601 Trout Run-Pine Creek"
"190","Darling.Pine","Blacknose Dace",69,3,0.477121255,1.838849091,"7/18/2022","020502050601 Trout Run-Pine Creek"
"191","Darling.Pine","Blacknose Dace",68,2.8,0.447158031,1.832508913,"7/18/2022","020502050601 Trout Run-Pine Creek"
"192","Darling.Pine","Blacknose Dace",75,3.5,0.544068044,1.875061263,"7/18/2022","020502050601 Trout Run-Pine Creek"
"193","Darling.Pine","Longnose Dace",71,3,0.477121255,1.851258349,"7/18/2022","020502050601 Trout Run-Pine Creek"
"194","Darling.Pine","Longnose Dace",93,6.9,0.838849091,1.968482949,"7/18/2022","020502050601 Trout Run-Pine Creek"
"195","Darling.Pine","Blacknose Dace",68,2.6,0.414973348,1.832508913,"7/18/2022","020502050601 Trout Run-Pine Creek"
"196","Darling.Pine","Longnose Dace",82,5.5,0.740362689,1.913813852,"7/18/2022","020502050601 Trout Run-Pine Creek"
"197","Darling.Pine","Blacknose Dace",77,4,0.602059991,1.886490725,"7/18/2022","020502050601 Trout Run-Pine Creek"
"198","Darling.Pine","Blacknose Dace",73,3.7,0.568201724,1.86332286,"7/18/2022","020502050601 Trout Run-Pine Creek"
"199","Darling.Pine","Longnose Dace",40,0.5,-0.301029996,1.602059991,"7/18/2022","020502050601 Trout Run-Pine Creek"
"200","Darling.Pine","Blacknose Dace",65,3,0.477121255,1.812913357,"7/18/2022","020502050601 Trout Run-Pine Creek"
"201","Darling.Pine","Longnose Dace",34,0.3,-0.522878745,1.531478917,"7/18/2022","020502050601 Trout Run-Pine Creek"
"202","Darling.Pine","Longnose Dace",42,0.6,-0.22184875,1.62324929,"7/18/2022","020502050601 Trout Run-Pine Creek"
"203","Darling.Pine","Blacknose Dace",74,3.6,0.556302501,1.86923172,"7/18/2022","020502050601 Trout Run-Pine Creek"
"204","Darling.Pine","Longnose Dace",41,0.5,-0.301029996,1.612783857,"7/18/2022","020502050601 Trout Run-Pine Creek"
"205","Darling.Pine","Longnose Dace",80,3.84,0.584331224,1.903089987,"7/8/2025","020502050601 Trout Run-Pine Creek"
"206","Darling.Pine","Longnose Dace",76,3.48,0.541579244,1.880813592,"7/8/2025","020502050601 Trout Run-Pine Creek"
"207","Darling.Pine","Longnose Dace",77,4.05,0.607455023,1.886490725,"7/8/2025","020502050601 Trout Run-Pine Creek"
"208","Darling.Pine","Longnose Dace",101,9.04,0.95616843,2.004321374,"7/8/2025","020502050601 Trout Run-Pine Creek"
"209","Darling.Pine","Blacknose Dace",70,3.4,0.531478917,1.84509804,"7/18/2022","020502050601 Trout Run-Pine Creek"
"210","Darling.Pine","Longnose Dace",40,0.4,-0.397940009,1.602059991,"7/18/2022","020502050601 Trout Run-Pine Creek"
"211","Darling.Pine","Blacknose Dace",63,2.32,0.365487985,1.799340549,"7/8/2025","020502050601 Trout Run-Pine Creek"
"212","Darling.Pine","Longnose Dace",76,3.8,0.579783597,1.880813592,"7/8/2025","020502050601 Trout Run-Pine Creek"
"213","Darling.Pine","Blacknose Dace",62,3.64,0.561101384,1.792391689,"7/8/2025","020502050601 Trout Run-Pine Creek"
"214","Darling.Pine","Longnose Dace",39,0.3,-0.522878745,1.591064607,"7/18/2022","020502050601 Trout Run-Pine Creek"
"215","Darling.Pine","Longnose Dace",37,0.4,-0.397940009,1.568201724,"7/18/2022","020502050601 Trout Run-Pine Creek"
"216","Darling.Pine","Longnose Dace",40,0.5,-0.301029996,1.602059991,"7/18/2022","020502050601 Trout Run-Pine Creek"
"217","Darling.Pine","Blacknose Dace",74,3.8,0.579783597,1.86923172,"7/18/2022","020502050601 Trout Run-Pine Creek"
"218","Darling.Pine","Blacknose Dace",64,2.3,0.361727836,1.806179974,"7/18/2022","020502050601 Trout Run-Pine Creek"
"219","Darling.Pine","Blacknose Dace",62,2,0.301029996,1.792391689,"7/18/2022","020502050601 Trout Run-Pine Creek"
"220","Darling.Pine","Blacknose Dace",44,0.65,-0.187086643,1.643452676,"7/8/2025","020502050601 Trout Run-Pine Creek"
"221","Darling.Pine","Longnose Dace",112,11.77,1.070776463,2.049218023,"7/8/2025","020502050601 Trout Run-Pine Creek"
"222","Darling.Pine","Longnose Dace",106,10.49,1.020775488,2.025305865,"7/8/2025","020502050601 Trout Run-Pine Creek"
"223","Darling.Pine","Longnose Dace",71,3.16,0.499687083,1.851258349,"7/8/2025","020502050601 Trout Run-Pine Creek"
"224","Darling.Pine","Blacknose Dace",66,2.64,0.421603927,1.819543936,"7/8/2025","020502050601 Trout Run-Pine Creek"
"225","Darling.Pine","Blacknose Dace",60,1.75,0.243038049,1.77815125,"7/8/2025","020502050601 Trout Run-Pine Creek"
"226","Darling.Pine","Blacknose Dace",73,3.17,0.501059262,1.86332286,"7/8/2025","020502050601 Trout Run-Pine Creek"
"227","Darling.Pine","Longnose Dace",39,0.4,-0.397940009,1.591064607,"7/18/2022","020502050601 Trout Run-Pine Creek"
"228","Darling.Pine","Tessellated Darter",67,2.7,0.431363764,1.826074803,"7/18/2022","020502050601 Trout Run-Pine Creek"
"229","Darling.Pine","Blacknose Dace",73,3.9,0.591064607,1.86332286,"7/18/2022","020502050601 Trout Run-Pine Creek"
"230","Darling.Pine","Blacknose Dace",77,3.7,0.568201724,1.886490725,"7/18/2022","020502050601 Trout Run-Pine Creek"
"231","Darling.Pine","Blacknose Dace",69,2.8,0.447158031,1.838849091,"7/18/2022","020502050601 Trout Run-Pine Creek"
"232","Darling.Pine","Longnose Dace",39,0.4,-0.397940009,1.591064607,"7/18/2022","020502050601 Trout Run-Pine Creek"
"233","Darling.Pine","Blacknose Dace",64,2.3,0.361727836,1.806179974,"7/18/2022","020502050601 Trout Run-Pine Creek"
"234","Darling.Pine","Blacknose Dace",56,1.4,0.146128036,1.748188027,"7/18/2022","020502050601 Trout Run-Pine Creek"
"235","Darling.Pine","Longnose Dace",34,0.3,-0.522878745,1.531478917,"7/18/2022","020502050601 Trout Run-Pine Creek"
"236","Darling.Pine","Blacknose Dace",71,3.2,0.505149978,1.851258349,"7/18/2022","020502050601 Trout Run-Pine Creek"
"237","Darling.Pine","Longnose Dace",38,0.4,-0.397940009,1.579783597,"7/18/2022","020502050601 Trout Run-Pine Creek"
"238","Darling.Pine","Longnose Dace",40,0.5,-0.301029996,1.602059991,"7/18/2022","020502050601 Trout Run-Pine Creek"
"239","Darling.Pine","Longnose Dace",40,0.4,-0.397940009,1.602059991,"7/18/2022","020502050601 Trout Run-Pine Creek"
"240","Darling.Pine","Longnose Dace",71,3,0.477121255,1.851258349,"7/18/2022","020502050601 Trout Run-Pine Creek"
"241","Darling.Pine","Longnose Dace",57,1.5,0.176091259,1.755874856,"7/18/2022","020502050601 Trout Run-Pine Creek"
"242","Darling.Pine","Longnose Dace",94,8,0.903089987,1.973127854,"7/18/2022","020502050601 Trout Run-Pine Creek"
"243","Darling.Pine","Blacknose Dace",65,2.4,0.380211242,1.812913357,"7/18/2022","020502050601 Trout Run-Pine Creek"
"244","Darling.Pine","Blacknose Dace",73,3.2,0.505149978,1.86332286,"7/18/2022","020502050601 Trout Run-Pine Creek"
"245","Darling.Pine","Blacknose Dace",69,2.9,0.462397998,1.838849091,"7/18/2022","020502050601 Trout Run-Pine Creek"
"246","Darling.Pine","Longnose Dace",74,3.7,0.568201724,1.86923172,"7/18/2022","020502050601 Trout Run-Pine Creek"
"247","Darling.Pine","Longnose Dace",90,5.9,0.770852012,1.954242509,"7/18/2022","020502050601 Trout Run-Pine Creek"
"248","Darling.Pine","Longnose Dace",38,0.4,-0.397940009,1.579783597,"7/18/2022","020502050601 Trout Run-Pine Creek"
"249","Darling.Pine","Blacknose Dace",86,5.8,0.763427994,1.934498451,"7/18/2022","020502050601 Trout Run-Pine Creek"
"250","Darling.Pine","Blacknose Dace",67,2.43,0.385606274,1.826074803,"7/8/2025","020502050601 Trout Run-Pine Creek"
"251","Darling.Pine","Blacknose Dace",42,0.81,-0.091514981,1.62324929,"7/8/2025","020502050601 Trout Run-Pine Creek"
"252","Darling.Pine","Longnose Dace",89,5.62,0.749736316,1.949390007,"7/8/2025","020502050601 Trout Run-Pine Creek"
"253","Darling.Pine","Longnose Dace",87,5.42,0.733999287,1.939519253,"7/8/2025","020502050601 Trout Run-Pine Creek"
"254","Darling.Pine","Longnose Dace",102,9.35,0.970811611,2.008600172,"7/8/2025","020502050601 Trout Run-Pine Creek"
"255","Darling.Pine","Longnose Dace",109,10.62,1.026124517,2.037426498,"7/8/2025","020502050601 Trout Run-Pine Creek"
"256","Darling.Pine","Longnose Dace",65,2.7,0.431363764,1.812913357,"7/8/2025","020502050601 Trout Run-Pine Creek"
"257","Darling.Pine","Blacknose Dace",64,2.45,0.389166084,1.806179974,"7/8/2025","020502050601 Trout Run-Pine Creek"
"258","Darling.Pine","Longnose Dace",83,4.63,0.665580991,1.919078092,"7/8/2025","020502050601 Trout Run-Pine Creek"
"259","Darling.Pine","Longnose Dace",33,0.3,-0.522878745,1.51851394,"7/18/2022","020502050601 Trout Run-Pine Creek"
"260","Darling.Pine","Blacknose Dace",60,1.9,0.278753601,1.77815125,"7/18/2022","020502050601 Trout Run-Pine Creek"
"261","Darling.Pine","Longnose Dace",42,0.7,-0.15490196,1.62324929,"7/18/2022","020502050601 Trout Run-Pine Creek"
"262","Darling.Pine","Blacknose Dace",68,2.8,0.447158031,1.832508913,"7/18/2022","020502050601 Trout Run-Pine Creek"
"263","Darling.Pine","Blacknose Dace",80,5.1,0.707570176,1.903089987,"7/18/2022","020502050601 Trout Run-Pine Creek"
"264","Darling.Pine","Longnose Dace",40,0.4,-0.397940009,1.602059991,"7/18/2022","020502050601 Trout Run-Pine Creek"
"265","Darling.Pine","Longnose Dace",93,9.1,0.959041392,1.968482949,"7/18/2022","020502050601 Trout Run-Pine Creek"
"266","Darling.Pine","Blacknose Dace",56,1.5,0.176091259,1.748188027,"7/18/2022","020502050601 Trout Run-Pine Creek"
"267","Darling.Pine","Longnose Dace",38,0.4,-0.397940009,1.579783597,"7/18/2022","020502050601 Trout Run-Pine Creek"
"268","Darling.Pine","Longnose Dace",36,0.2,-0.698970004,1.556302501,"7/18/2022","020502050601 Trout Run-Pine Creek"
"269","Darling.Pine","Blacknose Dace",65,2.6,0.414973348,1.812913357,"7/18/2022","020502050601 Trout Run-Pine Creek"
"270","Darling.Pine","Longnose Dace",71,3.23,0.509202522,1.851258349,"7/8/2025","020502050601 Trout Run-Pine Creek"
"271","Darling.Pine","Blacknose Dace",55,1.59,0.201397124,1.740362689,"7/8/2025","020502050601 Trout Run-Pine Creek"
"272","Darling.Pine","Longnose Dace",79,4.04,0.606381365,1.897627091,"7/8/2025","020502050601 Trout Run-Pine Creek"
"273","Darling.Pine","Longnose Dace",70,3.03,0.481442629,1.84509804,"7/8/2025","020502050601 Trout Run-Pine Creek"
"274","Darling.Pine","Blacknose Dace",77,3.62,0.558708571,1.886490725,"7/8/2025","020502050601 Trout Run-Pine Creek"
"275","Darling.Pine","Blacknose Dace",60,1.95,0.290034611,1.77815125,"7/8/2025","020502050601 Trout Run-Pine Creek"
"276","Darling.Pine","Longnose Dace",73,3.12,0.494154594,1.86332286,"7/8/2025","020502050601 Trout Run-Pine Creek"
"277","Darling.Pine","Blacknose Dace",66,2.62,0.418301291,1.819543936,"7/8/2025","020502050601 Trout Run-Pine Creek"
"278","Darling.Pine","Longnose Dace",107,10.93,1.038620162,2.029383778,"7/8/2025","020502050601 Trout Run-Pine Creek"
"279","Darling.Pine","Blacknose Dace",82,4.78,0.679427897,1.913813852,"7/8/2025","020502050601 Trout Run-Pine Creek"
"280","Darling.Pine","Blacknose Dace",60,1.81,0.257678575,1.77815125,"7/8/2025","020502050601 Trout Run-Pine Creek"
"281","Darling.Pine","Blacknose Dace",62,2.62,0.418301291,1.792391689,"7/8/2025","020502050601 Trout Run-Pine Creek"
"282","Darling.Pine","Longnose Dace",102,9.67,0.985426474,2.008600172,"7/8/2025","020502050601 Trout Run-Pine Creek"
"283","Darling.Pine","Longnose Dace",125,15.48,1.189770956,2.096910013,"7/8/2025","020502050601 Trout Run-Pine Creek"
"284","Darling.Pine","Longnose Dace",71,2.9,0.462397998,1.851258349,"7/8/2025","020502050601 Trout Run-Pine Creek"
"285","Darling.Pine","Longnose Dace",106,10.92,1.038222638,2.025305865,"7/8/2025","020502050601 Trout Run-Pine Creek"
"286","Darling.Pine","Longnose Dace",77,3.77,0.57634135,1.886490725,"7/8/2025","020502050601 Trout Run-Pine Creek"
"287","Darling.Pine","Blacknose Dace",64,2.12,0.326335861,1.806179974,"7/8/2025","020502050601 Trout Run-Pine Creek"
"288","Darling.Pine","Blacknose Dace",80,3.87,0.587710965,1.903089987,"7/8/2025","020502050601 Trout Run-Pine Creek"
"289","Darling.Pine","Blacknose Dace",69,2.77,0.442479769,1.838849091,"7/8/2025","020502050601 Trout Run-Pine Creek"
"290","Darling.Pine","Blacknose Dace",65,2.72,0.434568904,1.812913357,"7/8/2025","020502050601 Trout Run-Pine Creek"
"291","Darling.Pine","Longnose Dace",81,4.93,0.692846919,1.908485019,"7/8/2025","020502050601 Trout Run-Pine Creek"
"292","Darling.Pine","Longnose Dace",67,2.66,0.424881637,1.826074803,"7/8/2025","020502050601 Trout Run-Pine Creek"
"293","Darling.Pine","Longnose Dace",87,5.89,0.770115295,1.939519253,"7/8/2025","020502050601 Trout Run-Pine Creek"
"294","Darling.Pine","Longnose Dace",93,7.33,0.865103975,1.968482949,"7/8/2025","020502050601 Trout Run-Pine Creek"
"295","Darling.Pine","Blacknose Dace",61,2.03,0.307496038,1.785329835,"7/8/2025","020502050601 Trout Run-Pine Creek"
"296","Darling.Pine","Longnose Dace",112,13.1,1.117271296,2.049218023,"7/8/2025","020502050601 Trout Run-Pine Creek"
"297","Darling.Pine","Longnose Dace",86,6.23,0.794488047,1.934498451,"7/8/2025","020502050601 Trout Run-Pine Creek"
"298","Darling.Pine","Blacknose Dace",65,2.92,0.465382851,1.812913357,"7/8/2025","020502050601 Trout Run-Pine Creek"
"299","Darling.Pine","Blacknose Dace",40,0.6,-0.22184875,1.602059991,"7/8/2025","020502050601 Trout Run-Pine Creek"
"300","EastWallis.Wallis","Blacknose Dace",58,1.5,0.176091259,1.763427994,"6/28/2023","020502060506 Wallis Run"
"301","EastWallis.Wallis","Blacknose Dace",65,2.6,0.414973348,1.812913357,"6/28/2023","020502060506 Wallis Run"
"302","EastWallis.Wallis","Longnose Dace",87,5.6,0.748188027,1.939519253,"6/28/2023","020502060506 Wallis Run"
"303","EastWallis.Wallis","Blacknose Dace",52,1,0,1.716003344,"6/28/2023","020502060506 Wallis Run"
"304","EastWallis.Wallis","Blacknose Dace",75,3.1,0.491361694,1.875061263,"6/28/2023","020502060506 Wallis Run"
"305","EastWallis.Wallis","Blacknose Dace",68,3,0.477121255,1.832508913,"6/28/2023","020502060506 Wallis Run"
"306","EastWallis.Wallis","Blacknose Dace",42,0.6,-0.22184875,1.62324929,"6/28/2023","020502060506 Wallis Run"
"307","EastWallis.Wallis","Blacknose Dace",61,2.2,0.342422681,1.785329835,"6/28/2023","020502060506 Wallis Run"
"308","EastWallis.Wallis","Blacknose Dace",59,1.8,0.255272505,1.770852012,"6/28/2023","020502060506 Wallis Run"
"309","EastWallis.Wallis","Blacknose Dace",52,1.1,0.041392685,1.716003344,"6/28/2023","020502060506 Wallis Run"
"310","EastWallis.Wallis","Blacknose Dace",64,2.4,0.380211242,1.806179974,"6/28/2023","020502060506 Wallis Run"
"311","EastWallis.Wallis","Blacknose Dace",54,1.1,0.041392685,1.73239376,"6/28/2023","020502060506 Wallis Run"
"312","EastWallis.Wallis","Blacknose Dace",57,1.6,0.204119983,1.755874856,"6/28/2023","020502060506 Wallis Run"
"313","EastWallis.Wallis","Longnose Dace",97,7.4,0.86923172,1.986771734,"6/28/2023","020502060506 Wallis Run"
"314","EastWallis.Wallis","Blacknose Dace",62,2,0.301029996,1.792391689,"6/28/2023","020502060506 Wallis Run"
"315","EastWallis.Wallis","Blacknose Dace",52,1,0,1.716003344,"6/28/2023","020502060506 Wallis Run"
"316","EastWallis.Wallis","Longnose Dace",115,11.6,1.064457989,2.06069784,"6/28/2023","020502060506 Wallis Run"
"317","EastWallis.Wallis","Blacknose Dace",72,3.3,0.51851394,1.857332496,"6/28/2023","020502060506 Wallis Run"
"318","EastWallis.Wallis","Blacknose Dace",72,3.2,0.505149978,1.857332496,"6/28/2023","020502060506 Wallis Run"
"319","EastWallis.Wallis","Longnose Dace",81,4.1,0.612783857,1.908485019,"6/28/2023","020502060506 Wallis Run"
"320","EastWallis.Wallis","Blacknose Dace",66,2.2,0.342422681,1.819543936,"6/28/2023","020502060506 Wallis Run"
"321","EastWallis.Wallis","Blacknose Dace",71,3.3,0.51851394,1.851258349,"6/28/2023","020502060506 Wallis Run"
"322","EC0-ML","Creek Chub",111,14.8,1.170261715,2.045322979,"6/6/2022","020503010201 Elk Creek"
"323","EC0-ML","Longnose Dace",72,4.1,0.612783857,1.857332496,"6/6/2022","020503010201 Elk Creek"
"324","EC0-ML","Blacknose Dace",62,2.2,0.342422681,1.792391689,"6/6/2022","020503010201 Elk Creek"
"325","EC0-ML","Blacknose Dace",40,0.5,-0.301029996,1.602059991,"6/6/2022","020503010201 Elk Creek"
"326","EC0-ML","Creek Chub",66,3.4,0.531478917,1.819543936,"6/6/2022","020503010201 Elk Creek"
"327","EC0-ML","Tessellated Darter",65,2.2,0.342422681,1.812913357,"6/6/2022","020503010201 Elk Creek"
"328","EC0-ML","Longnose Dace",71,3.5,0.544068044,1.851258349,"6/6/2022","020503010201 Elk Creek"
"329","EC0-ML","Creek Chub",84,7.8,0.892094603,1.924279286,"6/6/2022","020503010201 Elk Creek"
"330","EC0-ML","Longnose Dace",80,5.2,0.716003344,1.903089987,"6/6/2022","020503010201 Elk Creek"
"331","EC0-ML","Tessellated Darter",63,2.1,0.322219295,1.799340549,"6/6/2022","020503010201 Elk Creek"
"332","EC0-ML","Longnose Dace",57,1.7,0.230448921,1.755874856,"6/6/2022","020503010201 Elk Creek"
"333","EC0-ML","Creek Chub",74,4.7,0.672097858,1.86923172,"6/6/2022","020503010201 Elk Creek"
"334","EC0-ML","Creek Chub",58,2.1,0.322219295,1.763427994,"6/6/2022","020503010201 Elk Creek"
"335","EC0-ML","Creek Chub",50,1.8,0.255272505,1.698970004,"6/6/2022","020503010201 Elk Creek"
"336","EC0-ML","Blacknose Dace",41,0.5,-0.301029996,1.612783857,"6/6/2022","020503010201 Elk Creek"
"337","EC0-ML","Tessellated Darter",63,2.4,0.380211242,1.799340549,"6/6/2022","020503010201 Elk Creek"
"338","EC0-ML","Blacknose Dace",42,0.7,-0.15490196,1.62324929,"6/6/2022","020503010201 Elk Creek"
"339","EC0-ML","Creek Chub",75,5,0.698970004,1.875061263,"6/6/2022","020503010201 Elk Creek"
"340","EC0-ML","Blacknose Dace",66,3.5,0.544068044,1.819543936,"6/6/2022","020503010201 Elk Creek"
"341","EC0-ML","Blacknose Dace",43,0.9,-0.045757491,1.633468456,"6/6/2022","020503010201 Elk Creek"
"342","EC0-ML","Longnose Dace",77,4.9,0.69019608,1.886490725,"6/6/2022","020503010201 Elk Creek"
"343","EC0-ML","Creek Chub",53,1.8,0.255272505,1.72427587,"6/6/2022","020503010201 Elk Creek"
"344","EC0-ML","Creek Chub",75,4.5,0.653212514,1.875061263,"6/6/2022","020503010201 Elk Creek"
"345","EC0-ML","Longnose Dace",62,2.1,0.322219295,1.792391689,"6/6/2022","020503010201 Elk Creek"
"346","EC0-ML","Creek Chub",55,3.5,0.544068044,1.740362689,"6/6/2022","020503010201 Elk Creek"
"347","EC0-ML","Blacknose Dace",41,0.8,-0.096910013,1.612783857,"6/6/2022","020503010201 Elk Creek"
"348","EC0-ML","Tessellated Darter",62,2.2,0.342422681,1.792391689,"6/6/2022","020503010201 Elk Creek"
"349","EC0-ML","Longnose Dace",65,3.2,0.505149978,1.812913357,"6/6/2022","020503010201 Elk Creek"
"350","EC0-ML","Longnose Dace",67,2.8,0.447158031,1.826074803,"6/6/2022","020503010201 Elk Creek"
"351","EC0-ML","Longnose Dace",50,1.1,0.041392685,1.698970004,"6/6/2022","020503010201 Elk Creek"
"352","EC0-ML","Longnose Dace",59,1.9,0.278753601,1.770852012,"6/6/2022","020503010201 Elk Creek"
"353","EC0-ML","Tessellated Darter",53,1.3,0.113943352,1.72427587,"6/6/2022","020503010201 Elk Creek"
"354","EC0-ML","Tessellated Darter",46,1,0,1.662757832,"6/6/2022","020503010201 Elk Creek"
"355","EC0-ML","Longnose Dace",67,2.7,0.431363764,1.826074803,"6/6/2022","020503010201 Elk Creek"
"356","EC0-ML","Tessellated Darter",57,2.2,0.342422681,1.755874856,"6/6/2022","020503010201 Elk Creek"
"357","EC0-ML","Creek Chub",78,5.7,0.755874856,1.892094603,"6/6/2022","020503010201 Elk Creek"
"358","EC0-ML","Blacknose Dace",33,0.2,-0.698970004,1.51851394,"6/6/2022","020503010201 Elk Creek"
"359","EC0-ML","Blacknose Dace",53,1.5,0.176091259,1.72427587,"6/6/2022","020503010201 Elk Creek"
"360","EC0-ML","Creek Chub",66,3.6,0.556302501,1.819543936,"6/6/2022","020503010201 Elk Creek"
"361","EC0-ML","Blacknose Dace",40,0.3,-0.522878745,1.602059991,"6/6/2022","020503010201 Elk Creek"
"362","EC0-ML","Blacknose Dace",42,0.7,-0.15490196,1.62324929,"6/6/2022","020503010201 Elk Creek"
"363","EC0-ML","Longnose Dace",77,5.2,0.716003344,1.886490725,"6/6/2022","020503010201 Elk Creek"
"364","EC0-ML","Tessellated Darter",63,1.4,0.146128036,1.799340549,"6/6/2022","020503010201 Elk Creek"
"365","EC0-ML","Blacknose Dace",45,1,0,1.653212514,"6/6/2022","020503010201 Elk Creek"
"366","EC0-ML","Blacknose Dace",51,1.2,0.079181246,1.707570176,"6/6/2022","020503010201 Elk Creek"
"367","EC0-ML","Longnose Dace",46,1,0,1.662757832,"6/6/2022","020503010201 Elk Creek"
"368","EC0-ML","Longnose Dace",63,2.5,0.397940009,1.799340549,"6/6/2022","020503010201 Elk Creek"
"369","EC0-ML","Blacknose Dace",41,0.4,-0.397940009,1.612783857,"6/6/2022","020503010201 Elk Creek"
"370","EC0-ML","Tessellated Darter",58,2.1,0.322219295,1.763427994,"6/6/2022","020503010201 Elk Creek"
"371","EC0-ML","Tessellated Darter",66,1.6,0.204119983,1.819543936,"6/6/2022","020503010201 Elk Creek"
"372","EC0-ML","Blacknose Dace",66,3.1,0.491361694,1.819543936,"6/6/2022","020503010201 Elk Creek"
"373","EC0-ML","Creek Chub",66,3.3,0.51851394,1.819543936,"6/6/2022","020503010201 Elk Creek"
"374","EC0-ML","Creek Chub",52,1.5,0.176091259,1.716003344,"6/6/2022","020503010201 Elk Creek"
"375","EC0-ML","Creek Chub",145,41.4,1.617000341,2.161368002,"6/6/2022","020503010201 Elk Creek"
"376","EC0-ML","Tessellated Darter",62,1.7,0.230448921,1.792391689,"6/6/2022","020503010201 Elk Creek"
"377","EC0-ML","Tessellated Darter",55,1.8,0.255272505,1.740362689,"6/6/2022","020503010201 Elk Creek"
"378","EC0-ML","Blacknose Dace",37,0.5,-0.301029996,1.568201724,"6/6/2022","020503010201 Elk Creek"
"379","EC0-ML","Tessellated Darter",44,0.4,-0.397940009,1.643452676,"6/6/2022","020503010201 Elk Creek"
"380","EC0-ML","Creek Chub",125,18.9,1.276461804,2.096910013,"6/6/2022","020503010201 Elk Creek"
"381","EC0-ML","Blacknose Dace",60,2.4,0.380211242,1.77815125,"6/6/2022","020503010201 Elk Creek"
"382","EC0-ML","Longnose Dace",66,1.8,0.255272505,1.819543936,"6/6/2022","020503010201 Elk Creek"
"383","EC0-ML","Creek Chub",73,4.9,0.69019608,1.86332286,"6/6/2022","020503010201 Elk Creek"
"384","EC0-ML","Blacknose Dace",40,0.5,-0.301029996,1.602059991,"6/6/2022","020503010201 Elk Creek"
"385","EC0-ML","Longnose Dace",67,3.1,0.491361694,1.826074803,"6/6/2022","020503010201 Elk Creek"
"386","EC0-ML","Blacknose Dace",47,0.3,-0.522878745,1.672097858,"6/6/2022","020503010201 Elk Creek"
"387","EC0-ML","Tessellated Darter",58,1.9,0.278753601,1.763427994,"6/6/2022","020503010201 Elk Creek"
"388","EC0-ML","Blacknose Dace",33,0.5,-0.301029996,1.51851394,"6/6/2022","020503010201 Elk Creek"
"389","EC0-ML","Tessellated Darter",60,2,0.301029996,1.77815125,"6/6/2022","020503010201 Elk Creek"
"390","EC0-ML","Longnose Dace",70,3.2,0.505149978,1.84509804,"6/6/2022","020503010201 Elk Creek"
"391","EC0-ML","Creek Chub",77,6,0.77815125,1.886490725,"6/6/2022","020503010201 Elk Creek"
"392","EC0-ML","Tessellated Darter",46,0.7,-0.15490196,1.662757832,"6/6/2022","020503010201 Elk Creek"
"393","EC0-ML","Creek Chub",228,146.8,2.166726056,2.357934847,"6/6/2022","020503010201 Elk Creek"
"394","EC0-ML","Creek Chub",63,2.9,0.462397998,1.799340549,"6/6/2022","020503010201 Elk Creek"
"395","EC0-ML","Tessellated Darter",59,1.9,0.278753601,1.770852012,"6/6/2022","020503010201 Elk Creek"
"396","EC0-ML","Longnose Dace",56,1.6,0.204119983,1.748188027,"6/6/2022","020503010201 Elk Creek"
"397","EC0-ML","Tessellated Darter",55,1.7,0.230448921,1.740362689,"6/6/2022","020503010201 Elk Creek"
"398","EC0-ML","Longnose Dace",86,7,0.84509804,1.934498451,"6/6/2022","020503010201 Elk Creek"
"399","EC0-ML","Creek Chub",76,6.3,0.799340549,1.880813592,"6/6/2022","020503010201 Elk Creek"
"400","EC0-ML","Tessellated Darter",51,1.1,0.041392685,1.707570176,"6/6/2022","020503010201 Elk Creek"
"401","EC0-ML","Tessellated Darter",60,1.6,0.204119983,1.77815125,"6/6/2022","020503010201 Elk Creek"
"402","EC0-ML","Blacknose Dace",36,0.5,-0.301029996,1.556302501,"6/6/2022","020503010201 Elk Creek"
"403","EC0-ML","Tessellated Darter",57,1.8,0.255272505,1.755874856,"6/6/2022","020503010201 Elk Creek"
"404","EC0-ML","Blacknose Dace",63,1.9,0.278753601,1.799340549,"6/6/2022","020503010201 Elk Creek"
"405","EC0-ML","Longnose Dace",75,4.1,0.612783857,1.875061263,"6/6/2022","020503010201 Elk Creek"
"406","EC0-ML","Blacknose Dace",47,1.1,0.041392685,1.672097858,"6/6/2022","020503010201 Elk Creek"
"407","EC0-ML","Creek Chub",46,1.1,0.041392685,1.662757832,"6/6/2022","020503010201 Elk Creek"
"408","EC0-ML","Blacknose Dace",41,0.5,-0.301029996,1.612783857,"6/6/2022","020503010201 Elk Creek"
"409","EC0-ML","Longnose Dace",53,1.2,0.079181246,1.72427587,"6/6/2022","020503010201 Elk Creek"
"410","EC0-ML","Longnose Dace",73,3.8,0.579783597,1.86332286,"6/6/2022","020503010201 Elk Creek"
"411","EC0-ML","Creek Chub",41,0.6,-0.22184875,1.612783857,"6/6/2022","020503010201 Elk Creek"
"412","EC0-ML","Tessellated Darter",46,1,0,1.662757832,"6/6/2022","020503010201 Elk Creek"
"413","EC0-ML","Longnose Dace",74,4.4,0.643452676,1.86923172,"6/6/2022","020503010201 Elk Creek"
"414","EC0-ML","Blacknose Dace",42,0.6,-0.22184875,1.62324929,"6/6/2022","020503010201 Elk Creek"
"415","EC0-ML","Tessellated Darter",57,0.9,-0.045757491,1.755874856,"6/6/2022","020503010201 Elk Creek"
"416","EC0-ML","Tessellated Darter",61,2.6,0.414973348,1.785329835,"6/6/2022","020503010201 Elk Creek"
"417","EC0-ML","Tessellated Darter",45,0.8,-0.096910013,1.653212514,"6/6/2022","020503010201 Elk Creek"
"418","EC0-ML","Longnose Dace",77,4.7,0.672097858,1.886490725,"6/6/2022","020503010201 Elk Creek"
"419","EC0-ML","Longnose Dace",79,5.2,0.716003344,1.897627091,"6/6/2022","020503010201 Elk Creek"
"420","EC0-ML","Longnose Dace",87,7.7,0.886490725,1.939519253,"6/6/2022","020503010201 Elk Creek"
"421","EC0-ML","Blacknose Dace",37,0.5,-0.301029996,1.568201724,"6/6/2022","020503010201 Elk Creek"
"422","EC0-ML","Tessellated Darter",55,1.4,0.146128036,1.740362689,"6/6/2022","020503010201 Elk Creek"
"423","EC0-ML","Tessellated Darter",53,1.1,0.041392685,1.72427587,"6/6/2022","020503010201 Elk Creek"
"424","EC0-ML","Tessellated Darter",42,0.8,-0.096910013,1.62324929,"6/6/2022","020503010201 Elk Creek"
"425","EC0-ML","Creek Chub",70,3.8,0.579783597,1.84509804,"6/6/2022","020503010201 Elk Creek"
"426","EC0-ML","Longnose Dace",79,4.4,0.643452676,1.897627091,"6/6/2022","020503010201 Elk Creek"
"427","EC0-ML","Blacknose Dace",52,1.6,0.204119983,1.716003344,"6/6/2022","020503010201 Elk Creek"
"428","EC0-ML","Tessellated Darter",55,1.4,0.146128036,1.740362689,"6/6/2022","020503010201 Elk Creek"
"429","EC0-ML","Creek Chub",142,38.3,1.583198774,2.152288344,"6/6/2022","020503010201 Elk Creek"
"430","EC0-ML","Longnose Dace",75,4.2,0.62324929,1.875061263,"6/6/2022","020503010201 Elk Creek"
"431","EC0-ML","Blacknose Dace",74,3.7,0.568201724,1.86923172,"6/6/2022","020503010201 Elk Creek"
"432","EC0-ML","Blacknose Dace",42,0.6,-0.22184875,1.62324929,"6/6/2022","020503010201 Elk Creek"
"433","EC0-ML","Creek Chub",47,0.7,-0.15490196,1.672097858,"6/6/2022","020503010201 Elk Creek"
"434","EC0-ML","Creek Chub",79,6.4,0.806179974,1.897627091,"6/6/2022","020503010201 Elk Creek"
"435","EC0-ML","Creek Chub",89,8.1,0.908485019,1.949390007,"6/6/2022","020503010201 Elk Creek"
"436","EC0-ML","Creek Chub",85,7.1,0.851258349,1.929418926,"6/6/2022","020503010201 Elk Creek"
"437","EC0-ML","Longnose Dace",66,2.5,0.397940009,1.819543936,"6/6/2022","020503010201 Elk Creek"
"438","EC0-ML","Longnose Dace",50,1,0,1.698970004,"6/6/2022","020503010201 Elk Creek"
"439","EC0-ML","Creek Chub",78,5.5,0.740362689,1.892094603,"6/6/2022","020503010201 Elk Creek"
"440","EC0-ML","Tessellated Darter",53,1.4,0.146128036,1.72427587,"6/6/2022","020503010201 Elk Creek"
"441","EC0-ML","Tessellated Darter",63,2.3,0.361727836,1.799340549,"6/6/2022","020503010201 Elk Creek"
"442","EC0-NF","Blacknose Dace",51,1.1,0.041392685,1.707570176,"6/9/2022","020503010201 Elk Creek"
"443","EC0-NF","Blacknose Dace",41,0.6,-0.22184875,1.612783857,"6/9/2022","020503010201 Elk Creek"
"444","EC0-NF","Blacknose Dace",50,1.7,0.230448921,1.698970004,"6/9/2022","020503010201 Elk Creek"
"445","EC0-NF","Blacknose Dace",43,0.7,-0.15490196,1.633468456,"6/9/2022","020503010201 Elk Creek"
"446","EC0-NF","Longnose Dace",73,3.6,0.556302501,1.86332286,"6/9/2022","020503010201 Elk Creek"
"447","EC0-NF","Creek Chub",91,7.7,0.886490725,1.959041392,"6/9/2022","020503010201 Elk Creek"
"448","EC0-NF","Longnose Dace",79,4.2,0.62324929,1.897627091,"6/9/2022","020503010201 Elk Creek"
"449","EC0-NF","Blacknose Dace",46,0.9,-0.045757491,1.662757832,"6/9/2022","020503010201 Elk Creek"
"450","EC0-NF","Creek Chub",49,1.1,0.041392685,1.69019608,"6/9/2022","020503010201 Elk Creek"
"451","EC0-NF","Creek Chub",55,2,0.301029996,1.740362689,"6/9/2022","020503010201 Elk Creek"
"452","EC0-NF","Tessellated Darter",57,1.5,0.176091259,1.755874856,"6/9/2022","020503010201 Elk Creek"
"453","EC0-NF","Creek Chub",47,0.9,-0.045757491,1.672097858,"6/9/2022","020503010201 Elk Creek"
"454","EC0-NF","Creek Chub",57,1.5,0.176091259,1.755874856,"6/9/2022","020503010201 Elk Creek"
"455","EC0-NF","Tessellated Darter",47,1,0,1.672097858,"6/9/2022","020503010201 Elk Creek"
"456","EC0-NF","Blacknose Dace",46,0.7,-0.15490196,1.662757832,"6/9/2022","020503010201 Elk Creek"
"457","EC0-NF","Creek Chub",58,0.9,-0.045757491,1.763427994,"6/9/2022","020503010201 Elk Creek"
"458","EC0-NF","Longnose Dace",81,5.4,0.73239376,1.908485019,"6/9/2022","020503010201 Elk Creek"
"459","EC0-NF","Blacknose Dace",43,0.8,-0.096910013,1.633468456,"6/9/2022","020503010201 Elk Creek"
"460","EC0-NF","Blacknose Dace",40,0.5,-0.301029996,1.602059991,"6/9/2022","020503010201 Elk Creek"
"461","EC0-NF","Creek Chub",57,1.8,0.255272505,1.755874856,"6/9/2022","020503010201 Elk Creek"
"462","EC0-NF","Blacknose Dace",87,1.9,0.278753601,1.939519253,"6/9/2022","020503010201 Elk Creek"
"463","EC0-NF","Blacknose Dace",53,2,0.301029996,1.72427587,"6/9/2022","020503010201 Elk Creek"
"464","EC0-NF","Creek Chub",45,0.8,-0.096910013,1.653212514,"6/9/2022","020503010201 Elk Creek"
"465","EC0-NF","Tessellated Darter",53,1.6,0.204119983,1.72427587,"6/9/2022","020503010201 Elk Creek"
"466","EC0-NF","Blacknose Dace",41,0.6,-0.22184875,1.612783857,"6/9/2022","020503010201 Elk Creek"
"467","EC0-NF","Tessellated Darter",47,1,0,1.672097858,"6/9/2022","020503010201 Elk Creek"
"468","EC0-NF","Blacknose Dace",70,3.2,0.505149978,1.84509804,"6/9/2022","020503010201 Elk Creek"
"469","EC0-NF","Blacknose Dace",44,0.7,-0.15490196,1.643452676,"6/9/2022","020503010201 Elk Creek"
"470","EC0-NF","Blacknose Dace",55,1.3,0.113943352,1.740362689,"6/9/2022","020503010201 Elk Creek"
"471","EC0-NF","Blacknose Dace",69,3.6,0.556302501,1.838849091,"6/9/2022","020503010201 Elk Creek"
"472","EC0-NF","Longnose Dace",53,1.4,0.146128036,1.72427587,"6/9/2022","020503010201 Elk Creek"
"473","EC0-NF","Creek Chub",57,1.9,0.278753601,1.755874856,"6/9/2022","020503010201 Elk Creek"
"474","EC0-NF","Longnose Dace",80,4.8,0.681241237,1.903089987,"6/9/2022","020503010201 Elk Creek"
"475","EC0-NF","Blacknose Dace",49,1.3,0.113943352,1.69019608,"6/9/2022","020503010201 Elk Creek"
"476","EC0-NF","Blacknose Dace",69,3.5,0.544068044,1.838849091,"6/9/2022","020503010201 Elk Creek"
"477","EC0-NF","Creek Chub",87,7.9,0.897627091,1.939519253,"6/9/2022","020503010201 Elk Creek"
"478","EC0-NF","Creek Chub",91,7.7,0.886490725,1.959041392,"6/9/2022","020503010201 Elk Creek"
"479","EC0-NF","Creek Chub",81,6.2,0.792391689,1.908485019,"6/9/2022","020503010201 Elk Creek"
"480","EC0-NF","Creek Chub",60,2.4,0.380211242,1.77815125,"6/9/2022","020503010201 Elk Creek"
"481","EC0-NF","Creek Chub",57,1.7,0.230448921,1.755874856,"6/9/2022","020503010201 Elk Creek"
"482","EC0-NF","Blacknose Dace",45,1,0,1.653212514,"6/9/2022","020503010201 Elk Creek"
"483","EC0-NF","Blacknose Dace",65,3.2,0.505149978,1.812913357,"6/9/2022","020503010201 Elk Creek"
"484","EC0-NF","Tessellated Darter",61,2.5,0.397940009,1.785329835,"6/9/2022","020503010201 Elk Creek"
"485","EC0-NF","Blacknose Dace",54,1.6,0.204119983,1.73239376,"6/9/2022","020503010201 Elk Creek"
"486","EC0-NF","Tessellated Darter",54,1.5,0.176091259,1.73239376,"6/9/2022","020503010201 Elk Creek"
"487","EC0-NF","Creek Chub",86,6.8,0.832508913,1.934498451,"6/9/2022","020503010201 Elk Creek"
"488","EC0-NF","Creek Chub",48,0.8,-0.096910013,1.681241237,"6/9/2022","020503010201 Elk Creek"
"489","EC0-NF","Blacknose Dace",36,0.5,-0.301029996,1.556302501,"6/9/2022","020503010201 Elk Creek"
"490","EC0-NF","Tessellated Darter",61,3.1,0.491361694,1.785329835,"6/9/2022","020503010201 Elk Creek"
"491","EC0-NF","Tessellated Darter",54,1.5,0.176091259,1.73239376,"6/9/2022","020503010201 Elk Creek"
"492","EC0-NF","Tessellated Darter",49,1.2,0.079181246,1.69019608,"6/9/2022","020503010201 Elk Creek"
"493","EC0-NF","Creek Chub",57,1.8,0.255272505,1.755874856,"6/9/2022","020503010201 Elk Creek"
"494","EC0-NF","Tessellated Darter",51,1.6,0.204119983,1.707570176,"6/9/2022","020503010201 Elk Creek"
"495","EC0-NF","Tessellated Darter",58,1.6,0.204119983,1.763427994,"6/9/2022","020503010201 Elk Creek"
"496","EC0-NF","Tessellated Darter",42,0.8,-0.096910013,1.62324929,"6/9/2022","020503010201 Elk Creek"
"497","EC0-NF","Tessellated Darter",56,1.6,0.204119983,1.748188027,"6/9/2022","020503010201 Elk Creek"
"498","EC0-NF","Creek Chub",85,6.8,0.832508913,1.929418926,"6/9/2022","020503010201 Elk Creek"
"499","EC0-NF","Creek Chub",57,1.9,0.278753601,1.755874856,"6/9/2022","020503010201 Elk Creek"
"500","EC0-NF","Longnose Dace",66,2.7,0.431363764,1.819543936,"6/9/2022","020503010201 Elk Creek"
"501","EC0-NF","Creek Chub",50,0.9,-0.045757491,1.698970004,"6/9/2022","020503010201 Elk Creek"
"502","EC0-NF","Tessellated Darter",43,0.8,-0.096910013,1.633468456,"6/9/2022","020503010201 Elk Creek"
"503","EC0-NF","Tessellated Darter",30,0.4,-0.397940009,1.477121255,"6/9/2022","020503010201 Elk Creek"
"504","EC0-NF","Creek Chub",47,1.1,0.041392685,1.672097858,"6/9/2022","020503010201 Elk Creek"
"505","EC0-NF","Creek Chub",81,5.6,0.748188027,1.908485019,"6/9/2022","020503010201 Elk Creek"
"506","EC0-NF","Longnose Dace",62,2.7,0.431363764,1.792391689,"6/9/2022","020503010201 Elk Creek"
"507","EC0-NF","Blacknose Dace",41,0.9,-0.045757491,1.612783857,"6/9/2022","020503010201 Elk Creek"
"508","EC0-NF","Blacknose Dace",43,0.8,-0.096910013,1.633468456,"6/9/2022","020503010201 Elk Creek"
"509","EC0-NF","Creek Chub",109,15.9,1.201397124,2.037426498,"6/9/2022","020503010201 Elk Creek"
"510","EC0-NF","Longnose Dace",76,4.1,0.612783857,1.880813592,"6/9/2022","020503010201 Elk Creek"
"511","EC0-NF","Tessellated Darter",48,1.2,0.079181246,1.681241237,"6/9/2022","020503010201 Elk Creek"
"512","EC0-NF","Blacknose Dace",43,0.6,-0.22184875,1.633468456,"6/9/2022","020503010201 Elk Creek"
"513","EC0-NF","Longnose Dace",59,1.8,0.255272505,1.770852012,"6/9/2022","020503010201 Elk Creek"
"514","EC0-NF","Longnose Dace",87,9,0.954242509,1.939519253,"6/9/2022","020503010201 Elk Creek"
"515","EC0-NF","Tessellated Darter",69,2.9,0.462397998,1.838849091,"6/9/2022","020503010201 Elk Creek"
"516","EC0-NF","Tessellated Darter",54,1.4,0.146128036,1.73239376,"6/9/2022","020503010201 Elk Creek"
"517","EC0-NF","Longnose Dace",68,3.2,0.505149978,1.832508913,"6/9/2022","020503010201 Elk Creek"
"518","EC0-NF","Tessellated Darter",39,0.9,-0.045757491,1.591064607,"6/9/2022","020503010201 Elk Creek"
"519","EC0-NF","Tessellated Darter",53,1.5,0.176091259,1.72427587,"6/9/2022","020503010201 Elk Creek"
"520","EC0-NF","Blacknose Dace",78,5.3,0.72427587,1.892094603,"6/9/2022","020503010201 Elk Creek"
"521","EC0-NF","Blacknose Dace",45,0.9,-0.045757491,1.653212514,"6/9/2022","020503010201 Elk Creek"
"522","EC0-NF","Blacknose Dace",49,1.1,0.041392685,1.69019608,"6/9/2022","020503010201 Elk Creek"
"523","EC0-NF","Tessellated Darter",65,2.5,0.397940009,1.812913357,"6/9/2022","020503010201 Elk Creek"
"524","EC0-NF","Creek Chub",59,2,0.301029996,1.770852012,"6/9/2022","020503010201 Elk Creek"
"525","EC0-NF","Creek Chub",87,7.1,0.851258349,1.939519253,"6/9/2022","020503010201 Elk Creek"
"526","EC0-NF","Longnose Dace",75,4.3,0.633468456,1.875061263,"6/9/2022","020503010201 Elk Creek"
"527","EC0-NF","Tessellated Darter",42,0.4,-0.397940009,1.62324929,"6/9/2022","020503010201 Elk Creek"
"528","EC0-NF","Longnose Dace",53,1.3,0.113943352,1.72427587,"6/9/2022","020503010201 Elk Creek"
"529","EC0-NF","Tessellated Darter",59,2.1,0.322219295,1.770852012,"6/9/2022","020503010201 Elk Creek"
"530","EC0-NF","Tessellated Darter",52,1.4,0.146128036,1.716003344,"6/9/2022","020503010201 Elk Creek"
"531","EC0-NF","Tessellated Darter",51,1.4,0.146128036,1.707570176,"6/9/2022","020503010201 Elk Creek"
"532","EC0-NF","Longnose Dace",61,2,0.301029996,1.785329835,"6/9/2022","020503010201 Elk Creek"
"533","EC0-NF","Longnose Dace",54,1.4,0.146128036,1.73239376,"6/9/2022","020503010201 Elk Creek"
"534","EC0-NF","Creek Chub",55,1.7,0.230448921,1.740362689,"6/9/2022","020503010201 Elk Creek"
"535","EC0-NF","Tessellated Darter",62,2.2,0.342422681,1.792391689,"6/9/2022","020503010201 Elk Creek"
"536","EC0-NF","Longnose Dace",101,10.2,1.008600172,2.004321374,"6/9/2022","020503010201 Elk Creek"
"537","EC0-NF","Longnose Dace",56,1.5,0.176091259,1.748188027,"6/9/2022","020503010201 Elk Creek"
"538","EC0-NF","Blacknose Dace",62,2.7,0.431363764,1.792391689,"6/9/2022","020503010201 Elk Creek"
"539","EC0-NF","Creek Chub",56,1.7,0.230448921,1.748188027,"6/9/2022","020503010201 Elk Creek"
"540","EC0-NF","Longnose Dace",50,1.5,0.176091259,1.698970004,"6/9/2022","020503010201 Elk Creek"
"541","EC0-NF","Tessellated Darter",46,1,0,1.662757832,"6/9/2022","020503010201 Elk Creek"
"542","EC0-NF","Creek Chub",132,27.7,1.442479769,2.120573931,"6/9/2022","020503010201 Elk Creek"
"543","EC0-NF","Blacknose Dace",45,0.7,-0.15490196,1.653212514,"6/9/2022","020503010201 Elk Creek"
"544","EC0-NF","Tessellated Darter",50,1.2,0.079181246,1.698970004,"6/9/2022","020503010201 Elk Creek"
"545","EC0-NF","Tessellated Darter",60,1.8,0.255272505,1.77815125,"6/9/2022","020503010201 Elk Creek"
"546","EC0-NF","Creek Chub",86,7.4,0.86923172,1.934498451,"6/9/2022","020503010201 Elk Creek"
"547","EC0-NF","Longnose Dace",71,3.1,0.491361694,1.851258349,"6/9/2022","020503010201 Elk Creek"
"548","EC0-NF","Tessellated Darter",45,0.8,-0.096910013,1.653212514,"6/9/2022","020503010201 Elk Creek"
"549","EC0-NF","Longnose Dace",74,3.4,0.531478917,1.86923172,"6/9/2022","020503010201 Elk Creek"
"550","EC0-PH","Longnose Dace",71,3.5,0.544068044,1.851258349,"6/6/2022","020503010201 Elk Creek"
"551","EC0-PH","Longnose Dace",52,1.2,0.079181246,1.716003344,"6/6/2022","020503010201 Elk Creek"
"552","EC0-PH","Blacknose Dace",67,3.1,0.491361694,1.826074803,"6/6/2022","020503010201 Elk Creek"
"553","EC0-PH","Longnose Dace",65,3,0.477121255,1.812913357,"6/6/2022","020503010201 Elk Creek"
"554","EC0-PH","Creek Chub",45,0.9,-0.045757491,1.653212514,"6/6/2022","020503010201 Elk Creek"
"555","EC0-PH","Tessellated Darter",57,1.5,0.176091259,1.755874856,"6/6/2022","020503010201 Elk Creek"
"556","EC0-PH","Longnose Dace",81,7.5,0.875061263,1.908485019,"6/6/2022","020503010201 Elk Creek"
"557","EC0-PH","Tessellated Darter",64,2.3,0.361727836,1.806179974,"6/6/2022","020503010201 Elk Creek"
"558","EC0-PH","Blacknose Dace",44,0.7,-0.15490196,1.643452676,"6/6/2022","020503010201 Elk Creek"
"559","EC0-PH","Blacknose Dace",77,4.6,0.662757832,1.886490725,"6/6/2022","020503010201 Elk Creek"
"560","EC0-PH","Longnose Dace",71,3.5,0.544068044,1.851258349,"6/6/2022","020503010201 Elk Creek"
"561","EC0-PH","Tessellated Darter",57,1.6,0.204119983,1.755874856,"6/6/2022","020503010201 Elk Creek"
"562","EC0-PH","Creek Chub",75,5.8,0.763427994,1.875061263,"6/6/2022","020503010201 Elk Creek"
"563","EC0-PH","Tessellated Darter",46,0.9,-0.045757491,1.662757832,"6/6/2022","020503010201 Elk Creek"
"564","EC0-PH","Longnose Dace",79,2.8,0.447158031,1.897627091,"6/6/2022","020503010201 Elk Creek"
"565","EC0-PH","Blacknose Dace",55,1.6,0.204119983,1.740362689,"6/6/2022","020503010201 Elk Creek"
"566","EC0-PH","Creek Chub",59,2.4,0.380211242,1.770852012,"6/6/2022","020503010201 Elk Creek"
"567","EC0-PH","Blacknose Dace",62,2.8,0.447158031,1.792391689,"6/6/2022","020503010201 Elk Creek"
"568","EC0-PH","Creek Chub",47,1.3,0.113943352,1.672097858,"6/6/2022","020503010201 Elk Creek"
"569","EC0-PH","Tessellated Darter",46,1,0,1.662757832,"6/6/2022","020503010201 Elk Creek"
"570","EC0-PH","Blacknose Dace",55,1.6,0.204119983,1.740362689,"6/6/2022","020503010201 Elk Creek"
"571","EC0-PH","Blacknose Dace",53,1.4,0.146128036,1.72427587,"6/6/2022","020503010201 Elk Creek"
"572","EC0-PH","Tessellated Darter",66,2.1,0.322219295,1.819543936,"6/6/2022","020503010201 Elk Creek"
"573","EC0-PH","Creek Chub",203,123.6,2.092018471,2.307496038,"6/6/2022","020503010201 Elk Creek"
"574","EC0-PH","Tessellated Darter",45,0.9,-0.045757491,1.653212514,"6/6/2022","020503010201 Elk Creek"
"575","EC0-PH","Tessellated Darter",54,1.4,0.146128036,1.73239376,"6/6/2022","020503010201 Elk Creek"
"576","EC0-PH","Longnose Dace",54,1.3,0.113943352,1.73239376,"6/6/2022","020503010201 Elk Creek"
"577","EC0-PH","Creek Chub",55,1.9,0.278753601,1.740362689,"6/6/2022","020503010201 Elk Creek"
"578","EC0-PH","Creek Chub",40,0.7,-0.15490196,1.602059991,"6/6/2022","020503010201 Elk Creek"
"579","EC0-PH","Tessellated Darter",45,0.9,-0.045757491,1.653212514,"6/6/2022","020503010201 Elk Creek"
"580","EC0-PH","Creek Chub",47,0.9,-0.045757491,1.672097858,"6/6/2022","020503010201 Elk Creek"
"581","EC0-PH","Tessellated Darter",46,0.9,-0.045757491,1.662757832,"6/6/2022","020503010201 Elk Creek"
"582","EC0-PH","Longnose Dace",64,2.2,0.342422681,1.806179974,"6/6/2022","020503010201 Elk Creek"
"583","EC0-PH","Creek Chub",44,0.7,-0.15490196,1.643452676,"6/6/2022","020503010201 Elk Creek"
"584","EC0-PH","Blacknose Dace",56,1.7,0.230448921,1.748188027,"6/6/2022","020503010201 Elk Creek"
"585","EC0-PH","Creek Chub",45,0.8,-0.096910013,1.653212514,"6/6/2022","020503010201 Elk Creek"
"586","EC0-PH","Creek Chub",111,17.4,1.240549248,2.045322979,"6/6/2022","020503010201 Elk Creek"
"587","EC0-PH","Longnose Dace",76,3.1,0.491361694,1.880813592,"6/6/2022","020503010201 Elk Creek"
"588","EC0-PH","Blacknose Dace",68,2.5,0.397940009,1.832508913,"6/6/2022","020503010201 Elk Creek"
"589","EC0-PH","Creek Chub",84,7,0.84509804,1.924279286,"6/6/2022","020503010201 Elk Creek"
"590","EC0-PH","Creek Chub",52,1.4,0.146128036,1.716003344,"6/6/2022","020503010201 Elk Creek"
"591","EC0-PH","Longnose Dace",55,1.6,0.204119983,1.740362689,"6/6/2022","020503010201 Elk Creek"
"592","EC0-PH","Tessellated Darter",46,0.8,-0.096910013,1.662757832,"6/6/2022","020503010201 Elk Creek"
"593","EC0-PH","Blacknose Dace",75,4,0.602059991,1.875061263,"6/6/2022","020503010201 Elk Creek"
"594","EC0-PH","Tessellated Darter",66,3.5,0.544068044,1.819543936,"6/6/2022","020503010201 Elk Creek"
"595","EC0-PH","Tessellated Darter",47,1.1,0.041392685,1.672097858,"6/6/2022","020503010201 Elk Creek"
"596","EC0-PH","Blacknose Dace",45,1,0,1.653212514,"6/6/2022","020503010201 Elk Creek"
"597","EC0-PH","Creek Chub",47,1.3,0.113943352,1.672097858,"6/6/2022","020503010201 Elk Creek"
"598","EC0-PH","Tessellated Darter",61,2.4,0.380211242,1.785329835,"6/6/2022","020503010201 Elk Creek"
"599","EC0-PH","Creek Chub",63,2.8,0.447158031,1.799340549,"6/6/2022","020503010201 Elk Creek"
"600","EC0-PH","Blacknose Dace",45,0.8,-0.096910013,1.653212514,"6/6/2022","020503010201 Elk Creek"
"601","EC0-PH","Longnose Dace",73,3.8,0.579783597,1.86332286,"6/6/2022","020503010201 Elk Creek"
"602","EC0-PH","Blacknose Dace",63,2.6,0.414973348,1.799340549,"6/6/2022","020503010201 Elk Creek"
"603","EC0-PH","Blacknose Dace",59,1.9,0.278753601,1.770852012,"6/6/2022","020503010201 Elk Creek"
"604","EC0-PH","Blacknose Dace",42,1,0,1.62324929,"6/6/2022","020503010201 Elk Creek"
"605","EC0-PH","Creek Chub",73,4.2,0.62324929,1.86332286,"6/6/2022","020503010201 Elk Creek"
"606","EC0-PH","Blacknose Dace",51,1.1,0.041392685,1.707570176,"6/6/2022","020503010201 Elk Creek"
"607","EC0-PH","Creek Chub",46,1.1,0.041392685,1.662757832,"6/6/2022","020503010201 Elk Creek"
"608","EC0-PH","Tessellated Darter",47,0.8,-0.096910013,1.672097858,"6/6/2022","020503010201 Elk Creek"
"609","EC0-PH","Blacknose Dace",41,0.8,-0.096910013,1.612783857,"6/6/2022","020503010201 Elk Creek"
"610","EC0-PH","Tessellated Darter",46,1.1,0.041392685,1.662757832,"6/6/2022","020503010201 Elk Creek"
"611","EC0-PH","Tessellated Darter",56,1.6,0.204119983,1.748188027,"6/6/2022","020503010201 Elk Creek"
"612","EC0-PH","Creek Chub",45,1.1,0.041392685,1.653212514,"6/6/2022","020503010201 Elk Creek"
"613","EC0-PH","Tessellated Darter",54,1.8,0.255272505,1.73239376,"6/6/2022","020503010201 Elk Creek"
"614","EC0-PH","Creek Chub",111,19.2,1.283301229,2.045322979,"6/6/2022","020503010201 Elk Creek"
"615","EC0-PH","Blacknose Dace",49,0.9,-0.045757491,1.69019608,"6/6/2022","020503010201 Elk Creek"
"616","EC0-PH","Blacknose Dace",54,1.8,0.255272505,1.73239376,"6/6/2022","020503010201 Elk Creek"
"617","EC0-PH","Blacknose Dace",64,3.2,0.505149978,1.806179974,"6/6/2022","020503010201 Elk Creek"
"618","EC0-PH","Blacknose Dace",43,0.8,-0.096910013,1.633468456,"6/6/2022","020503010201 Elk Creek"
"619","EC0-PH","Longnose Dace",56,1,0,1.748188027,"6/6/2022","020503010201 Elk Creek"
"620","EC0-PH","Tessellated Darter",49,1.2,0.079181246,1.69019608,"6/6/2022","020503010201 Elk Creek"
"621","EC0-PH","Tessellated Darter",59,2,0.301029996,1.770852012,"6/6/2022","020503010201 Elk Creek"
"622","EC0-PH","Longnose Dace",49,1.1,0.041392685,1.69019608,"6/6/2022","020503010201 Elk Creek"
"623","EC0-PH","Longnose Dace",57,1.5,0.176091259,1.755874856,"6/6/2022","020503010201 Elk Creek"
"624","EC0-PH","Creek Chub",59,2.8,0.447158031,1.770852012,"6/6/2022","020503010201 Elk Creek"
"625","EC0-PH","Tessellated Darter",49,1.2,0.079181246,1.69019608,"6/6/2022","020503010201 Elk Creek"
"626","EC0-PH","Longnose Dace",84,6.22,0.793790385,1.924279286,"6/6/2022","020503010201 Elk Creek"
"627","EC0-PH","Creek Chub",41,0.8,-0.096910013,1.612783857,"6/6/2022","020503010201 Elk Creek"
"628","EC0-PH","Tessellated Darter",52,1.2,0.079181246,1.716003344,"6/6/2022","020503010201 Elk Creek"
"629","EC0-PH","Blacknose Dace",55,2,0.301029996,1.740362689,"6/6/2022","020503010201 Elk Creek"
"630","EC0-PH","Creek Chub",47,1.2,0.079181246,1.672097858,"6/6/2022","020503010201 Elk Creek"
"631","EC0-PH","Tessellated Darter",52,1.3,0.113943352,1.716003344,"6/6/2022","020503010201 Elk Creek"
"632","EC0-PH","Longnose Dace",59,1.8,0.255272505,1.770852012,"6/6/2022","020503010201 Elk Creek"
"633","EC0-PH","Tessellated Darter",47,1.1,0.041392685,1.672097858,"6/6/2022","020503010201 Elk Creek"
"634","EC0-PH","Creek Chub",85,8,0.903089987,1.929418926,"6/6/2022","020503010201 Elk Creek"
"635","EC0-PH","Blacknose Dace",39,0.5,-0.301029996,1.591064607,"6/6/2022","020503010201 Elk Creek"
"636","EC0-PH","Tessellated Darter",60,1,0,1.77815125,"6/6/2022","020503010201 Elk Creek"
"637","EC0-PH","Longnose Dace",57,1.6,0.204119983,1.755874856,"6/6/2022","020503010201 Elk Creek"
"638","EC0-PH","Longnose Dace",74,3.7,0.568201724,1.86923172,"6/6/2022","020503010201 Elk Creek"
"639","EC0-PH","Blacknose Dace",53,1.6,0.204119983,1.72427587,"6/6/2022","020503010201 Elk Creek"
"640","EC0-PH","Blacknose Dace",66,2.8,0.447158031,1.819543936,"6/6/2022","020503010201 Elk Creek"
"641","EC0-PH","Creek Chub",78,5.7,0.755874856,1.892094603,"6/6/2022","020503010201 Elk Creek"
"642","EC0-PH","Creek Chub",71,4,0.602059991,1.851258349,"6/6/2022","020503010201 Elk Creek"
"643","EC0-PH","Creek Chub",48,1.1,0.041392685,1.681241237,"6/6/2022","020503010201 Elk Creek"
"644","EC0-PH","Creek Chub",98,12.4,1.093421685,1.991226076,"6/6/2022","020503010201 Elk Creek"
"645","EC0-PH","Blacknose Dace",41,0.8,-0.096910013,1.612783857,"6/6/2022","020503010201 Elk Creek"
"646","EC0-PH","Tessellated Darter",55,1.9,0.278753601,1.740362689,"6/6/2022","020503010201 Elk Creek"
"647","EC0-PH","Blacknose Dace",75,4.5,0.653212514,1.875061263,"6/6/2022","020503010201 Elk Creek"
"648","EC0-PH","Creek Chub",225,146.1,2.164650216,2.352182518,"6/6/2022","020503010201 Elk Creek"
"649","EC0-PH","Blacknose Dace",71,3.9,0.591064607,1.851258349,"6/6/2022","020503010201 Elk Creek"
"650","EC0-PH","Tessellated Darter",51,1.6,0.204119983,1.707570176,"6/6/2022","020503010201 Elk Creek"
"651","EC0-PH","Tessellated Darter",64,2.7,0.431363764,1.806179974,"6/6/2022","020503010201 Elk Creek"
"652","EC0-PH","Creek Chub",59,2.4,0.380211242,1.770852012,"6/6/2022","020503010201 Elk Creek"
"653","EC0-PH","Longnose Dace",67,2.9,0.462397998,1.826074803,"6/6/2022","020503010201 Elk Creek"
"654","EC0-PH","Creek Chub",46,0.1,-1,1.662757832,"6/6/2022","020503010201 Elk Creek"
"655","EC0-PH","Tessellated Darter",65,2.7,0.431363764,1.812913357,"6/6/2022","020503010201 Elk Creek"
"656","EC0-PH","Tessellated Darter",51,1.2,0.079181246,1.707570176,"6/6/2022","020503010201 Elk Creek"
"657","EC0-PH","Longnose Dace",61,2,0.301029996,1.785329835,"6/6/2022","020503010201 Elk Creek"
"658","EC0-PH","Blacknose Dace",72,3.6,0.556302501,1.857332496,"6/6/2022","020503010201 Elk Creek"
"659","EC0-PH","Longnose Dace",67,2.8,0.447158031,1.826074803,"6/6/2022","020503010201 Elk Creek"
"660","EC0-PH","Blacknose Dace",72,4,0.602059991,1.857332496,"6/6/2022","020503010201 Elk Creek"
"661","EC0-SF","Longnose Dace",59,1.9,0.278753601,1.770852012,"6/7/2022","020503010201 Elk Creek"
"662","EC0-SF","Tessellated Darter",54,1.4,0.146128036,1.73239376,"6/7/2022","020503010201 Elk Creek"
"663","EC0-SF","Creek Chub",91,8.8,0.944482672,1.959041392,"6/7/2022","020503010201 Elk Creek"
"664","EC0-SF","Tessellated Darter",39,0.6,-0.22184875,1.591064607,"6/7/2022","020503010201 Elk Creek"
"665","EC0-SF","Blacknose Dace",42,0.7,-0.15490196,1.62324929,"6/7/2022","020503010201 Elk Creek"
"666","EC0-SF","Tessellated Darter",44,0.7,-0.15490196,1.643452676,"6/7/2022","020503010201 Elk Creek"
"667","EC0-SF","Creek Chub",44,0.9,-0.045757491,1.643452676,"6/7/2022","020503010201 Elk Creek"
"668","EC0-SF","Creek Chub",114,13.5,1.130333768,2.056904851,"6/7/2022","020503010201 Elk Creek"
"669","EC0-SF","Blacknose Dace",57,1.7,0.230448921,1.755874856,"6/7/2022","020503010201 Elk Creek"
"670","EC0-SF","Creek Chub",38,0.6,-0.22184875,1.579783597,"6/7/2022","020503010201 Elk Creek"
"671","EC0-SF","Tessellated Darter",42,0.6,-0.22184875,1.62324929,"6/7/2022","020503010201 Elk Creek"
"672","EC0-SF","Blacknose Dace",56,1.8,0.255272505,1.748188027,"6/7/2022","020503010201 Elk Creek"
"673","EC0-SF","Tessellated Darter",63,1.9,0.278753601,1.799340549,"6/7/2022","020503010201 Elk Creek"
"674","EC0-SF","Tessellated Darter",67,2.7,0.431363764,1.826074803,"6/7/2022","020503010201 Elk Creek"
"675","EC0-SF","Longnose Dace",83,5.6,0.748188027,1.919078092,"6/7/2022","020503010201 Elk Creek"
"676","EC0-SF","Blacknose Dace",41,0.6,-0.22184875,1.612783857,"6/7/2022","020503010201 Elk Creek"
"677","EC0-SF","Blacknose Dace",46,0.7,-0.15490196,1.662757832,"6/7/2022","020503010201 Elk Creek"
"678","EC0-SF","Tessellated Darter",48,1,0,1.681241237,"6/7/2022","020503010201 Elk Creek"
"679","EC0-SF","Creek Chub",52,1.6,0.204119983,1.716003344,"6/7/2022","020503010201 Elk Creek"
"680","EC0-SF","Blacknose Dace",60,1.9,0.278753601,1.77815125,"6/7/2022","020503010201 Elk Creek"
"681","EC0-SF","Longnose Dace",58,1.9,0.278753601,1.763427994,"6/7/2022","020503010201 Elk Creek"
"682","EC0-SF","Blacknose Dace",40,0.6,-0.22184875,1.602059991,"6/7/2022","020503010201 Elk Creek"
"683","EC0-SF","Creek Chub",130,28.6,1.456366033,2.113943352,"6/7/2022","020503010201 Elk Creek"
"684","EC0-SF","Longnose Dace",59,1.7,0.230448921,1.770852012,"6/7/2022","020503010201 Elk Creek"
"685","EC0-SF","Tessellated Darter",55,1.7,0.230448921,1.740362689,"6/7/2022","020503010201 Elk Creek"
"686","EC0-SF","Creek Chub",74,4.3,0.633468456,1.86923172,"6/7/2022","020503010201 Elk Creek"
"687","EC0-SF","Tessellated Darter",54,1.5,0.176091259,1.73239376,"6/7/2022","020503010201 Elk Creek"
"688","EC0-SF","Tessellated Darter",50,1.2,0.079181246,1.698970004,"6/7/2022","020503010201 Elk Creek"
"689","EC0-SF","Longnose Dace",80,5.4,0.73239376,1.903089987,"6/7/2022","020503010201 Elk Creek"
"690","EC0-SF","Creek Chub",137,35.8,1.553883027,2.136720567,"6/7/2022","020503010201 Elk Creek"
"691","EC0-SF","Creek Chub",69,3.1,0.491361694,1.838849091,"6/7/2022","020503010201 Elk Creek"
"692","EC0-SF","Blacknose Dace",59,1.9,0.278753601,1.770852012,"6/7/2022","020503010201 Elk Creek"
"693","EC0-SF","Blacknose Dace",40,0.5,-0.301029996,1.602059991,"6/7/2022","020503010201 Elk Creek"
"694","EC0-SF","Blacknose Dace",61,2.3,0.361727836,1.785329835,"6/7/2022","020503010201 Elk Creek"
"695","EC0-SF","Creek Chub",76,5.9,0.770852012,1.880813592,"6/7/2022","020503010201 Elk Creek"
"696","EC0-SF","Blacknose Dace",68,3.1,0.491361694,1.832508913,"6/7/2022","020503010201 Elk Creek"
"697","EC0-SF","Tessellated Darter",46,0.8,-0.096910013,1.662757832,"6/7/2022","020503010201 Elk Creek"
"698","EC0-SF","Blacknose Dace",64,2.7,0.431363764,1.806179974,"6/7/2022","020503010201 Elk Creek"
"699","EC0-SF","Blacknose Dace",61,2.1,0.322219295,1.785329835,"6/7/2022","020503010201 Elk Creek"
"700","EC0-SF","Tessellated Darter",44,0.8,-0.096910013,1.643452676,"6/7/2022","020503010201 Elk Creek"
"701","EC0-SF","Tessellated Darter",50,1.3,0.113943352,1.698970004,"6/7/2022","020503010201 Elk Creek"
"702","EC0-SF","Blacknose Dace",49,1.2,0.079181246,1.69019608,"6/7/2022","020503010201 Elk Creek"
"703","EC0-SF","Creek Chub",114,13.3,1.123851641,2.056904851,"6/7/2022","020503010201 Elk Creek"
"704","EC0-SF","Creek Chub",114,19.7,1.294466226,2.056904851,"6/7/2022","020503010201 Elk Creek"
"705","EC0-SF","Longnose Dace",55,1.5,0.176091259,1.740362689,"6/7/2022","020503010201 Elk Creek"
"706","EC0-SF","Blacknose Dace",69,3.2,0.505149978,1.838849091,"6/7/2022","020503010201 Elk Creek"
"707","EC0-SF","Blacknose Dace",42,0.5,-0.301029996,1.62324929,"6/7/2022","020503010201 Elk Creek"
"708","EC0-SF","Blacknose Dace",57,1.8,0.255272505,1.755874856,"6/7/2022","020503010201 Elk Creek"
"709","EC0-SF","Blacknose Dace",44,0.9,-0.045757491,1.643452676,"6/7/2022","020503010201 Elk Creek"
"710","EC0-SF","Blacknose Dace",60,1.9,0.278753601,1.77815125,"6/7/2022","020503010201 Elk Creek"
"711","EC0-SF","Creek Chub",125,25.6,1.408239965,2.096910013,"6/7/2022","020503010201 Elk Creek"
"712","EC0-SF","Creek Chub",56,2.6,0.414973348,1.748188027,"6/7/2022","020503010201 Elk Creek"
"713","EC0-SF","Tessellated Darter",51,1,0,1.707570176,"6/7/2022","020503010201 Elk Creek"
"714","EC0-SF","Tessellated Darter",45,1.1,0.041392685,1.653212514,"6/7/2022","020503010201 Elk Creek"
"715","EC0-SF","Creek Chub",61,2.4,0.380211242,1.785329835,"6/7/2022","020503010201 Elk Creek"
"716","EC0-SF","Blacknose Dace",41,0.6,-0.22184875,1.612783857,"6/7/2022","020503010201 Elk Creek"
"717","EC0-SF","Tessellated Darter",47,1.1,0.041392685,1.672097858,"6/7/2022","020503010201 Elk Creek"
"718","EC0-SF","Longnose Dace",57,1,0,1.755874856,"6/7/2022","020503010201 Elk Creek"
"719","EC0-SF","Blacknose Dace",59,2.9,0.462397998,1.770852012,"6/7/2022","020503010201 Elk Creek"
"720","EC0-SF","Longnose Dace",60,2,0.301029996,1.77815125,"6/7/2022","020503010201 Elk Creek"
"721","EC0-SF","Tessellated Darter",37,0.6,-0.22184875,1.568201724,"6/7/2022","020503010201 Elk Creek"
"722","EC0-SF","Tessellated Darter",62,1.5,0.176091259,1.792391689,"6/7/2022","020503010201 Elk Creek"
"723","EC0-SF","Creek Chub",42,0.9,-0.045757491,1.62324929,"6/7/2022","020503010201 Elk Creek"
"724","EC0-SF","Blacknose Dace",41,0.6,-0.22184875,1.612783857,"6/7/2022","020503010201 Elk Creek"
"725","EC0-SF","Creek Chub",30,0.3,-0.522878745,1.477121255,"6/7/2022","020503010201 Elk Creek"
"726","EC0-SF","Tessellated Darter",48,0.7,-0.15490196,1.681241237,"6/7/2022","020503010201 Elk Creek"
"727","EC0-SF","Creek Chub",36,0.4,-0.397940009,1.556302501,"6/7/2022","020503010201 Elk Creek"
"728","EC0-SF","Creek Chub",122,21.8,1.338456494,2.086359831,"6/7/2022","020503010201 Elk Creek"
"729","EC0-SF","Creek Chub",181,70.1,1.845718018,2.257678575,"6/7/2022","020503010201 Elk Creek"
"730","EC0-SF","Tessellated Darter",44,0.7,-0.15490196,1.643452676,"6/7/2022","020503010201 Elk Creek"
"731","EC0-SF","Creek Chub",59,2.4,0.380211242,1.770852012,"6/7/2022","020503010201 Elk Creek"
"732","EC0-SF","Creek Chub",54,1.7,0.230448921,1.73239376,"6/7/2022","020503010201 Elk Creek"
"733","EC0-SF","Creek Chub",61,2.7,0.431363764,1.785329835,"6/7/2022","020503010201 Elk Creek"
"734","EC0-SF","Creek Chub",89,7.5,0.875061263,1.949390007,"6/7/2022","020503010201 Elk Creek"
"735","EC0-SF","Tessellated Darter",54,1.2,0.079181246,1.73239376,"6/7/2022","020503010201 Elk Creek"
"736","EC0-SF","Tessellated Darter",59,2.3,0.361727836,1.770852012,"6/7/2022","020503010201 Elk Creek"
"737","EC0-SF","Blacknose Dace",43,0.7,-0.15490196,1.633468456,"6/7/2022","020503010201 Elk Creek"
"738","EC0-SF","Tessellated Darter",49,1.2,0.079181246,1.69019608,"6/7/2022","020503010201 Elk Creek"
"739","EC0-SF","Blacknose Dace",72,3.8,0.579783597,1.857332496,"6/7/2022","020503010201 Elk Creek"
"740","EC0-SF","Creek Chub",91,9.9,0.995635195,1.959041392,"6/7/2022","020503010201 Elk Creek"
"741","EC0-SF","Tessellated Darter",50,1.1,0.041392685,1.698970004,"6/7/2022","020503010201 Elk Creek"
"742","EC0-SF","Blacknose Dace",47,0.9,-0.045757491,1.672097858,"6/7/2022","020503010201 Elk Creek"
"743","EC0-SF","Tessellated Darter",54,1.8,0.255272505,1.73239376,"6/7/2022","020503010201 Elk Creek"
"744","EC0-SF","Creek Chub",116,19.2,1.283301229,2.064457989,"6/7/2022","020503010201 Elk Creek"
"745","EC0-SF","Creek Chub",96,11.7,1.068185862,1.982271233,"6/7/2022","020503010201 Elk Creek"
"746","EC0-SF","Blacknose Dace",40,0.5,-0.301029996,1.602059991,"6/7/2022","020503010201 Elk Creek"
"747","EC0-SF","Longnose Dace",77,3.4,0.531478917,1.886490725,"6/7/2022","020503010201 Elk Creek"
"748","EC0-SF","Blacknose Dace",58,1.8,0.255272505,1.763427994,"6/7/2022","020503010201 Elk Creek"
"749","EC0-SF","Tessellated Darter",53,1.7,0.230448921,1.72427587,"6/7/2022","020503010201 Elk Creek"
"750","EC0-SF","Blacknose Dace",56,1.4,0.146128036,1.748188027,"6/7/2022","020503010201 Elk Creek"
"751","EC0-SF","Creek Chub",67,2.8,0.447158031,1.826074803,"6/7/2022","020503010201 Elk Creek"
"752","EC0-SF","Blacknose Dace",63,2.6,0.414973348,1.799340549,"6/7/2022","020503010201 Elk Creek"
"753","EC0-SF","Tessellated Darter",47,0.9,-0.045757491,1.672097858,"6/7/2022","020503010201 Elk Creek"
"754","EC0-SF","Blacknose Dace",46,0.9,-0.045757491,1.662757832,"6/7/2022","020503010201 Elk Creek"
"755","EC0-SF","Longnose Dace",70,3.3,0.51851394,1.84509804,"6/7/2022","020503010201 Elk Creek"
"756","EC0-SF","Tessellated Darter",47,0.8,-0.096910013,1.672097858,"6/7/2022","020503010201 Elk Creek"
"757","EC0-SF","Tessellated Darter",40,0.6,-0.22184875,1.602059991,"6/7/2022","020503010201 Elk Creek"
"758","EC0-SF","Tessellated Darter",70,2.6,0.414973348,1.84509804,"6/7/2022","020503010201 Elk Creek"
"759","FlagMarsh.Pigeon","Blacknose Dace",72,3.4,0.531478917,1.857332496,"6/29/2023","020502060302 Glass Creek-Loyalsock Creek"
"760","FlagMarsh.Pigeon","Blacknose Dace",72,3.2,0.505149978,1.857332496,"6/29/2023","020502060302 Glass Creek-Loyalsock Creek"
"761","FlagMarsh.Pigeon","Blacknose Dace",74,3.6,0.556302501,1.86923172,"6/29/2023","020502060302 Glass Creek-Loyalsock Creek"
"762","FlagMarsh.Pigeon","Creek Chub",126,23.5,1.371067862,2.100370545,"6/29/2023","020502060302 Glass Creek-Loyalsock Creek"
"763","FlagMarsh.Pigeon","Blacknose Dace",60,1.9,0.278753601,1.77815125,"6/29/2023","020502060302 Glass Creek-Loyalsock Creek"
"764","FlagMarsh.Pigeon","Blacknose Dace",63,2,0.301029996,1.799340549,"6/29/2023","020502060302 Glass Creek-Loyalsock Creek"
"765","FlagMarsh.Pigeon","Creek Chub",76,4.4,0.643452676,1.880813592,"6/29/2023","020502060302 Glass Creek-Loyalsock Creek"
"766","FlagMarsh.Pigeon","Blacknose Dace",52,1.3,0.113943352,1.716003344,"6/29/2023","020502060302 Glass Creek-Loyalsock Creek"
"767","FlagMarsh.Pigeon","Creek Chub",79,5,0.698970004,1.897627091,"6/29/2023","020502060302 Glass Creek-Loyalsock Creek"
"768","FlagMarsh.Pigeon","Blacknose Dace",68,2.6,0.414973348,1.832508913,"6/29/2023","020502060302 Glass Creek-Loyalsock Creek"
"769","FlagMarsh.Pigeon","Blacknose Dace",65,2.7,0.431363764,1.812913357,"6/29/2023","020502060302 Glass Creek-Loyalsock Creek"
"770","FlagMarsh.Pigeon","Blacknose Dace",65,2.4,0.380211242,1.812913357,"6/29/2023","020502060302 Glass Creek-Loyalsock Creek"
"771","FlagMarsh.Pigeon","Blacknose Dace",85,5,0.698970004,1.929418926,"6/29/2023","020502060302 Glass Creek-Loyalsock Creek"
"772","FlagMarsh.Pigeon","Blacknose Dace",50,1,0,1.698970004,"6/29/2023","020502060302 Glass Creek-Loyalsock Creek"
"773","FlagMarsh.Pigeon","Blacknose Dace",72,3.6,0.556302501,1.857332496,"6/29/2023","020502060302 Glass Creek-Loyalsock Creek"
"774","FlagMarsh.Pigeon","Creek Chub",51,1.2,0.079181246,1.707570176,"6/29/2023","020502060302 Glass Creek-Loyalsock Creek"
"775","FlagMarsh.Pigeon","Blacknose Dace",74,3.2,0.505149978,1.86923172,"6/29/2023","020502060302 Glass Creek-Loyalsock Creek"
"776","FlagMarsh.Pigeon","Blacknose Dace",76,3.6,0.556302501,1.880813592,"6/29/2023","020502060302 Glass Creek-Loyalsock Creek"
"777","FlagMarsh.Pigeon","Blacknose Dace",64,2.2,0.342422681,1.806179974,"6/29/2023","020502060302 Glass Creek-Loyalsock Creek"
"778","FlagMarsh.Pigeon","Blacknose Dace",71,3.4,0.531478917,1.851258349,"6/29/2023","020502060302 Glass Creek-Loyalsock Creek"
"779","FlagMarsh.Pigeon","Blacknose Dace",65,2.2,0.342422681,1.812913357,"6/29/2023","020502060302 Glass Creek-Loyalsock Creek"
"780","FlagMarsh.Pigeon","Blacknose Dace",55,1.5,0.176091259,1.740362689,"6/29/2023","020502060302 Glass Creek-Loyalsock Creek"
"781","FlagMarsh.Pigeon","Blacknose Dace",77,3.8,0.579783597,1.886490725,"6/29/2023","020502060302 Glass Creek-Loyalsock Creek"
"782","FlagMarsh.Pigeon","Blacknose Dace",71,3.6,0.556302501,1.851258349,"6/29/2023","020502060302 Glass Creek-Loyalsock Creek"
"783","FlagMarsh.Pigeon","Creek Chub",68,3.2,0.505149978,1.832508913,"6/29/2023","020502060302 Glass Creek-Loyalsock Creek"
"784","FlagMarsh.Pigeon","Blacknose Dace",63,2.3,0.361727836,1.799340549,"6/29/2023","020502060302 Glass Creek-Loyalsock Creek"
"785","FlagMarsh.Pigeon","Blacknose Dace",61,2.3,0.361727836,1.785329835,"6/29/2023","020502060302 Glass Creek-Loyalsock Creek"
"786","FlagMarsh.Pigeon","Creek Chub",99,8.6,0.934498451,1.995635195,"6/29/2023","020502060302 Glass Creek-Loyalsock Creek"
"787","FlagMarsh.Pigeon","Blacknose Dace",63,1.9,0.278753601,1.799340549,"6/29/2023","020502060302 Glass Creek-Loyalsock Creek"
"788","FlagMarsh.Pigeon","Blacknose Dace",81,4.9,0.69019608,1.908485019,"6/29/2023","020502060302 Glass Creek-Loyalsock Creek"
"789","FlagMarsh.Pigeon","Blacknose Dace",67,2.6,0.414973348,1.826074803,"6/29/2023","020502060302 Glass Creek-Loyalsock Creek"
"790","FlagMarsh.Pigeon","Blacknose Dace",63,2.5,0.397940009,1.799340549,"6/29/2023","020502060302 Glass Creek-Loyalsock Creek"
"791","FlagMarsh.Pigeon","Blacknose Dace",64,2.3,0.361727836,1.806179974,"6/29/2023","020502060302 Glass Creek-Loyalsock Creek"
"792","FlagMarsh.Pigeon","Blacknose Dace",65,2.2,0.342422681,1.812913357,"6/29/2023","020502060302 Glass Creek-Loyalsock Creek"
"793","FlagMarsh.Pigeon","Blacknose Dace",67,2.6,0.414973348,1.826074803,"6/29/2023","020502060302 Glass Creek-Loyalsock Creek"
"794","FlagMarsh.Pigeon","Blacknose Dace",61,2.2,0.342422681,1.785329835,"6/29/2023","020502060302 Glass Creek-Loyalsock Creek"
"795","Glass.Loyalsock","Blacknose Dace",70,2.8,0.447158031,1.84509804,"6/29/2022","020502060302 Glass Creek-Loyalsock Creek"
"796","Glass.Loyalsock","Creek Chub",68,3.3,0.51851394,1.832508913,"6/29/2022","020502060302 Glass Creek-Loyalsock Creek"
"797","Glass.Loyalsock","Creek Chub",71,3.5,0.544068044,1.851258349,"6/29/2022","020502060302 Glass Creek-Loyalsock Creek"
"798","Glass.Loyalsock","Creek Chub",76,4.4,0.643452676,1.880813592,"6/29/2022","020502060302 Glass Creek-Loyalsock Creek"
"799","Glass.Loyalsock","Creek Chub",103,8.5,0.929418926,2.012837225,"6/29/2022","020502060302 Glass Creek-Loyalsock Creek"
"800","Glass.Loyalsock","Creek Chub",67,2.9,0.462397998,1.826074803,"6/29/2022","020502060302 Glass Creek-Loyalsock Creek"
"801","Glass.Loyalsock","Creek Chub",90,6.2,0.792391689,1.954242509,"6/29/2022","020502060302 Glass Creek-Loyalsock Creek"
"802","Glass.Loyalsock","Creek Chub",66,2.5,0.397940009,1.819543936,"6/29/2022","020502060302 Glass Creek-Loyalsock Creek"
"803","Glass.Loyalsock","Blacknose Dace",76,3.6,0.556302501,1.880813592,"6/29/2022","020502060302 Glass Creek-Loyalsock Creek"
"804","Glass.Loyalsock","Creek Chub",30,3,0.477121255,1.477121255,"6/29/2022","020502060302 Glass Creek-Loyalsock Creek"
"805","Glass.Loyalsock","Creek Chub",66,3.6,0.556302501,1.819543936,"6/29/2022","020502060302 Glass Creek-Loyalsock Creek"
"806","Glass.Loyalsock","Blacknose Dace",73,3.4,0.531478917,1.86332286,"6/29/2022","020502060302 Glass Creek-Loyalsock Creek"
"807","Glass.Loyalsock","Creek Chub",60,2.2,0.342422681,1.77815125,"6/29/2022","020502060302 Glass Creek-Loyalsock Creek"
"808","Glass.Loyalsock","Blacknose Dace",64,2.8,0.447158031,1.806179974,"6/29/2022","020502060302 Glass Creek-Loyalsock Creek"
"809","Glass.Loyalsock","Creek Chub",85,5.9,0.770852012,1.929418926,"6/29/2022","020502060302 Glass Creek-Loyalsock Creek"
"810","Glass.Loyalsock","Creek Chub",78,4.9,0.69019608,1.892094603,"6/29/2022","020502060302 Glass Creek-Loyalsock Creek"
"811","Glass.Loyalsock","Creek Chub",67,2.4,0.380211242,1.826074803,"6/29/2022","020502060302 Glass Creek-Loyalsock Creek"
"812","Glass.Loyalsock","Creek Chub",74,3.8,0.579783597,1.86923172,"6/29/2022","020502060302 Glass Creek-Loyalsock Creek"
"813","Glass.Loyalsock","Creek Chub",71,2.9,0.462397998,1.851258349,"6/29/2022","020502060302 Glass Creek-Loyalsock Creek"
"814","Glass.Loyalsock","Blacknose Dace",70,3.3,0.51851394,1.84509804,"6/29/2022","020502060302 Glass Creek-Loyalsock Creek"
"815","Glass.Loyalsock","Blacknose Dace",68,2.41,0.382017043,1.832508913,"6/25/2025","020502060302 Glass Creek-Loyalsock Creek"
"816","Glass.Loyalsock","Blacknose Dace",58,1.79,0.252853031,1.763427994,"6/25/2025","020502060302 Glass Creek-Loyalsock Creek"
"817","Glass.Loyalsock","Creek Chub",75,4.1,0.612783857,1.875061263,"6/29/2022","020502060302 Glass Creek-Loyalsock Creek"
"818","Glass.Loyalsock","Creek Chub",75,3.9,0.591064607,1.875061263,"6/29/2022","020502060302 Glass Creek-Loyalsock Creek"
"819","Glass.Loyalsock","Blacknose Dace",77,3.74,0.572871602,1.886490725,"6/25/2025","020502060302 Glass Creek-Loyalsock Creek"
"820","Glass.Loyalsock","Blacknose Dace",58,1.77,0.247973266,1.763427994,"6/25/2025","020502060302 Glass Creek-Loyalsock Creek"
"821","Glass.Loyalsock","Blacknose Dace",57,1.7,0.230448921,1.755874856,"6/25/2025","020502060302 Glass Creek-Loyalsock Creek"
"822","Glass.Loyalsock","Blacknose Dace",60,1.83,0.26245109,1.77815125,"6/25/2025","020502060302 Glass Creek-Loyalsock Creek"
"823","Glass.Loyalsock","Blacknose Dace",56,1.47,0.167317335,1.748188027,"6/25/2025","020502060302 Glass Creek-Loyalsock Creek"
"824","Glass.Loyalsock","Blacknose Dace",61,2.35,0.371067862,1.785329835,"6/25/2025","020502060302 Glass Creek-Loyalsock Creek"
"825","Glass.Loyalsock","Blacknose Dace",69,2.56,0.408239965,1.838849091,"6/25/2025","020502060302 Glass Creek-Loyalsock Creek"
"826","Glass.Loyalsock","Blacknose Dace",59,2.13,0.328379603,1.770852012,"6/25/2025","020502060302 Glass Creek-Loyalsock Creek"
"827","Glass.Loyalsock","Blacknose Dace",60,1.69,0.227886705,1.77815125,"6/25/2025","020502060302 Glass Creek-Loyalsock Creek"
"828","Glass.Loyalsock","Blacknose Dace",60,1.92,0.283301229,1.77815125,"6/25/2025","020502060302 Glass Creek-Loyalsock Creek"
"829","Glass.Loyalsock","Blacknose Dace",59,1.89,0.276461804,1.770852012,"6/25/2025","020502060302 Glass Creek-Loyalsock Creek"
"830","Glass.Loyalsock","Blacknose Dace",63,2.23,0.348304863,1.799340549,"6/25/2025","020502060302 Glass Creek-Loyalsock Creek"
"831","Glass.Loyalsock","Blacknose Dace",60,1.97,0.294466226,1.77815125,"6/25/2025","020502060302 Glass Creek-Loyalsock Creek"
"832","Glass.Loyalsock","Blacknose Dace",61,1.93,0.285557309,1.785329835,"6/25/2025","020502060302 Glass Creek-Loyalsock Creek"
"833","Glass.Loyalsock","Blacknose Dace",69,2.97,0.472756449,1.838849091,"6/25/2025","020502060302 Glass Creek-Loyalsock Creek"
"834","Glass.Loyalsock","Blacknose Dace",59,1.76,0.245512668,1.770852012,"6/25/2025","020502060302 Glass Creek-Loyalsock Creek"
"835","Glass.Loyalsock","Blacknose Dace",72,3.53,0.547774705,1.857332496,"6/25/2025","020502060302 Glass Creek-Loyalsock Creek"
"836","Glass.Loyalsock","Blacknose Dace",62,2.18,0.338456494,1.792391689,"6/25/2025","020502060302 Glass Creek-Loyalsock Creek"
"837","Glass.Loyalsock","Blacknose Dace",63,2.29,0.359835482,1.799340549,"6/25/2025","020502060302 Glass Creek-Loyalsock Creek"
"838","Glass.Loyalsock","Blacknose Dace",71,2.78,0.444044796,1.851258349,"6/25/2025","020502060302 Glass Creek-Loyalsock Creek"
"839","Glass.Loyalsock","Blacknose Dace",60,1.92,0.283301229,1.77815125,"6/25/2025","020502060302 Glass Creek-Loyalsock Creek"
"840","Glass.Loyalsock","Blacknose Dace",63,2.23,0.348304863,1.799340549,"6/25/2025","020502060302 Glass Creek-Loyalsock Creek"
"841","Glass.Loyalsock","Blacknose Dace",75,3.91,0.592176757,1.875061263,"6/25/2025","020502060302 Glass Creek-Loyalsock Creek"
"842","Glass.Loyalsock","Blacknose Dace",72,3.21,0.506505032,1.857332496,"6/25/2025","020502060302 Glass Creek-Loyalsock Creek"
"843","Glass.Loyalsock","Blacknose Dace",59,1.87,0.271841607,1.770852012,"6/25/2025","020502060302 Glass Creek-Loyalsock Creek"
"844","Glass.Loyalsock","Creek Chub",89,7.56,0.878521796,1.949390007,"6/25/2025","020502060302 Glass Creek-Loyalsock Creek"
"845","Glass.Loyalsock","Blacknose Dace",62,2.15,0.33243846,1.792391689,"6/25/2025","020502060302 Glass Creek-Loyalsock Creek"
"846","Glass.Loyalsock","Blacknose Dace",64,2.4,0.380211242,1.806179974,"6/25/2025","020502060302 Glass Creek-Loyalsock Creek"
"847","Glass.Loyalsock","Creek Chub",89,7.27,0.861534411,1.949390007,"6/25/2025","020502060302 Glass Creek-Loyalsock Creek"
"848","Glass.Loyalsock","Blacknose Dace",65,2.48,0.394451681,1.812913357,"6/25/2025","020502060302 Glass Creek-Loyalsock Creek"
"849","Glass.Loyalsock","Creek Chub",70,3.79,0.57863921,1.84509804,"6/25/2025","020502060302 Glass Creek-Loyalsock Creek"
"850","Hammersley.Kettle","Longnose Dace",86,5.7,0.755874856,1.934498451,"7/15/2025","020502030104 Hammersley Fork"
"851","Hammersley.Kettle","Blacknose Dace",49,0.99,-0.004364805,1.69019608,"7/15/2025","020502030104 Hammersley Fork"
"852","Hammersley.Kettle","Longnose Dace",90,5.99,0.777426822,1.954242509,"7/15/2025","020502030104 Hammersley Fork"
"853","Hammersley.Kettle","Creek Chub",99,8.04,0.905256049,1.995635195,"7/15/2025","020502030104 Hammersley Fork"
"854","Hammersley.Kettle","Blacknose Dace",63,2.39,0.378397901,1.799340549,"7/15/2025","020502030104 Hammersley Fork"
"855","Hammersley.Kettle","Longnose Dace",64,2.2,0.342422681,1.806179974,"7/11/2022","020502030104 Hammersley Fork"
"856","Hammersley.Kettle","Longnose Dace",65,2.3,0.361727836,1.812913357,"7/11/2022","020502030104 Hammersley Fork"
"857","Hammersley.Kettle","Blacknose Dace",52,1.3,0.113943352,1.716003344,"7/11/2022","020502030104 Hammersley Fork"
"858","Hammersley.Kettle","Blacknose Dace",70,3,0.477121255,1.84509804,"7/11/2022","020502030104 Hammersley Fork"
"859","Hammersley.Kettle","Blacknose Dace",64,2.2,0.342422681,1.806179974,"7/11/2022","020502030104 Hammersley Fork"
"860","Hammersley.Kettle","Creek Chub",109,13.7,1.136720567,2.037426498,"7/11/2022","020502030104 Hammersley Fork"
"861","Hammersley.Kettle","Blacknose Dace",44,0.7,-0.15490196,1.643452676,"7/11/2022","020502030104 Hammersley Fork"
"862","Hammersley.Kettle","Blacknose Dace",71,3.2,0.505149978,1.851258349,"7/11/2022","020502030104 Hammersley Fork"
"863","Hammersley.Kettle","Longnose Dace",90,7.1,0.851258349,1.954242509,"7/11/2022","020502030104 Hammersley Fork"
"864","Hammersley.Kettle","Longnose Dace",100,9.9,0.995635195,2,"7/11/2022","020502030104 Hammersley Fork"
"865","Hammersley.Kettle","Blacknose Dace",68,2.6,0.414973348,1.832508913,"7/11/2022","020502030104 Hammersley Fork"
"866","Hammersley.Kettle","Blacknose Dace",70,3.3,0.51851394,1.84509804,"7/11/2022","020502030104 Hammersley Fork"
"867","Hammersley.Kettle","Blacknose Dace",65,2.5,0.397940009,1.812913357,"7/11/2022","020502030104 Hammersley Fork"
"868","Hammersley.Kettle","Blacknose Dace",69,2.94,0.46834733,1.838849091,"7/15/2025","020502030104 Hammersley Fork"
"869","Hammersley.Kettle","Longnose Dace",92,6.8,0.832508913,1.963787827,"7/15/2025","020502030104 Hammersley Fork"
"870","Hammersley.Kettle","Longnose Dace",68,2.71,0.432969291,1.832508913,"7/15/2025","020502030104 Hammersley Fork"
"871","Hammersley.Kettle","Blacknose Dace",81,4.6,0.662757832,1.908485019,"7/15/2025","020502030104 Hammersley Fork"
"872","Hammersley.Kettle","Blacknose Dace",46,0.76,-0.119186408,1.662757832,"7/15/2025","020502030104 Hammersley Fork"
"873","Hammersley.Kettle","Blacknose Dace",39,0.54,-0.26760624,1.591064607,"7/15/2025","020502030104 Hammersley Fork"
"874","Hammersley.Kettle","Longnose Dace",98,9.13,0.960470778,1.991226076,"7/15/2025","020502030104 Hammersley Fork"
"875","Hammersley.Kettle","Creek Chub",61,1.96,0.292256071,1.785329835,"7/15/2025","020502030104 Hammersley Fork"
"876","Hammersley.Kettle","Blacknose Dace",70,3.15,0.498310554,1.84509804,"7/15/2025","020502030104 Hammersley Fork"
"877","Hammersley.Kettle","Blacknose Dace",59,1.96,0.292256071,1.770852012,"7/15/2025","020502030104 Hammersley Fork"
"878","Hammersley.Kettle","Blacknose Dace",49,1.12,0.049218023,1.69019608,"7/15/2025","020502030104 Hammersley Fork"
"879","Hammersley.Kettle","Longnose Dace",84,5.55,0.744292983,1.924279286,"7/15/2025","020502030104 Hammersley Fork"
"880","Hammersley.Kettle","Longnose Dace",131,22.23,1.346939463,2.117271296,"7/15/2025","020502030104 Hammersley Fork"
"881","Hammersley.Kettle","Blacknose Dace",65,2.43,0.385606274,1.812913357,"7/15/2025","020502030104 Hammersley Fork"
"882","Hammersley.Kettle","Blacknose Dace",47,0.84,-0.075720714,1.672097858,"7/15/2025","020502030104 Hammersley Fork"
"883","Hammersley.Kettle","Longnose Dace",77,4.11,0.613841822,1.886490725,"7/15/2025","020502030104 Hammersley Fork"
"884","Hammersley.Kettle","Longnose Dace",92,6.92,0.840106094,1.963787827,"7/15/2025","020502030104 Hammersley Fork"
"885","Hammersley.Kettle","Blacknose Dace",60,2.05,0.311753861,1.77815125,"7/15/2025","020502030104 Hammersley Fork"
"886","Hammersley.Kettle","Blacknose Dace",47,0.92,-0.036212173,1.672097858,"7/15/2025","020502030104 Hammersley Fork"
"887","Hammersley.Kettle","Longnose Dace",79,4.44,0.64738297,1.897627091,"7/15/2025","020502030104 Hammersley Fork"
"888","Hammersley.Kettle","Longnose Dace",78,4.5,0.653212514,1.892094603,"7/15/2025","020502030104 Hammersley Fork"
"889","Hammersley.Kettle","Longnose Dace",87,6.29,0.798650645,1.939519253,"7/15/2025","020502030104 Hammersley Fork"
"890","Hammersley.Kettle","Longnose Dace",75,3.74,0.572871602,1.875061263,"7/15/2025","020502030104 Hammersley Fork"
"891","Hammersley.Kettle","Creek Chub",59,1.91,0.281033367,1.770852012,"7/15/2025","020502030104 Hammersley Fork"
"892","Hammersley.Kettle","Longnose Dace",99,8.68,0.938519725,1.995635195,"7/15/2025","020502030104 Hammersley Fork"
"893","Hammersley.Kettle","Longnose Dace",78,4.57,0.6599162,1.892094603,"7/15/2025","020502030104 Hammersley Fork"
"894","Hammersley.Kettle","Longnose Dace",71,3.06,0.485721426,1.851258349,"7/15/2025","020502030104 Hammersley Fork"
"895","Hammersley.Kettle","Blacknose Dace",65,2.47,0.392696953,1.812913357,"7/15/2025","020502030104 Hammersley Fork"
"896","Hammersley.Kettle","Blacknose Dace",69,3.08,0.488550717,1.838849091,"7/15/2025","020502030104 Hammersley Fork"
"897","Hammersley.Kettle","Longnose Dace",86,6.34,0.802089258,1.934498451,"7/15/2025","020502030104 Hammersley Fork"
"898","Hammersley.Kettle","Blacknose Dace",66,2.6,0.414973348,1.819543936,"7/11/2022","020502030104 Hammersley Fork"
"899","Hammersley.Kettle","Blacknose Dace",62,2.1,0.322219295,1.792391689,"7/11/2022","020502030104 Hammersley Fork"
"900","Hammersley.Kettle","Blacknose Dace",69,3,0.477121255,1.838849091,"7/11/2022","020502030104 Hammersley Fork"
"901","Hammersley.Kettle","Blacknose Dace",66,2.2,0.342422681,1.819543936,"7/11/2022","020502030104 Hammersley Fork"
"902","Hammersley.Kettle","Blacknose Dace",64,2.3,0.361727836,1.806179974,"7/11/2022","020502030104 Hammersley Fork"
"903","Hammersley.Kettle","Longnose Dace",106,11.6,1.064457989,2.025305865,"7/11/2022","020502030104 Hammersley Fork"
"904","Hammersley.Kettle","Blacknose Dace",67,2.4,0.380211242,1.826074803,"7/11/2022","020502030104 Hammersley Fork"
"905","Hammersley.Kettle","Longnose Dace",95,8,0.903089987,1.977723605,"7/11/2022","020502030104 Hammersley Fork"
"906","Hammersley.Kettle","Longnose Dace",84,5.6,0.748188027,1.924279286,"7/11/2022","020502030104 Hammersley Fork"
"907","Hammersley.Kettle","Longnose Dace",86,5.6,0.748188027,1.934498451,"7/15/2025","020502030104 Hammersley Fork"
"908","Hammersley.Kettle","Blacknose Dace",57,1.75,0.243038049,1.755874856,"7/15/2025","020502030104 Hammersley Fork"
"909","Hammersley.Kettle","Longnose Dace",89,5.79,0.762678564,1.949390007,"7/15/2025","020502030104 Hammersley Fork"
"910","Hammersley.Kettle","Blacknose Dace",64,2.58,0.411619706,1.806179974,"7/15/2025","020502030104 Hammersley Fork"
"911","Hammersley.Kettle","Blacknose Dace",69,3.05,0.484299839,1.838849091,"7/15/2025","020502030104 Hammersley Fork"
"912","Hammersley.Kettle","Longnose Dace",75,3.63,0.559906625,1.875061263,"7/15/2025","020502030104 Hammersley Fork"
"913","Hammersley.Kettle","Blacknose Dace",73,3.63,0.559906625,1.86332286,"7/15/2025","020502030104 Hammersley Fork"
"914","Hammersley.Kettle","Longnose Dace",69,2.93,0.46686762,1.838849091,"7/15/2025","020502030104 Hammersley Fork"
"915","Hammersley.Kettle","Blacknose Dace",75,3.65,0.562292864,1.875061263,"7/15/2025","020502030104 Hammersley Fork"
"916","Hammersley.Kettle","Blacknose Dace",45,0.79,-0.102372909,1.653212514,"7/15/2025","020502030104 Hammersley Fork"
"917","Hammersley.Kettle","Longnose Dace",84,4.97,0.696356389,1.924279286,"7/15/2025","020502030104 Hammersley Fork"
"918","Hammersley.Kettle","Longnose Dace",99,8.6,0.934498451,1.995635195,"7/15/2025","020502030104 Hammersley Fork"
"919","Hammersley.Kettle","Longnose Dace",76,3.53,0.547774705,1.880813592,"7/15/2025","020502030104 Hammersley Fork"
"920","Hammersley.Kettle","Blacknose Dace",72,3.57,0.552668216,1.857332496,"7/15/2025","020502030104 Hammersley Fork"
"921","Hammersley.Kettle","Blacknose Dace",62,2.31,0.36361198,1.792391689,"7/15/2025","020502030104 Hammersley Fork"
"922","Hammersley.Kettle","Longnose Dace",65,2.4,0.380211242,1.812913357,"7/11/2022","020502030104 Hammersley Fork"
"923","Hammersley.Kettle","Blacknose Dace",46,0.8,-0.096910013,1.662757832,"7/11/2022","020502030104 Hammersley Fork"
"924","Hammersley.Kettle","Longnose Dace",88,6.2,0.792391689,1.944482672,"7/11/2022","020502030104 Hammersley Fork"
"925","Hammersley.Kettle","Creek Chub",190,64.1,1.80685803,2.278753601,"7/11/2022","020502030104 Hammersley Fork"
"926","Hammersley.Kettle","Longnose Dace",69,2.8,0.447158031,1.838849091,"7/11/2022","020502030104 Hammersley Fork"
"927","Hammersley.Kettle","Blacknose Dace",63,2.2,0.342422681,1.799340549,"7/11/2022","020502030104 Hammersley Fork"
"928","Hammersley.Kettle","Blacknose Dace",62,2.16,0.334453751,1.792391689,"7/15/2025","020502030104 Hammersley Fork"
"929","Hammersley.Kettle","Blacknose Dace",61,2.32,0.365487985,1.785329835,"7/15/2025","020502030104 Hammersley Fork"
"930","Hammersley.Kettle","Blacknose Dace",47,0.94,-0.026872146,1.672097858,"7/15/2025","020502030104 Hammersley Fork"
"931","Hammersley.Kettle","Blacknose Dace",46,0.81,-0.091514981,1.662757832,"7/15/2025","020502030104 Hammersley Fork"
"932","Hammersley.Kettle","Longnose Dace",79,4.24,0.627365857,1.897627091,"7/15/2025","020502030104 Hammersley Fork"
"933","Hammersley.Kettle","Blacknose Dace",71,2.98,0.474216264,1.851258349,"7/15/2025","020502030104 Hammersley Fork"
"934","Hammersley.Kettle","Longnose Dace",68,3,0.477121255,1.832508913,"7/15/2025","020502030104 Hammersley Fork"
"935","Hammersley.Kettle","Longnose Dace",89,6.45,0.809559715,1.949390007,"7/15/2025","020502030104 Hammersley Fork"
"936","Hammersley.Kettle","Longnose Dace",103,11.58,1.063708559,2.012837225,"7/15/2025","020502030104 Hammersley Fork"
"937","Hammersley.Kettle","Blacknose Dace",75,4,0.602059991,1.875061263,"7/15/2025","020502030104 Hammersley Fork"
"938","Hammersley.Kettle","Longnose Dace",97,8.6,0.934498451,1.986771734,"7/11/2022","020502030104 Hammersley Fork"
"939","Hammersley.Kettle","Blacknose Dace",62,2.4,0.380211242,1.792391689,"7/11/2022","020502030104 Hammersley Fork"
"940","Hammersley.Kettle","Longnose Dace",95,7.5,0.875061263,1.977723605,"7/11/2022","020502030104 Hammersley Fork"
"941","Hammersley.Kettle","Longnose Dace",87,5.4,0.73239376,1.939519253,"7/11/2022","020502030104 Hammersley Fork"
"942","Hammersley.Kettle","Blacknose Dace",51,1.2,0.079181246,1.707570176,"7/11/2022","020502030104 Hammersley Fork"
"943","Hammersley.Kettle","Longnose Dace",68,2.6,0.414973348,1.832508913,"7/11/2022","020502030104 Hammersley Fork"
"944","Hammersley.Kettle","Blacknose Dace",47,0.9,-0.045757491,1.672097858,"7/11/2022","020502030104 Hammersley Fork"
"945","Hammersley.Kettle","Longnose Dace",69,2.8,0.447158031,1.838849091,"7/11/2022","020502030104 Hammersley Fork"
"946","Hammersley.Kettle","Longnose Dace",70,2.9,0.462397998,1.84509804,"7/11/2022","020502030104 Hammersley Fork"
"947","Hammersley.Kettle","Creek Chub",111,12.1,1.08278537,2.045322979,"7/11/2022","020502030104 Hammersley Fork"
"948","Hammersley.Kettle","Longnose Dace",67,2.4,0.380211242,1.826074803,"7/11/2022","020502030104 Hammersley Fork"
"949","Hammersley.Kettle","Blacknose Dace",64,2.4,0.380211242,1.806179974,"7/11/2022","020502030104 Hammersley Fork"
"950","Hammersley.Kettle","Blacknose Dace",51,1.1,0.041392685,1.707570176,"7/11/2022","020502030104 Hammersley Fork"
"951","Hammersley.Kettle","Blacknose Dace",49,1.1,0.041392685,1.69019608,"7/11/2022","020502030104 Hammersley Fork"
"952","Hammersley.Kettle","Blacknose Dace",60,2,0.301029996,1.77815125,"7/11/2022","020502030104 Hammersley Fork"
"953","Hammersley.Kettle","Blacknose Dace",70,3,0.477121255,1.84509804,"7/11/2022","020502030104 Hammersley Fork"
"954","Hammersley.Kettle","Longnose Dace",67,2.6,0.414973348,1.826074803,"7/11/2022","020502030104 Hammersley Fork"
"955","Hammersley.Kettle","Longnose Dace",71,3.3,0.51851394,1.851258349,"7/11/2022","020502030104 Hammersley Fork"
"956","Hammersley.Kettle","Longnose Dace",64,2.1,0.322219295,1.806179974,"7/11/2022","020502030104 Hammersley Fork"
"957","Hammersley.Kettle","Blacknose Dace",69,2.9,0.462397998,1.838849091,"7/11/2022","020502030104 Hammersley Fork"
"958","Hammersley.Kettle","Blacknose Dace",46,0.8,-0.096910013,1.662757832,"7/11/2022","020502030104 Hammersley Fork"
"959","Hammersley.Kettle","Longnose Dace",100,8,0.903089987,2,"7/11/2022","020502030104 Hammersley Fork"
"960","Hammersley.Kettle","Longnose Dace",109,11.5,1.06069784,2.037426498,"7/11/2022","020502030104 Hammersley Fork"
"961","Hammersley.Kettle","Longnose Dace",97,8.4,0.924279286,1.986771734,"7/11/2022","020502030104 Hammersley Fork"
"962","Hammersley.Kettle","Blacknose Dace",60,2.1,0.322219295,1.77815125,"7/11/2022","020502030104 Hammersley Fork"
"963","Hammersley.Kettle","Longnose Dace",104,9.7,0.986771734,2.017033339,"7/11/2022","020502030104 Hammersley Fork"
"964","Hammersley.Kettle","Blacknose Dace",41,0.5,-0.301029996,1.612783857,"7/11/2022","020502030104 Hammersley Fork"
"965","Hammersley.Kettle","Blacknose Dace",46,0.9,-0.045757491,1.662757832,"7/11/2022","020502030104 Hammersley Fork"
"966","Hammersley.Kettle","Blacknose Dace",69,3.3,0.51851394,1.838849091,"7/11/2022","020502030104 Hammersley Fork"
"967","Hammersley.Kettle","Longnose Dace",89,6.3,0.799340549,1.949390007,"7/11/2022","020502030104 Hammersley Fork"
"968","Hammersley.Kettle","Longnose Dace",103,9.8,0.991226076,2.012837225,"7/11/2022","020502030104 Hammersley Fork"
"969","Hammersley.Kettle","Blacknose Dace",62,2.1,0.322219295,1.792391689,"7/11/2022","020502030104 Hammersley Fork"
"970","Hammersley.Kettle","Blacknose Dace",47,0.9,-0.045757491,1.672097858,"7/11/2022","020502030104 Hammersley Fork"
"971","Hammersley.Kettle","Blacknose Dace",48,0.8,-0.096910013,1.681241237,"7/11/2022","020502030104 Hammersley Fork"
"972","Hammersley.Kettle","Blacknose Dace",53,1.3,0.113943352,1.72427587,"7/11/2022","020502030104 Hammersley Fork"
"973","Hammersley.Kettle","Blacknose Dace",68,3.2,0.505149978,1.832508913,"7/11/2022","020502030104 Hammersley Fork"
"974","Hammersley.Kettle","Longnose Dace",88,6.6,0.819543936,1.944482672,"7/11/2022","020502030104 Hammersley Fork"
"975","Hammersley.Kettle","Longnose Dace",83,5.9,0.770852012,1.919078092,"7/11/2022","020502030104 Hammersley Fork"
"976","Hammersley.Kettle","Longnose Dace",62,1.9,0.278753601,1.792391689,"7/11/2022","020502030104 Hammersley Fork"
"977","Hammersley.Kettle","Longnose Dace",99,9.1,0.959041392,1.995635195,"7/11/2022","020502030104 Hammersley Fork"
"978","Hammersley.Kettle","Longnose Dace",79,4.12,0.614897216,1.897627091,"7/15/2025","020502030104 Hammersley Fork"
"979","Hammersley.Kettle","Longnose Dace",96,7.55,0.877946952,1.982271233,"7/15/2025","020502030104 Hammersley Fork"
"980","Hammersley.Kettle","Blacknose Dace",51,1.1,0.041392685,1.707570176,"7/15/2025","020502030104 Hammersley Fork"
"981","Huckle.Loyalsock","Longnose Dace",103,10.33,1.014100322,2.012837225,"6/23/2025","020502060503 Ogdonia Creek-Loyalsock Creek"
"982","Huckle.Loyalsock","Longnose Dace",86,6.74,0.828659897,1.934498451,"6/23/2025","020502060503 Ogdonia Creek-Loyalsock Creek"
"983","Huckle.Loyalsock","Longnose Dace",71,3.52,0.546542663,1.851258349,"6/23/2025","020502060503 Ogdonia Creek-Loyalsock Creek"
"984","Huckle.Loyalsock","Blacknose Dace",57,1.84,0.264817823,1.755874856,"6/23/2025","020502060503 Ogdonia Creek-Loyalsock Creek"
"985","Huckle.Loyalsock","Longnose Dace",104,12.35,1.091666958,2.017033339,"6/23/2025","020502060503 Ogdonia Creek-Loyalsock Creek"
"986","Huckle.Loyalsock","Longnose Dace",96,8.68,0.938519725,1.982271233,"6/23/2025","020502060503 Ogdonia Creek-Loyalsock Creek"
"987","Huckle.Loyalsock","Longnose Dace",120,18.72,1.272305844,2.079181246,"6/23/2025","020502060503 Ogdonia Creek-Loyalsock Creek"
"988","Huckle.Loyalsock","Longnose Dace",106,12.41,1.093771781,2.025305865,"6/23/2025","020502060503 Ogdonia Creek-Loyalsock Creek"
"989","Huckle.Loyalsock","Longnose Dace",106,12.41,1.093771781,2.025305865,"6/23/2025","020502060503 Ogdonia Creek-Loyalsock Creek"
"990","Huckle.Loyalsock","Longnose Dace",88,7.7,0.886490725,1.944482672,"6/23/2025","020502060503 Ogdonia Creek-Loyalsock Creek"
"991","Huckle.Loyalsock","Blacknose Dace",67,2.92,0.465382851,1.826074803,"6/23/2025","020502060503 Ogdonia Creek-Loyalsock Creek"
"992","Huckle.Loyalsock","Longnose Dace",120,18.72,1.272305844,2.079181246,"6/23/2025","020502060503 Ogdonia Creek-Loyalsock Creek"
"993","Huckle.Loyalsock","Blacknose Dace",63,2.05,0.311753861,1.799340549,"6/23/2025","020502060503 Ogdonia Creek-Loyalsock Creek"
"994","Huckle.Loyalsock","Longnose Dace",86,6.74,0.828659897,1.934498451,"6/23/2025","020502060503 Ogdonia Creek-Loyalsock Creek"
"995","Huckle.Loyalsock","Longnose Dace",88,7.7,0.886490725,1.944482672,"6/23/2025","020502060503 Ogdonia Creek-Loyalsock Creek"
"996","Huckle.Loyalsock","Longnose Dace",104,12.35,1.091666958,2.017033339,"6/23/2025","020502060503 Ogdonia Creek-Loyalsock Creek"
"997","Huckle.Loyalsock","Longnose Dace",96,8.68,0.938519725,1.982271233,"6/23/2025","020502060503 Ogdonia Creek-Loyalsock Creek"
"998","Huckle.Loyalsock","Longnose Dace",71,3.52,0.546542663,1.851258349,"6/23/2025","020502060503 Ogdonia Creek-Loyalsock Creek"
"999","Huckle.Loyalsock","Longnose Dace",103,10.33,1.014100322,2.012837225,"6/23/2025","020502060503 Ogdonia Creek-Loyalsock Creek"
"1000","LittleLyman.CrossFork","Blacknose Dace",49,0.7,-0.15490196,1.69019608,"7/17/2023","020502030103 Cross Fork"
"1001","LittleLyman.CrossFork","Blacknose Dace",77,3.9,0.591064607,1.886490725,"7/17/2023","020502030103 Cross Fork"
"1002","LittleLyman.CrossFork","Blacknose Dace",62,1.9,0.278753601,1.792391689,"7/17/2023","020502030103 Cross Fork"
"1003","LittleLyman.CrossFork","Blacknose Dace",78,4.5,0.653212514,1.892094603,"7/17/2023","020502030103 Cross Fork"
"1004","LittleLyman.CrossFork","Blacknose Dace",69,2.6,0.414973348,1.838849091,"7/17/2023","020502030103 Cross Fork"
"1005","LittleLyman.CrossFork","Blacknose Dace",47,0.8,-0.096910013,1.672097858,"7/17/2023","020502030103 Cross Fork"
"1006","LittleLyman.CrossFork","Blacknose Dace",63,2.2,0.342422681,1.799340549,"7/17/2023","020502030103 Cross Fork"
"1007","LittleLyman.CrossFork","Blacknose Dace",75,3.5,0.544068044,1.875061263,"7/17/2023","020502030103 Cross Fork"
"1008","LittleLyman.CrossFork","Blacknose Dace",45,0.8,-0.096910013,1.653212514,"7/17/2023","020502030103 Cross Fork"
"1009","LittleLyman.CrossFork","Creek Chub",113,13.1,1.117271296,2.053078443,"7/17/2023","020502030103 Cross Fork"
"1010","LittleLyman.CrossFork","Blacknose Dace",63,2.2,0.342422681,1.799340549,"7/17/2023","020502030103 Cross Fork"
"1011","LittleLyman.CrossFork","Blacknose Dace",52,1.2,0.079181246,1.716003344,"7/17/2023","020502030103 Cross Fork"
"1012","LittleLyman.CrossFork","Blacknose Dace",72,3.2,0.505149978,1.857332496,"7/17/2023","020502030103 Cross Fork"
"1013","LittleLyman.CrossFork","Blacknose Dace",80,4.5,0.653212514,1.903089987,"7/17/2023","020502030103 Cross Fork"
"1014","LittleLyman.CrossFork","Blacknose Dace",78,3.7,0.568201724,1.892094603,"7/17/2023","020502030103 Cross Fork"
"1015","LittleLyman.CrossFork","Blacknose Dace",51,1.2,0.079181246,1.707570176,"7/17/2023","020502030103 Cross Fork"
"1016","LittleLyman.CrossFork","Blacknose Dace",68,2.7,0.431363764,1.832508913,"7/17/2023","020502030103 Cross Fork"
"1017","LittleLyman.CrossFork","Blacknose Dace",54,1.2,0.079181246,1.73239376,"7/17/2023","020502030103 Cross Fork"
"1018","LittleLyman.CrossFork","Blacknose Dace",52,1.2,0.079181246,1.716003344,"7/17/2023","020502030103 Cross Fork"
"1019","LittleLyman.CrossFork","Creek Chub",103,10.7,1.029383778,2.012837225,"7/17/2023","020502030103 Cross Fork"
"1020","LittleLyman.CrossFork","Blacknose Dace",70,2.6,0.414973348,1.84509804,"7/17/2023","020502030103 Cross Fork"
"1021","LittleLyman.CrossFork","Blacknose Dace",62,2.1,0.322219295,1.792391689,"7/17/2023","020502030103 Cross Fork"
"1022","LittleLyman.CrossFork","Blacknose Dace",72,3.2,0.505149978,1.857332496,"7/17/2023","020502030103 Cross Fork"
"1023","LittleLyman.CrossFork","Blacknose Dace",84,4.6,0.662757832,1.924279286,"7/17/2023","020502030103 Cross Fork"
"1024","LittleLyman.CrossFork","Blacknose Dace",72,3.7,0.568201724,1.857332496,"7/17/2023","020502030103 Cross Fork"
"1025","LittleLyman.CrossFork","Blacknose Dace",42,0.6,-0.22184875,1.62324929,"7/17/2023","020502030103 Cross Fork"
"1026","LittleLyman.CrossFork","Blacknose Dace",78,4.1,0.612783857,1.892094603,"7/17/2023","020502030103 Cross Fork"
"1027","Lloyd.Pine","Longnose Dace",82,5,0.698970004,1.913813852,"7/11/2023","020502050601 Trout Run-Pine Creek"
"1028","Lloyd.Pine","Longnose Dace",72,3.7,0.568201724,1.857332496,"7/11/2023","020502050601 Trout Run-Pine Creek"
"1029","Lloyd.Pine","Longnose Dace",78,3.9,0.591064607,1.892094603,"7/11/2023","020502050601 Trout Run-Pine Creek"
"1030","Lloyd.Pine","Longnose Dace",90,7.1,0.851258349,1.954242509,"7/11/2023","020502050601 Trout Run-Pine Creek"
"1031","Lloyd.Pine","Longnose Dace",80,4.3,0.633468456,1.903089987,"7/11/2023","020502050601 Trout Run-Pine Creek"
"1032","Lloyd.Pine","Longnose Dace",81,4.9,0.69019608,1.908485019,"7/11/2023","020502050601 Trout Run-Pine Creek"
"1033","Lloyd.Pine","Longnose Dace",83,5,0.698970004,1.919078092,"7/11/2023","020502050601 Trout Run-Pine Creek"
"1034","Lloyd.Pine","Longnose Dace",86,5.7,0.755874856,1.934498451,"7/11/2023","020502050601 Trout Run-Pine Creek"
"1035","Lloyd.Pine","Longnose Dace",85,5.2,0.716003344,1.929418926,"7/11/2023","020502050601 Trout Run-Pine Creek"
"1036","Lloyd.Pine","Longnose Dace",79,4.1,0.612783857,1.897627091,"7/11/2023","020502050601 Trout Run-Pine Creek"
"1037","Lloyd.Pine","Longnose Dace",75,3.8,0.579783597,1.875061263,"7/11/2023","020502050601 Trout Run-Pine Creek"
"1038","Lloyd.Pine","Longnose Dace",92,7.8,0.892094603,1.963787827,"7/11/2023","020502050601 Trout Run-Pine Creek"
"1039","Lloyd.Pine","Tessellated Darter",59,1.8,0.255272505,1.770852012,"7/11/2023","020502050601 Trout Run-Pine Creek"
"1040","Lloyd.Pine","Longnose Dace",87,5.2,0.716003344,1.939519253,"7/11/2023","020502050601 Trout Run-Pine Creek"
"1041","Lloyd.Pine","Longnose Dace",85,5,0.698970004,1.929418926,"7/11/2023","020502050601 Trout Run-Pine Creek"
"1042","LR0-FM-M","Blacknose Dace",49,1.02,0.008600172,1.69019608,"6/11/2024","020502061204 Limestone Run"
"1043","LR0-FM-M","Creek Chub",85,6.1,0.785329835,1.929418926,"6/11/2024","020502061204 Limestone Run"
"1044","LR0-FM-M","Tessellated Darter",62,2.22,0.346352974,1.792391689,"6/11/2024","020502061204 Limestone Run"
"1045","LR0-FM-M","Tessellated Darter",67,2.61,0.416640507,1.826074803,"6/11/2024","020502061204 Limestone Run"
"1046","LR0-FM-M","Blacknose Dace",64,2.42,0.383815366,1.806179974,"6/11/2024","020502061204 Limestone Run"
"1047","LR0-FM-M","Blacknose Dace",54,1.26,0.100370545,1.73239376,"6/11/2024","020502061204 Limestone Run"
"1048","LR0-FM-M","Blacknose Dace",68,2.45,0.389166084,1.832508913,"6/11/2024","020502061204 Limestone Run"
"1049","LR0-FM-M","Blacknose Dace",61,2.17,0.336459734,1.785329835,"6/11/2024","020502061204 Limestone Run"
"1050","LR0-FM-M","Blacknose Dace",69,2.55,0.40654018,1.838849091,"6/11/2024","020502061204 Limestone Run"
"1051","LR0-FM-M","Blacknose Dace",70,2.49,0.396199347,1.84509804,"6/11/2024","020502061204 Limestone Run"
"1052","LR0-FM-M","Tessellated Darter",49,1.02,0.008600172,1.69019608,"6/11/2024","020502061204 Limestone Run"
"1053","LR0-FM-M","Tessellated Darter",51,1.29,0.11058971,1.707570176,"6/11/2024","020502061204 Limestone Run"
"1054","LR0-FM-M","Tessellated Darter",53,1.51,0.178976947,1.72427587,"6/11/2024","020502061204 Limestone Run"
"1055","LR0-FM-M","Creek Chub",162,55.59,1.744996674,2.209515015,"6/11/2024","020502061204 Limestone Run"
"1056","LR0-FM-M","Tessellated Darter",83,4.09,0.611723308,1.919078092,"6/11/2024","020502061204 Limestone Run"
"1057","LR0-FM-M","Tessellated Darter",79,4.23,0.626340367,1.897627091,"6/11/2024","020502061204 Limestone Run"
"1058","LR0-FM-M","Creek Chub",143,34.68,1.540079089,2.155336037,"6/11/2024","020502061204 Limestone Run"
"1059","LR0-FM-M","Creek Chub",116,18.07,1.256958153,2.064457989,"6/11/2024","020502061204 Limestone Run"
"1060","LR0-FM-M","Creek Chub",89,7.83,0.893761762,1.949390007,"6/11/2024","020502061204 Limestone Run"
"1061","LR0-FM-M","Creek Chub",132,27.55,1.440121603,2.120573931,"6/11/2024","020502061204 Limestone Run"
"1062","LR0-FM-M","Tessellated Darter",53,1.34,0.127104798,1.72427587,"6/11/2024","020502061204 Limestone Run"
"1063","LR0-FM-M","Creek Chub",116,17.77,1.249687428,2.064457989,"6/11/2024","020502061204 Limestone Run"
"1064","LR0-FM-M","Blacknose Dace",53,1.34,0.127104798,1.72427587,"6/11/2024","020502061204 Limestone Run"
"1065","LR0-FM-M","Blacknose Dace",63,2.26,0.354108439,1.799340549,"6/11/2024","020502061204 Limestone Run"
"1066","LR0-FM-M","Creek Chub",125,21.27,1.32776749,2.096910013,"6/11/2024","020502061204 Limestone Run"
"1067","LR0-FM-M","Creek Chub",144,35.23,1.546912643,2.158362492,"6/11/2024","020502061204 Limestone Run"
"1068","LR0-FM-M","Blacknose Dace",53,1.18,0.071882007,1.72427587,"6/11/2024","020502061204 Limestone Run"
"1069","LR0-FM-M","Blacknose Dace",59,2.06,0.31386722,1.770852012,"6/11/2024","020502061204 Limestone Run"
"1070","LR0-FM-M","Creek Chub",110,13.13,1.118264726,2.041392685,"6/11/2024","020502061204 Limestone Run"
"1071","LR0-FM-M","Creek Chub",81,5.89,0.770115295,1.908485019,"6/11/2024","020502061204 Limestone Run"
"1072","LR0-FM-M","Creek Chub",50,1.23,0.089905111,1.698970004,"6/11/2024","020502061204 Limestone Run"
"1073","LR0-FM-M","Tessellated Darter",51,1.12,0.049218023,1.707570176,"6/11/2024","020502061204 Limestone Run"
"1074","LR0-FM-M","Blacknose Dace",66,2.46,0.390935107,1.819543936,"6/11/2024","020502061204 Limestone Run"
"1075","LR0-FM-M","Creek Chub",60,2.19,0.340444115,1.77815125,"6/11/2024","020502061204 Limestone Run"
"1076","LR0-FM-M","Creek Chub",121,19.99,1.300812794,2.08278537,"6/11/2024","020502061204 Limestone Run"
"1077","LR0-FM-M","Creek Chub",89,7.2,0.857332496,1.949390007,"6/11/2024","020502061204 Limestone Run"
"1078","LR0-FM-M","Tessellated Darter",47,0.52,-0.283996656,1.672097858,"6/11/2024","020502061204 Limestone Run"
"1079","LR0-FM-M","Blacknose Dace",67,2.84,0.45331834,1.826074803,"6/11/2024","020502061204 Limestone Run"
"1080","LR0-FM-M","Blacknose Dace",62,2.02,0.305351369,1.792391689,"6/11/2024","020502061204 Limestone Run"
"1081","LR0-FM-M","Blacknose Dace",61,2.07,0.315970345,1.785329835,"6/11/2024","020502061204 Limestone Run"
"1082","LR0-FM-M","Blacknose Dace",69,2.72,0.434568904,1.838849091,"6/11/2024","020502061204 Limestone Run"
"1083","LR0-FM-M","Creek Chub",124,18.06,1.256717746,2.093421685,"6/11/2024","020502061204 Limestone Run"
"1084","LR0-FM-M","Blacknose Dace",62,2.43,0.385606274,1.792391689,"6/11/2024","020502061204 Limestone Run"
"1085","LR0-FM-M","Blacknose Dace",70,3.06,0.485721426,1.84509804,"6/11/2024","020502061204 Limestone Run"
"1086","LR0-FM-M","Blacknose Dace",62,2.4,0.380211242,1.792391689,"6/11/2024","020502061204 Limestone Run"
"1087","LR0-FM-M","Creek Chub",62,2.34,0.369215857,1.792391689,"6/11/2024","020502061204 Limestone Run"
"1088","LR0-FM-M","Blacknose Dace",66,2.11,0.324282455,1.819543936,"6/11/2024","020502061204 Limestone Run"
"1089","LR0-FM-M","Blacknose Dace",75,3.63,0.559906625,1.875061263,"6/11/2024","020502061204 Limestone Run"
"1090","LR0-FM-M","Creek Chub",161,60.15,1.779235632,2.206825876,"6/11/2024","020502061204 Limestone Run"
"1091","LR0-FM-M","Creek Chub",110,16.64,1.221153322,2.041392685,"6/11/2024","020502061204 Limestone Run"
"1092","LR0-FM-M","Blacknose Dace",65,2.73,0.436162647,1.812913357,"6/11/2024","020502061204 Limestone Run"
"1093","LR0-FM-M","Tessellated Darter",50,1.21,0.08278537,1.698970004,"6/11/2024","020502061204 Limestone Run"
"1094","LR0-FM-M","Tessellated Darter",46,0.79,-0.102372909,1.662757832,"6/11/2024","020502061204 Limestone Run"
"1095","LR0-FM-M","Blacknose Dace",60,1.81,0.257678575,1.77815125,"6/11/2024","020502061204 Limestone Run"
"1096","LR0-FM-M","Creek Chub",104,11.9,1.075546961,2.017033339,"6/11/2024","020502061204 Limestone Run"
"1097","LR0-FM-M","Tessellated Darter",66,3.02,0.480006943,1.819543936,"6/11/2024","020502061204 Limestone Run"
"1098","LR0-FM-M","Tessellated Darter",62,2.11,0.324282455,1.792391689,"6/11/2024","020502061204 Limestone Run"
"1099","LR0-FM-M","Blacknose Dace",65,2.57,0.409933123,1.812913357,"6/11/2024","020502061204 Limestone Run"
"1100","LR0-FM-M","Creek Chub",59,2.18,0.338456494,1.770852012,"6/11/2024","020502061204 Limestone Run"
"1101","LR0-FM-M","Creek Chub",107,11.14,1.046885191,2.029383778,"6/11/2024","020502061204 Limestone Run"
"1102","LR0-FM-M","Tessellated Darter",42,0.69,-0.161150909,1.62324929,"6/11/2024","020502061204 Limestone Run"
"1103","LR0-FM-M","Blacknose Dace",53,1.61,0.206825876,1.72427587,"6/11/2024","020502061204 Limestone Run"
"1104","LR0-FM-M","Creek Chub",154,47.92,1.680516809,2.187520721,"6/11/2024","020502061204 Limestone Run"
"1105","LR0-FM-M","Creek Chub",94,9.54,0.979548375,1.973127854,"6/11/2024","020502061204 Limestone Run"
"1106","LR0-FM-M","Creek Chub",164,50.89,1.706632451,2.214843848,"6/11/2024","020502061204 Limestone Run"
"1107","LR0-FM-M","Blacknose Dace",51,1.12,0.049218023,1.707570176,"6/11/2024","020502061204 Limestone Run"
"1108","LR0-FM-M","Tessellated Darter",51,1.16,0.064457989,1.707570176,"6/11/2024","020502061204 Limestone Run"
"1109","LR0-FM-M","Creek Chub",130,25.78,1.411282913,2.113943352,"6/11/2024","020502061204 Limestone Run"
"1110","LR0-FM-M","Tessellated Darter",54,1.36,0.133538908,1.73239376,"6/11/2024","020502061204 Limestone Run"
"1111","LR0-FM-M","Tessellated Darter",57,1.6,0.204119983,1.755874856,"6/11/2024","020502061204 Limestone Run"
"1112","LR0-FM-M","Blacknose Dace",67,2.84,0.45331834,1.826074803,"6/11/2024","020502061204 Limestone Run"
"1113","LR0-FM-M","Creek Chub",114,16.48,1.216957207,2.056904851,"6/11/2024","020502061204 Limestone Run"
"1114","LR0-FM-M","Creek Chub",76,4.38,0.641474111,1.880813592,"6/11/2024","020502061204 Limestone Run"
"1115","LR0-FM-M","Creek Chub",92,9.01,0.954724791,1.963787827,"6/11/2024","020502061204 Limestone Run"
"1116","LR0-FM-M","Creek Chub",160,53.03,1.724521627,2.204119983,"6/11/2024","020502061204 Limestone Run"
"1117","LR0-FM-M","Blacknose Dace",50,1.09,0.037426498,1.698970004,"6/11/2024","020502061204 Limestone Run"
"1118","LR0-FM-M","Blacknose Dace",64,3.07,0.487138375,1.806179974,"6/11/2024","020502061204 Limestone Run"
"1119","LR0-PF","Tessellated Darter",46,1.04,0.017033339,1.662757832,"6/17/2024","020502061204 Limestone Run"
"1120","LR0-PF","Longnose Dace",61,2.1,0.322219295,1.785329835,"6/17/2024","020502061204 Limestone Run"
"1121","LR0-PF","Creek Chub",49,1.32,0.120573931,1.69019608,"6/17/2024","020502061204 Limestone Run"
"1122","LR0-PF","Tessellated Darter",59,1.45,0.161368002,1.770852012,"6/17/2024","020502061204 Limestone Run"
"1123","LR0-PF","Tessellated Darter",55,1.45,0.161368002,1.740362689,"6/17/2024","020502061204 Limestone Run"
"1124","LR0-PF","Tessellated Darter",61,2,0.301029996,1.785329835,"6/17/2024","020502061204 Limestone Run"
"1125","LR0-PF","Longnose Dace",56,1.55,0.190331698,1.748188027,"6/17/2024","020502061204 Limestone Run"
"1126","LR0-PF","Creek Chub",106,17.69,1.247727833,2.025305865,"6/17/2024","020502061204 Limestone Run"
"1127","LR0-PF","Creek Chub",196,86.29,1.935960469,2.292256071,"6/17/2024","020502061204 Limestone Run"
"1128","LR0-PF","Blacknose Dace",58,1.81,0.257678575,1.763427994,"6/17/2024","020502061204 Limestone Run"
"1129","LR0-PF","Blacknose Dace",76,4.68,0.670245853,1.880813592,"6/17/2024","020502061204 Limestone Run"
"1130","LR0-PF","Longnose Dace",63,2.33,0.367355921,1.799340549,"6/17/2024","020502061204 Limestone Run"
"1131","LR0-PF","Tessellated Darter",56,1.95,0.290034611,1.748188027,"6/17/2024","020502061204 Limestone Run"
"1132","LR0-PF","Longnose Dace",52,1.41,0.149219113,1.716003344,"6/17/2024","020502061204 Limestone Run"
"1133","LR0-PF","Creek Chub",105,16.71,1.22297645,2.021189299,"6/17/2024","020502061204 Limestone Run"
"1134","LR0-PF","Tessellated Darter",56,1.97,0.294466226,1.748188027,"6/17/2024","020502061204 Limestone Run"
"1135","LR0-PF","Tessellated Darter",62,2.01,0.303196057,1.792391689,"6/17/2024","020502061204 Limestone Run"
"1136","LR0-PF","Tessellated Darter",65,2.99,0.475671188,1.812913357,"6/17/2024","020502061204 Limestone Run"
"1137","LR0-PF","Creek Chub",92,5.47,0.737987326,1.963787827,"6/17/2024","020502061204 Limestone Run"
"1138","LR0-PF","Blacknose Dace",78,4.78,0.679427897,1.892094603,"6/17/2024","020502061204 Limestone Run"
"1139","LR0-PF","Longnose Dace",61,2.19,0.340444115,1.785329835,"6/17/2024","020502061204 Limestone Run"
"1140","LR0-PF","Creek Chub",85,6.22,0.793790385,1.929418926,"6/17/2024","020502061204 Limestone Run"
"1141","LR0-PF","Creek Chub",100,9.66,0.984977126,2,"6/17/2024","020502061204 Limestone Run"
"1142","LR0-PF","Tessellated Darter",71,3.43,0.53529412,1.851258349,"6/17/2024","020502061204 Limestone Run"
"1143","LR0-PF","Creek Chub",75,4.24,0.627365857,1.875061263,"6/17/2024","020502061204 Limestone Run"
"1144","LR0-PF","Tessellated Darter",63,3.17,0.501059262,1.799340549,"6/17/2024","020502061204 Limestone Run"
"1145","LR0-PF","Longnose Dace",63,2.68,0.428134794,1.799340549,"6/17/2024","020502061204 Limestone Run"
"1146","LR0-PF","Blacknose Dace",46,0.96,-0.017728767,1.662757832,"6/17/2024","020502061204 Limestone Run"
"1147","LR0-PF","Tessellated Darter",50,1.06,0.025305865,1.698970004,"6/17/2024","020502061204 Limestone Run"
"1148","LR0-PF","Blacknose Dace",70,3.51,0.545307116,1.84509804,"6/17/2024","020502061204 Limestone Run"
"1149","LR0-PF","Creek Chub",159,53.7,1.729974286,2.201397124,"6/17/2024","020502061204 Limestone Run"
"1150","LR0-PF","Creek Chub",123,19.29,1.285332228,2.089905111,"6/17/2024","020502061204 Limestone Run"
"1151","LR0-PF","Creek Chub",71,3.88,0.588831726,1.851258349,"6/17/2024","020502061204 Limestone Run"
"1152","LR0-PF","Blacknose Dace",74,3.33,0.522444234,1.86923172,"6/17/2024","020502061204 Limestone Run"
"1153","LR0-PF","Creek Chub",82,7.32,0.864511081,1.913813852,"6/17/2024","020502061204 Limestone Run"
"1154","LR0-PF","Blacknose Dace",57,1.89,0.276461804,1.755874856,"6/17/2024","020502061204 Limestone Run"
"1155","LR0-PF","Blacknose Dace",44,0.7,-0.15490196,1.643452676,"6/17/2024","020502061204 Limestone Run"
"1156","LR0-PF","Blacknose Dace",81,3.99,0.600972896,1.908485019,"6/17/2024","020502061204 Limestone Run"
"1157","LR0-PF","Tessellated Darter",65,2.98,0.474216264,1.812913357,"6/17/2024","020502061204 Limestone Run"
"1158","LR0-PF","Tessellated Darter",76,4.55,0.658011397,1.880813592,"6/17/2024","020502061204 Limestone Run"
"1159","LR0-PF","Creek Chub",73,5.34,0.727541257,1.86332286,"6/17/2024","020502061204 Limestone Run"
"1160","LR0-PF","Blacknose Dace",50,1.15,0.06069784,1.698970004,"6/17/2024","020502061204 Limestone Run"
"1161","LR0-PF","Tessellated Darter",56,1.76,0.245512668,1.748188027,"6/17/2024","020502061204 Limestone Run"
"1162","LR0-PF","Tessellated Darter",57,1.8,0.255272505,1.755874856,"6/17/2024","020502061204 Limestone Run"
"1163","LR0-PF","Longnose Dace",57,1.72,0.235528447,1.755874856,"6/17/2024","020502061204 Limestone Run"
"1164","LR0-PF","Blacknose Dace",35,0.45,-0.346787486,1.544068044,"6/17/2024","020502061204 Limestone Run"
"1165","LR0-PF","Creek Chub",94,8.51,0.92992956,1.973127854,"6/17/2024","020502061204 Limestone Run"
"1166","LR0-PF","Blacknose Dace",57,1.79,0.252853031,1.755874856,"6/17/2024","020502061204 Limestone Run"
"1167","LR0-PF","Blacknose Dace",60,2.17,0.336459734,1.77815125,"6/17/2024","020502061204 Limestone Run"
"1168","LR0-PF","Tessellated Darter",65,3.68,0.565847819,1.812913357,"6/17/2024","020502061204 Limestone Run"
"1169","LR0-PF","Tessellated Darter",66,2.63,0.419955748,1.819543936,"6/17/2024","020502061204 Limestone Run"
"1170","LR0-PF","Blacknose Dace",41,0.62,-0.207608311,1.612783857,"6/17/2024","020502061204 Limestone Run"
"1171","LR0-PF","Longnose Dace",65,2.55,0.40654018,1.812913357,"6/17/2024","020502061204 Limestone Run"
"1172","LR0-PF","Blacknose Dace",81,5.26,0.720985744,1.908485019,"6/17/2024","020502061204 Limestone Run"
"1173","LR0-PF","Creek Chub",107,9.42,0.974050903,2.029383778,"6/17/2024","020502061204 Limestone Run"
"1174","LR0-PF","Longnose Dace",57,1.85,0.267171728,1.755874856,"6/17/2024","020502061204 Limestone Run"
"1175","LR0-PF","Creek Chub",124,24.63,1.391464412,2.093421685,"6/17/2024","020502061204 Limestone Run"
"1176","LR0-PF","Blacknose Dace",68,3.15,0.498310554,1.832508913,"6/17/2024","020502061204 Limestone Run"
"1177","LR0-PF","Tessellated Darter",62,2.2,0.342422681,1.792391689,"6/17/2024","020502061204 Limestone Run"
"1178","LR0-PF","Blacknose Dace",47,0.87,-0.060480747,1.672097858,"6/17/2024","020502061204 Limestone Run"
"1179","LR0-PF","Creek Chub",91,8,0.903089987,1.959041392,"6/17/2024","020502061204 Limestone Run"
"1180","LR0-PF","Blacknose Dace",74,3.38,0.5289167,1.86923172,"6/17/2024","020502061204 Limestone Run"
"1181","LR0-PF","Blacknose Dace",63,1.26,0.100370545,1.799340549,"6/17/2024","020502061204 Limestone Run"
"1182","LR0-PF","Longnose Dace",59,1.41,0.149219113,1.770852012,"6/17/2024","020502061204 Limestone Run"
"1183","LR0-PF","Blacknose Dace",40,0.67,-0.173925197,1.602059991,"6/17/2024","020502061204 Limestone Run"
"1184","LR0-PF","Creek Chub",165,52.44,1.719662683,2.217483944,"6/17/2024","020502061204 Limestone Run"
"1185","LR0-PF","Tessellated Darter",62,2.34,0.369215857,1.792391689,"6/17/2024","020502061204 Limestone Run"
"1186","LR0-PF","Tessellated Darter",64,2.9,0.462397998,1.806179974,"6/17/2024","020502061204 Limestone Run"
"1187","LR0-PF","Longnose Dace",73,3.55,0.550228353,1.86332286,"6/17/2024","020502061204 Limestone Run"
"1188","LR0-PF","Creek Chub",131,23.63,1.373463722,2.117271296,"6/17/2024","020502061204 Limestone Run"
"1189","LR0-PF","Tessellated Darter",55,1.84,0.264817823,1.740362689,"6/17/2024","020502061204 Limestone Run"
"1190","LR0-PF","Tessellated Darter",62,2.31,0.36361198,1.792391689,"6/17/2024","020502061204 Limestone Run"
"1191","LR0-PF","Blacknose Dace",66,2.98,0.474216264,1.819543936,"6/17/2024","020502061204 Limestone Run"
"1192","LR0-PF","Longnose Dace",73,3.65,0.562292864,1.86332286,"6/17/2024","020502061204 Limestone Run"
"1193","LR0-PF","Tessellated Darter",68,3.61,0.557507202,1.832508913,"6/17/2024","020502061204 Limestone Run"
"1194","LR0-PF","Longnose Dace",75,4.44,0.64738297,1.875061263,"6/17/2024","020502061204 Limestone Run"
"1195","LR0-PF","Creek Chub",133,25.55,1.407390904,2.123851641,"6/17/2024","020502061204 Limestone Run"
"1196","LR0-PF","Tessellated Darter",56,1.94,0.28780173,1.748188027,"6/17/2024","020502061204 Limestone Run"
"1197","LR0-PF","Blacknose Dace",62,2.31,0.36361198,1.792391689,"6/17/2024","020502061204 Limestone Run"
"1198","LR0-PF","Creek Chub",107,16.27,1.211387553,2.029383778,"6/17/2024","020502061204 Limestone Run"
"1199","LR0-PF","Creek Chub",120,19.32,1.286007122,2.079181246,"6/17/2024","020502061204 Limestone Run"
"1200","LR0-PF","Creek Chub",122,22.23,1.346939463,2.086359831,"6/17/2024","020502061204 Limestone Run"
"1201","LR0-PF","Creek Chub",91,9.44,0.974971994,1.959041392,"6/17/2024","020502061204 Limestone Run"
"1202","LR0-PF","Longnose Dace",80,4.34,0.63748973,1.903089987,"6/17/2024","020502061204 Limestone Run"
"1203","LR0-PF","Creek Chub",104,9.47,0.976349979,2.017033339,"6/17/2024","020502061204 Limestone Run"
"1204","LR0-PF","Tessellated Darter",56,2.08,0.318063335,1.748188027,"6/17/2024","020502061204 Limestone Run"
"1205","LR0-PF","Creek Chub",105,9.68,0.985875357,2.021189299,"6/17/2024","020502061204 Limestone Run"
"1206","LR0-PF","Longnose Dace",83,5.49,0.739572344,1.919078092,"6/17/2024","020502061204 Limestone Run"
"1207","LR0-PF","Longnose Dace",90,6.71,0.82672252,1.954242509,"6/17/2024","020502061204 Limestone Run"
"1208","LR0-PF","Longnose Dace",55,1.55,0.190331698,1.740362689,"6/17/2024","020502061204 Limestone Run"
"1209","LR0-PF","Longnose Dace",64,2.91,0.463892989,1.806179974,"6/17/2024","020502061204 Limestone Run"
"1210","LR0-PF","Blacknose Dace",69,2.87,0.457881897,1.838849091,"6/17/2024","020502061204 Limestone Run"
"1211","LR0-PF","Blacknose Dace",65,2.85,0.45484486,1.812913357,"6/17/2024","020502061204 Limestone Run"
"1212","LR0-PF","Creek Chub",171,57.94,1.762978491,2.23299611,"6/17/2024","020502061204 Limestone Run"
"1213","LR0-PF","Blacknose Dace",59,1.84,0.264817823,1.770852012,"6/17/2024","020502061204 Limestone Run"
"1214","LR0-PF","Tessellated Darter",74,3.87,0.587710965,1.86923172,"6/17/2024","020502061204 Limestone Run"
"1215","LR0-PF","Tessellated Darter",54,1.68,0.225309282,1.73239376,"6/17/2024","020502061204 Limestone Run"
"1216","LR0-PF","Longnose Dace",58,1.92,0.283301229,1.763427994,"6/17/2024","020502061204 Limestone Run"
"1217","LR0-PF","Longnose Dace",78,4.68,0.670245853,1.892094603,"6/17/2024","020502061204 Limestone Run"
"1218","LR0-PF","Blacknose Dace",61,1.45,0.161368002,1.785329835,"6/17/2024","020502061204 Limestone Run"
"1219","LR0-PF","Tessellated Darter",58,1.91,0.281033367,1.763427994,"6/17/2024","020502061204 Limestone Run"
"1220","LR0-PF","Longnose Dace",67,3.24,0.51054501,1.826074803,"6/17/2024","020502061204 Limestone Run"
"1221","LR0-PF","Blacknose Dace",78,4.58,0.660865478,1.892094603,"6/17/2024","020502061204 Limestone Run"
"1222","LR0-PF","Creek Chub",72,3.93,0.59439255,1.857332496,"6/17/2024","020502061204 Limestone Run"
"1223","LR0-PF","Longnose Dace",77,3.63,0.559906625,1.886490725,"6/17/2024","020502061204 Limestone Run"
"1224","LR0-PF","Creek Chub",97,9.13,0.960470778,1.986771734,"6/17/2024","020502061204 Limestone Run"
"1225","LR0-PF","Longnose Dace",63,2.02,0.305351369,1.799340549,"6/17/2024","020502061204 Limestone Run"
"1226","LR0-PF","Tessellated Darter",60,2.39,0.378397901,1.77815125,"6/17/2024","020502061204 Limestone Run"
"1227","LR0-PF","Creek Chub",101,10.09,1.003891166,2.004321374,"6/17/2024","020502061204 Limestone Run"
"1228","LR0-PF","Longnose Dace",93,7.85,0.894869657,1.968482949,"6/17/2024","020502061204 Limestone Run"
"1229","LR0-PF","Blacknose Dace",74,2.13,0.328379603,1.86923172,"6/17/2024","020502061204 Limestone Run"
"1230","LR0-PF","Blacknose Dace",71,3.46,0.539076099,1.851258349,"6/17/2024","020502061204 Limestone Run"
"1231","LR0-PF","Tessellated Darter",64,3.18,0.50242712,1.806179974,"6/17/2024","020502061204 Limestone Run"
"1232","LR0-PF","Blacknose Dace",60,1.85,0.267171728,1.77815125,"6/17/2024","020502061204 Limestone Run"
"1233","LR0-SM","Creek Chub",105,11.7,1.068185862,2.021189299,"6/11/2024","020502061204 Limestone Run"
"1234","LR0-SM","Creek Chub",85,6.71,0.82672252,1.929418926,"6/11/2024","020502061204 Limestone Run"
"1235","LR0-SM","Blacknose Dace",70,3.2,0.505149978,1.84509804,"6/11/2024","020502061204 Limestone Run"
"1236","LR0-SM","Tessellated Darter",39,0.57,-0.244125144,1.591064607,"6/11/2024","020502061204 Limestone Run"
"1237","LR0-SM","Tessellated Darter",57,2.06,0.31386722,1.755874856,"6/11/2024","020502061204 Limestone Run"
"1238","LR0-SM","Blacknose Dace",47,0.94,-0.026872146,1.672097858,"6/11/2024","020502061204 Limestone Run"
"1239","LR0-SM","Blacknose Dace",41,0.53,-0.27572413,1.612783857,"6/11/2024","020502061204 Limestone Run"
"1240","LR0-SM","Tessellated Darter",55,1.8,0.255272505,1.740362689,"6/11/2024","020502061204 Limestone Run"
"1241","LR0-SM","Tessellated Darter",52,1.52,0.181843588,1.716003344,"6/11/2024","020502061204 Limestone Run"
"1242","LR0-SM","Blacknose Dace",34,0.3,-0.522878745,1.531478917,"6/11/2024","020502061204 Limestone Run"
"1243","LR0-SM","Creek Chub",97,9.64,0.984077034,1.986771734,"6/11/2024","020502061204 Limestone Run"
"1244","LR0-SM","Longnose Dace",67,3.07,0.487138375,1.826074803,"6/11/2024","020502061204 Limestone Run"
"1245","LR0-SM","Creek Chub",44,0.93,-0.031517051,1.643452676,"6/11/2024","020502061204 Limestone Run"
"1246","LR0-SM","Blacknose Dace",47,0.99,-0.004364805,1.672097858,"6/11/2024","020502061204 Limestone Run"
"1247","LR0-SM","Blacknose Dace",45,0.81,-0.091514981,1.653212514,"6/11/2024","020502061204 Limestone Run"
"1248","LR0-SM","Creek Chub",117,17.5,1.243038049,2.068185862,"6/11/2024","020502061204 Limestone Run"
"1249","LR0-SM","Blacknose Dace",84,5.27,0.721810615,1.924279286,"6/11/2024","020502061204 Limestone Run"
"1250","LR0-SM","Tessellated Darter",72,3.38,0.5289167,1.857332496,"6/11/2024","020502061204 Limestone Run"
"1251","LR0-SM","Tessellated Darter",49,1.26,0.100370545,1.69019608,"6/11/2024","020502061204 Limestone Run"
"1252","LR0-SM","Creek Chub",144,32.05,1.505828034,2.158362492,"6/11/2024","020502061204 Limestone Run"
"1253","LR0-SM","Blacknose Dace",49,0.97,-0.013228266,1.69019608,"6/11/2024","020502061204 Limestone Run"
"1254","LR0-SM","Tessellated Darter",62,2.18,0.338456494,1.792391689,"6/11/2024","020502061204 Limestone Run"
"1255","LR0-SM","Blacknose Dace",38,0.47,-0.327902142,1.579783597,"6/11/2024","020502061204 Limestone Run"
"1256","LR0-SM","Tessellated Darter",63,2.09,0.320146286,1.799340549,"6/11/2024","020502061204 Limestone Run"
"1257","LR0-SM","Creek Chub",149,34.6,1.539076099,2.173186268,"6/11/2024","020502061204 Limestone Run"
"1258","LR0-SM","Blacknose Dace",47,0.8,-0.096910013,1.672097858,"6/11/2024","020502061204 Limestone Run"
"1259","LR0-SM","Tessellated Darter",62,2.33,0.367355921,1.792391689,"6/11/2024","020502061204 Limestone Run"
"1260","LR0-SM","Tessellated Darter",33,0.35,-0.455931956,1.51851394,"6/11/2024","020502061204 Limestone Run"
"1261","LR0-SM","Tessellated Darter",58,2.16,0.334453751,1.763427994,"6/11/2024","020502061204 Limestone Run"
"1262","LR0-SM","Tessellated Darter",65,2.77,0.442479769,1.812913357,"6/11/2024","020502061204 Limestone Run"
"1263","LR0-SM","Blacknose Dace",34,0.34,-0.468521083,1.531478917,"6/11/2024","020502061204 Limestone Run"
"1264","LR0-SM","Blacknose Dace",72,3.43,0.53529412,1.857332496,"6/11/2024","020502061204 Limestone Run"
"1265","LR0-SM","Tessellated Darter",47,1.83,0.26245109,1.672097858,"6/11/2024","020502061204 Limestone Run"
"1266","LR0-SM","Blacknose Dace",43,0.7,-0.15490196,1.633468456,"6/11/2024","020502061204 Limestone Run"
"1267","LR0-SM","Tessellated Darter",55,1.62,0.209515015,1.740362689,"6/11/2024","020502061204 Limestone Run"
"1268","LR0-SM","Creek Chub",97,8.27,0.91750551,1.986771734,"6/11/2024","020502061204 Limestone Run"
"1269","LR0-SM","Blacknose Dace",61,2.13,0.328379603,1.785329835,"6/11/2024","020502061204 Limestone Run"
"1270","LR0-SM","Creek Chub",70,3.25,0.511883361,1.84509804,"6/11/2024","020502061204 Limestone Run"
"1271","LR0-SM","Blacknose Dace",63,2.45,0.389166084,1.799340549,"6/11/2024","020502061204 Limestone Run"
"1272","LR0-SM","Blacknose Dace",39,0.52,-0.283996656,1.591064607,"6/11/2024","020502061204 Limestone Run"
"1273","LR0-SM","Tessellated Darter",40,0.63,-0.200659451,1.602059991,"6/11/2024","020502061204 Limestone Run"
"1274","LR0-SM","Creek Chub",94,8.68,0.938519725,1.973127854,"6/11/2024","020502061204 Limestone Run"
"1275","LR0-SM","Creek Chub",82,5.63,0.750508395,1.913813852,"6/11/2024","020502061204 Limestone Run"
"1276","LR0-SM","Creek Chub",104,11.73,1.069298012,2.017033339,"6/11/2024","020502061204 Limestone Run"
"1277","LR0-SM","Blacknose Dace",40,0.5,-0.301029996,1.602059991,"6/11/2024","020502061204 Limestone Run"
"1278","LR0-SM","Creek Chub",41,0.6,-0.22184875,1.612783857,"6/11/2024","020502061204 Limestone Run"
"1279","LR0-SM","Tessellated Darter",83,5.41,0.733197265,1.919078092,"6/11/2024","020502061204 Limestone Run"
"1280","LR0-SM","Tessellated Darter",46,0.9,-0.045757491,1.662757832,"6/11/2024","020502061204 Limestone Run"
"1281","LR0-SM","Tessellated Darter",38,0.54,-0.26760624,1.579783597,"6/11/2024","020502061204 Limestone Run"
"1282","LR0-SM","Tessellated Darter",61,1.74,0.240549248,1.785329835,"6/11/2024","020502061204 Limestone Run"
"1283","LR0-SM","Tessellated Darter",56,1.95,0.290034611,1.748188027,"6/11/2024","020502061204 Limestone Run"
"1284","LR0-SM","Creek Chub",128,24.3,1.385606274,2.10720997,"6/11/2024","020502061204 Limestone Run"
"1285","LR0-SM","Creek Chub",41,0.64,-0.193820026,1.612783857,"6/11/2024","020502061204 Limestone Run"
"1286","LR0-SM","Blacknose Dace",42,0.72,-0.142667504,1.62324929,"6/11/2024","020502061204 Limestone Run"
"1287","LR0-SM","Creek Chub",148,29.3,1.46686762,2.170261715,"6/11/2024","020502061204 Limestone Run"
"1288","LR0-SM","Creek Chub",164,47.2,1.673941999,2.214843848,"6/11/2024","020502061204 Limestone Run"
"1289","LR0-SM","Creek Chub",48,1.2,0.079181246,1.681241237,"6/11/2024","020502061204 Limestone Run"
"1290","LR0-SM","Blacknose Dace",83,4.85,0.685741739,1.919078092,"6/11/2024","020502061204 Limestone Run"
"1291","LR0-SM","Tessellated Darter",68,2.6,0.414973348,1.832508913,"6/11/2024","020502061204 Limestone Run"
"1292","LR0-SM","Creek Chub",158,40.3,1.605305046,2.198657087,"6/11/2024","020502061204 Limestone Run"
"1293","LR0-SM","Blacknose Dace",61,2,0.301029996,1.785329835,"6/11/2024","020502061204 Limestone Run"
"1294","LR0-SM","Tessellated Darter",51,1.21,0.08278537,1.707570176,"6/11/2024","020502061204 Limestone Run"
"1295","LR0-SM","Blacknose Dace",47,0.94,-0.026872146,1.672097858,"6/11/2024","020502061204 Limestone Run"
"1296","LR0-SM","Creek Chub",130,25.33,1.40363519,2.113943352,"6/11/2024","020502061204 Limestone Run"
"1297","LR0-SM","Creek Chub",50,1.24,0.093421685,1.698970004,"6/11/2024","020502061204 Limestone Run"
"1298","LR0-SM","Blacknose Dace",42,0.54,-0.26760624,1.62324929,"6/11/2024","020502061204 Limestone Run"
"1299","LR0-SM","Creek Chub",41,0.67,-0.173925197,1.612783857,"6/11/2024","020502061204 Limestone Run"
"1300","LR0-SM","Tessellated Darter",40,0.71,-0.148741651,1.602059991,"6/11/2024","020502061204 Limestone Run"
"1301","LR0-SM","Tessellated Darter",71,3.32,0.521138084,1.851258349,"6/11/2024","020502061204 Limestone Run"
"1302","LR0-SM","Longnose Dace",75,4.03,0.605305046,1.875061263,"6/11/2024","020502061204 Limestone Run"
"1303","LR0-SM","Blacknose Dace",40,0.56,-0.251811973,1.602059991,"6/11/2024","020502061204 Limestone Run"
"1304","LR0-SM","Creek Chub",83,5.75,0.759667845,1.919078092,"6/11/2024","020502061204 Limestone Run"
"1305","LR0-SM","Creek Chub",87,6.72,0.827369273,1.939519253,"6/11/2024","020502061204 Limestone Run"
"1306","LR0-SM","Longnose Dace",76,3.79,0.57863921,1.880813592,"6/11/2024","020502061204 Limestone Run"
"1307","LR0-SM","Tessellated Darter",79,5.06,0.704150517,1.897627091,"6/11/2024","020502061204 Limestone Run"
"1308","LR0-SM","Creek Chub",39,0.54,-0.26760624,1.591064607,"6/11/2024","020502061204 Limestone Run"
"1309","LR0-SM","Tessellated Darter",82,4.35,0.638489257,1.913813852,"6/11/2024","020502061204 Limestone Run"
"1310","LR0-SM","Blacknose Dace",42,0.62,-0.207608311,1.62324929,"6/11/2024","020502061204 Limestone Run"
"1311","LR0-SM","Creek Chub",42,0.8,-0.096910013,1.62324929,"6/11/2024","020502061204 Limestone Run"
"1312","LR0-SM","Tessellated Darter",51,1.29,0.11058971,1.707570176,"6/11/2024","020502061204 Limestone Run"
"1313","LR0-SM","Tessellated Darter",55,1.24,0.093421685,1.740362689,"6/11/2024","020502061204 Limestone Run"
"1314","LR0-SM","Longnose Dace",83,4.87,0.687528961,1.919078092,"6/11/2024","020502061204 Limestone Run"
"1315","LR0-SM","Blacknose Dace",44,0.82,-0.086186148,1.643452676,"6/11/2024","020502061204 Limestone Run"
"1316","LR0-SM","Longnose Dace",70,3.15,0.498310554,1.84509804,"6/11/2024","020502061204 Limestone Run"
"1317","LR0-SM","Blacknose Dace",45,0.84,-0.075720714,1.653212514,"6/11/2024","020502061204 Limestone Run"
"1318","LR0-SM","Creek Chub",146,33.6,1.526339277,2.164352856,"6/11/2024","020502061204 Limestone Run"
"1319","LR0-SM","Creek Chub",159,41.6,1.619093331,2.201397124,"6/11/2024","020502061204 Limestone Run"
"1320","LR0-SM","Creek Chub",74,3.6,0.556302501,1.86923172,"6/11/2024","020502061204 Limestone Run"
"1321","LR0-SM","Tessellated Darter",46,0.88,-0.055517328,1.662757832,"6/11/2024","020502061204 Limestone Run"
"1322","LR0-SM","Tessellated Darter",40,0.57,-0.244125144,1.602059991,"6/11/2024","020502061204 Limestone Run"
"1323","LR0-SM","Creek Chub",120,17,1.230448921,2.079181246,"6/11/2024","020502061204 Limestone Run"
"1324","LR0-SM","Blacknose Dace",49,1.04,0.017033339,1.69019608,"6/11/2024","020502061204 Limestone Run"
"1325","LR0-SM","Blacknose Dace",33,0.3,-0.522878745,1.51851394,"6/11/2024","020502061204 Limestone Run"
"1326","LR0-SM","Blacknose Dace",46,0.89,-0.050609993,1.662757832,"6/11/2024","020502061204 Limestone Run"
"1327","LR0-SM","Blacknose Dace",37,0.41,-0.387216143,1.568201724,"6/11/2024","020502061204 Limestone Run"
"1328","LR0-SR","Tessellated Darter",70,3.12,0.494154594,1.84509804,"6/10/2024","020502061204 Limestone Run"
"1329","LR0-SR","Blacknose Dace",50,2.27,0.356025857,1.698970004,"6/10/2024","020502061204 Limestone Run"
"1330","LR0-SR","Tessellated Darter",77,4,0.602059991,1.886490725,"6/10/2024","020502061204 Limestone Run"
"1331","LR0-SR","Longnose Dace",68,2.87,0.457881897,1.832508913,"6/10/2024","020502061204 Limestone Run"
"1332","LR0-SR","Tessellated Darter",51,1.45,0.161368002,1.707570176,"6/10/2024","020502061204 Limestone Run"
"1333","LR0-SR","Blacknose Dace",71,3.14,0.496929648,1.851258349,"6/10/2024","020502061204 Limestone Run"
"1334","LR0-SR","Tessellated Darter",73,3.72,0.57054294,1.86332286,"6/10/2024","020502061204 Limestone Run"
"1335","LR0-SR","Tessellated Darter",58,1.12,0.049218023,1.763427994,"6/10/2024","020502061204 Limestone Run"
"1336","LR0-SR","Tessellated Darter",71,3.26,0.5132176,1.851258349,"6/10/2024","020502061204 Limestone Run"
"1337","LR0-SR","Blacknose Dace",85,5.25,0.720159303,1.929418926,"6/10/2024","020502061204 Limestone Run"
"1338","LR0-SR","Blacknose Dace",55,1.57,0.195899652,1.740362689,"6/10/2024","020502061204 Limestone Run"
"1339","LR0-SR","Blacknose Dace",67,2.55,0.40654018,1.826074803,"6/10/2024","020502061204 Limestone Run"
"1340","LR0-SR","Blacknose Dace",66,2.02,0.305351369,1.819543936,"6/10/2024","020502061204 Limestone Run"
"1341","LR0-SR","Creek Chub",181,69.93,1.844663528,2.257678575,"6/10/2024","020502061204 Limestone Run"
"1342","LR0-SR","Tessellated Darter",74,3.34,0.523746467,1.86923172,"6/10/2024","020502061204 Limestone Run"
"1343","LR0-SR","Blacknose Dace",51,1.1,0.041392685,1.707570176,"6/10/2024","020502061204 Limestone Run"
"1344","LR0-SR","Blacknose Dace",65,2.33,0.367355921,1.812913357,"6/10/2024","020502061204 Limestone Run"
"1345","LR0-SR","Tessellated Darter",57,1.74,0.240549248,1.755874856,"6/10/2024","020502061204 Limestone Run"
"1346","LR0-SR","Tessellated Darter",80,3.99,0.600972896,1.903089987,"6/10/2024","020502061204 Limestone Run"
"1347","LR0-SR","Tessellated Darter",67,2.99,0.475671188,1.826074803,"6/10/2024","020502061204 Limestone Run"
"1348","LR0-SR","Longnose Dace",76,4.07,0.609594409,1.880813592,"6/10/2024","020502061204 Limestone Run"
"1349","LR0-SR","Blacknose Dace",63,2.4,0.380211242,1.799340549,"6/10/2024","020502061204 Limestone Run"
"1350","LR0-SR","Blacknose Dace",84,5.62,0.749736316,1.924279286,"6/10/2024","020502061204 Limestone Run"
"1351","LR0-SR","Tessellated Darter",70,3.63,0.559906625,1.84509804,"6/10/2024","020502061204 Limestone Run"
"1352","LR0-SR","Tessellated Darter",47,1.1,0.041392685,1.672097858,"6/10/2024","020502061204 Limestone Run"
"1353","LR0-SR","Blacknose Dace",49,1.12,0.049218023,1.69019608,"6/10/2024","020502061204 Limestone Run"
"1354","LR0-SR","Tessellated Darter",60,2.23,0.348304863,1.77815125,"6/10/2024","020502061204 Limestone Run"
"1355","LR0-SR","Longnose Dace",92,6.86,0.836324116,1.963787827,"6/10/2024","020502061204 Limestone Run"
"1356","LR0-SR","Blacknose Dace",48,1.09,0.037426498,1.681241237,"6/10/2024","020502061204 Limestone Run"
"1357","LR0-SR","Blacknose Dace",51,1.3,0.113943352,1.707570176,"6/10/2024","020502061204 Limestone Run"
"1358","LR0-SR","Tessellated Darter",65,2.96,0.471291711,1.812913357,"6/10/2024","020502061204 Limestone Run"
"1359","LR0-SR","Blacknose Dace",63,2.63,0.419955748,1.799340549,"6/10/2024","020502061204 Limestone Run"
"1360","LR0-SR","Blacknose Dace",65,2.74,0.437750563,1.812913357,"6/10/2024","020502061204 Limestone Run"
"1361","LR0-SR","Creek Chub",96,8.44,0.926342447,1.982271233,"6/10/2024","020502061204 Limestone Run"
"1362","LR0-SR","Creek Chub",44,0.7,-0.15490196,1.643452676,"6/10/2024","020502061204 Limestone Run"
"1363","LR0-SR","Blacknose Dace",68,3.07,0.487138375,1.832508913,"6/10/2024","020502061204 Limestone Run"
"1364","LR0-SR","Blacknose Dace",56,1.33,0.123851641,1.748188027,"6/10/2024","020502061204 Limestone Run"
"1365","LR0-SR","Blacknose Dace",70,2.75,0.439332694,1.84509804,"6/10/2024","020502061204 Limestone Run"
"1366","LR0-SR","Tessellated Darter",80,4.86,0.686636269,1.903089987,"6/10/2024","020502061204 Limestone Run"
"1367","LR0-SR","Creek Chub",47,1.19,0.075546961,1.672097858,"6/10/2024","020502061204 Limestone Run"
"1368","LR0-SR","Blacknose Dace",54,1.12,0.049218023,1.73239376,"6/10/2024","020502061204 Limestone Run"
"1369","LR0-SR","Tessellated Darter",73,3.54,0.549003262,1.86332286,"6/10/2024","020502061204 Limestone Run"
"1370","LR0-SR","Blacknose Dace",71,3.29,0.517195898,1.851258349,"6/10/2024","020502061204 Limestone Run"
"1371","LR0-SR","Blacknose Dace",49,1.04,0.017033339,1.69019608,"6/10/2024","020502061204 Limestone Run"
"1372","LR0-SR","Tessellated Darter",81,4.88,0.688419822,1.908485019,"6/10/2024","020502061204 Limestone Run"
"1373","LR0-SR","Longnose Dace",61,1.79,0.252853031,1.785329835,"6/10/2024","020502061204 Limestone Run"
"1374","LR0-SR","Tessellated Darter",67,2.9,0.462397998,1.826074803,"6/10/2024","020502061204 Limestone Run"
"1375","LR0-SR","Tessellated Darter",85,4.92,0.691965103,1.929418926,"6/10/2024","020502061204 Limestone Run"
"1376","LR0-SR","Tessellated Darter",44,1.13,0.053078443,1.643452676,"6/10/2024","020502061204 Limestone Run"
"1377","LR0-SR","Blacknose Dace",67,2.46,0.390935107,1.826074803,"6/10/2024","020502061204 Limestone Run"
"1378","LR0-SR","Tessellated Darter",54,1.52,0.181843588,1.73239376,"6/10/2024","020502061204 Limestone Run"
"1379","LR0-SR","Tessellated Darter",60,2.13,0.328379603,1.77815125,"6/10/2024","020502061204 Limestone Run"
"1380","LR0-SR","Creek Chub",52,1.37,0.136720567,1.716003344,"6/10/2024","020502061204 Limestone Run"
"1381","LR0-SR","Blacknose Dace",68,2.06,0.31386722,1.832508913,"6/10/2024","020502061204 Limestone Run"
"1382","LR0-SR","Tessellated Darter",59,1.65,0.217483944,1.770852012,"6/10/2024","020502061204 Limestone Run"
"1383","LR0-SR","Blacknose Dace",70,3.43,0.53529412,1.84509804,"6/10/2024","020502061204 Limestone Run"
"1384","LR0-SR","Tessellated Darter",52,1.37,0.136720567,1.716003344,"6/10/2024","020502061204 Limestone Run"
"1385","LR0-SR","Blacknose Dace",52,1.43,0.155336037,1.716003344,"6/10/2024","020502061204 Limestone Run"
"1386","LR0-SR","Tessellated Darter",85,5.39,0.731588765,1.929418926,"6/10/2024","020502061204 Limestone Run"
"1387","LR0-SR","Tessellated Darter",79,5.04,0.702430536,1.897627091,"6/10/2024","020502061204 Limestone Run"
"1388","LR0-SR","Blacknose Dace",67,2.59,0.413299764,1.826074803,"6/10/2024","020502061204 Limestone Run"
"1389","LR0-SR","Blacknose Dace",46,0.99,-0.004364805,1.662757832,"6/10/2024","020502061204 Limestone Run"
"1390","LR0-SR","Creek Chub",55,1.77,0.247973266,1.740362689,"6/10/2024","020502061204 Limestone Run"
"1391","LR0-SR","Blacknose Dace",62,2.22,0.346352974,1.792391689,"6/10/2024","020502061204 Limestone Run"
"1392","LR0-SR","Creek Chub",81,5.72,0.757396029,1.908485019,"6/10/2024","020502061204 Limestone Run"
"1393","LR0-SR","Tessellated Darter",62,2.35,0.371067862,1.792391689,"6/10/2024","020502061204 Limestone Run"
"1394","LR0-SR","Blacknose Dace",46,0.99,-0.004364805,1.662757832,"6/10/2024","020502061204 Limestone Run"
"1395","LR0-SR","Tessellated Darter",70,3.03,0.481442629,1.84509804,"6/10/2024","020502061204 Limestone Run"
"1396","LR0-SR","Blacknose Dace",66,2.46,0.390935107,1.819543936,"6/10/2024","020502061204 Limestone Run"
"1397","LS0-RA","Blacknose Dace",59,1.8,0.255272505,1.770852012,"6/1/2022","020503010103 Little Shamokin Creek"
"1398","LS0-RA","Blacknose Dace",80,4.9,0.69019608,1.903089987,"6/1/2022","020503010103 Little Shamokin Creek"
"1399","LS0-RA","Blacknose Dace",62,2.6,0.414973348,1.792391689,"6/1/2022","020503010103 Little Shamokin Creek"
"1400","LS0-RA","Blacknose Dace",55,1.8,0.255272505,1.740362689,"6/1/2022","020503010103 Little Shamokin Creek"
"1401","LS0-RA","Blacknose Dace",50,1.3,0.113943352,1.698970004,"6/1/2022","020503010103 Little Shamokin Creek"
"1402","LS0-RA","Blacknose Dace",42,0.6,-0.22184875,1.62324929,"6/1/2022","020503010103 Little Shamokin Creek"
"1403","LS0-RA","Blacknose Dace",44,0.8,-0.096910013,1.643452676,"6/1/2022","020503010103 Little Shamokin Creek"
"1404","LS0-RA","Creek Chub",64,3,0.477121255,1.806179974,"6/1/2022","020503010103 Little Shamokin Creek"
"1405","LS0-RA","Blacknose Dace",45,0.8,-0.096910013,1.653212514,"6/1/2022","020503010103 Little Shamokin Creek"
"1406","LS0-RA","Blacknose Dace",63,1.5,0.176091259,1.799340549,"6/1/2022","020503010103 Little Shamokin Creek"
"1407","LS0-RA","Creek Chub",130,25.1,1.399673721,2.113943352,"6/1/2022","020503010103 Little Shamokin Creek"
"1408","LS0-RA","Creek Chub",50,1.5,0.176091259,1.698970004,"6/1/2022","020503010103 Little Shamokin Creek"
"1409","LS0-RA","Blacknose Dace",59,1.8,0.255272505,1.770852012,"6/1/2022","020503010103 Little Shamokin Creek"
"1410","LS0-RA","Blacknose Dace",43,0.9,-0.045757491,1.633468456,"6/1/2022","020503010103 Little Shamokin Creek"
"1411","LS0-RA","Creek Chub",70,3.3,0.51851394,1.84509804,"6/1/2022","020503010103 Little Shamokin Creek"
"1412","LS0-RA","Creek Chub",55,1.8,0.255272505,1.740362689,"6/1/2022","020503010103 Little Shamokin Creek"
"1413","LS0-RA","Longnose Dace",76,4.5,0.653212514,1.880813592,"6/1/2022","020503010103 Little Shamokin Creek"
"1414","LS0-RA","Blacknose Dace",60,2.2,0.342422681,1.77815125,"6/1/2022","020503010103 Little Shamokin Creek"
"1415","LS0-RA","Blacknose Dace",58,1.7,0.230448921,1.763427994,"6/1/2022","020503010103 Little Shamokin Creek"
"1416","LS0-RA","Creek Chub",92,9.6,0.982271233,1.963787827,"6/1/2022","020503010103 Little Shamokin Creek"
"1417","LS0-RA","Blacknose Dace",43,0.9,-0.045757491,1.633468456,"6/1/2022","020503010103 Little Shamokin Creek"
"1418","LS0-RA","Blacknose Dace",56,1.6,0.204119983,1.748188027,"6/1/2022","020503010103 Little Shamokin Creek"
"1419","LS0-RA","Creek Chub",130,23,1.361727836,2.113943352,"6/1/2022","020503010103 Little Shamokin Creek"
"1420","LS0-RA","Blacknose Dace",60,2.4,0.380211242,1.77815125,"6/1/2022","020503010103 Little Shamokin Creek"
"1421","LS0-RA","Blacknose Dace",65,2.9,0.462397998,1.812913357,"6/1/2022","020503010103 Little Shamokin Creek"
"1422","LS0-RA","Longnose Dace",61,2.4,0.380211242,1.785329835,"6/1/2022","020503010103 Little Shamokin Creek"
"1423","LS0-RA","Longnose Dace",75,4.5,0.653212514,1.875061263,"6/1/2022","020503010103 Little Shamokin Creek"
"1424","LS0-RA","Blacknose Dace",44,0.8,-0.096910013,1.643452676,"6/1/2022","020503010103 Little Shamokin Creek"
"1425","LS0-RA","Blacknose Dace",53,1.7,0.230448921,1.72427587,"6/1/2022","020503010103 Little Shamokin Creek"
"1426","LS0-RA","Blacknose Dace",49,1.1,0.041392685,1.69019608,"6/1/2022","020503010103 Little Shamokin Creek"
"1427","LS0-RA","Blacknose Dace",50,1.4,0.146128036,1.698970004,"6/1/2022","020503010103 Little Shamokin Creek"
"1428","LS0-RA","Longnose Dace",77,5,0.698970004,1.886490725,"6/1/2022","020503010103 Little Shamokin Creek"
"1429","LS0-RA","Blacknose Dace",55,1.5,0.176091259,1.740362689,"6/1/2022","020503010103 Little Shamokin Creek"
"1430","LS0-RA","Creek Chub",64,3.3,0.51851394,1.806179974,"6/1/2022","020503010103 Little Shamokin Creek"
"1431","LS0-RA","Longnose Dace",50,1.2,0.079181246,1.698970004,"6/1/2022","020503010103 Little Shamokin Creek"
"1432","LS0-RA","Blacknose Dace",45,0.9,-0.045757491,1.653212514,"6/1/2022","020503010103 Little Shamokin Creek"
"1433","LS0-RA","Longnose Dace",72,4.1,0.612783857,1.857332496,"6/1/2022","020503010103 Little Shamokin Creek"
"1434","LS0-RA","Tessellated Darter",52,1.6,0.204119983,1.716003344,"6/1/2022","020503010103 Little Shamokin Creek"
"1435","LS0-RA","Longnose Dace",87,7.6,0.880813592,1.939519253,"6/1/2022","020503010103 Little Shamokin Creek"
"1436","LS0-RA","Blacknose Dace",52,2.1,0.322219295,1.716003344,"6/1/2022","020503010103 Little Shamokin Creek"
"1437","LS0-RA","Blacknose Dace",61,2.5,0.397940009,1.785329835,"6/1/2022","020503010103 Little Shamokin Creek"
"1438","LS0-RA","Creek Chub",59,1.9,0.278753601,1.770852012,"6/1/2022","020503010103 Little Shamokin Creek"
"1439","LS0-RA","Creek Chub",60,2.1,0.322219295,1.77815125,"6/1/2022","020503010103 Little Shamokin Creek"
"1440","LS0-RA","Blacknose Dace",61,2.1,0.322219295,1.785329835,"6/1/2022","020503010103 Little Shamokin Creek"
"1441","LS0-RA","Creek Chub",76,4.9,0.69019608,1.880813592,"6/1/2022","020503010103 Little Shamokin Creek"
"1442","LS0-RA","Longnose Dace",51,1.2,0.079181246,1.707570176,"6/1/2022","020503010103 Little Shamokin Creek"
"1443","LS0-RA","Tessellated Darter",71,3.6,0.556302501,1.851258349,"6/1/2022","020503010103 Little Shamokin Creek"
"1444","LS0-RA","Longnose Dace",84,6.3,0.799340549,1.924279286,"6/1/2022","020503010103 Little Shamokin Creek"
"1445","LS0-RA","Blacknose Dace",61,2.1,0.322219295,1.785329835,"6/1/2022","020503010103 Little Shamokin Creek"
"1446","LS0-RA","Longnose Dace",82,5.4,0.73239376,1.913813852,"6/1/2022","020503010103 Little Shamokin Creek"
"1447","LS0-RA","Creek Chub",150,35.8,1.553883027,2.176091259,"6/1/2022","020503010103 Little Shamokin Creek"
"1448","LS0-RA","Blacknose Dace",59,2.2,0.342422681,1.770852012,"6/1/2022","020503010103 Little Shamokin Creek"
"1449","LS0-RA","Longnose Dace",71,3.6,0.556302501,1.851258349,"6/1/2022","020503010103 Little Shamokin Creek"
"1450","LS0-RA","Blacknose Dace",43,0.6,-0.22184875,1.633468456,"6/1/2022","020503010103 Little Shamokin Creek"
"1451","LS0-RA","Creek Chub",89,7.9,0.897627091,1.949390007,"6/1/2022","020503010103 Little Shamokin Creek"
"1452","LS0-RA","Blacknose Dace",60,1.9,0.278753601,1.77815125,"6/1/2022","020503010103 Little Shamokin Creek"
"1453","LS0-RA","Blacknose Dace",65,3.1,0.491361694,1.812913357,"6/1/2022","020503010103 Little Shamokin Creek"
"1454","LS0-RA","Blacknose Dace",55,1.8,0.255272505,1.740362689,"6/1/2022","020503010103 Little Shamokin Creek"
"1455","LS0-RA","Blacknose Dace",55,2,0.301029996,1.740362689,"6/1/2022","020503010103 Little Shamokin Creek"
"1456","LS0-RA","Blacknose Dace",67,2.4,0.380211242,1.826074803,"6/1/2022","020503010103 Little Shamokin Creek"
"1457","LS0-RA","Blacknose Dace",42,0.6,-0.22184875,1.62324929,"6/1/2022","020503010103 Little Shamokin Creek"
"1458","LS0-RA","Longnose Dace",59,1.5,0.176091259,1.770852012,"6/1/2022","020503010103 Little Shamokin Creek"
"1459","LS0-RA","Creek Chub",91,8.8,0.944482672,1.959041392,"6/1/2022","020503010103 Little Shamokin Creek"
"1460","LS0-RA","Blacknose Dace",57,2.1,0.322219295,1.755874856,"6/1/2022","020503010103 Little Shamokin Creek"
"1461","LS0-RA","Creek Chub",88,7.9,0.897627091,1.944482672,"6/1/2022","020503010103 Little Shamokin Creek"
"1462","LS0-RA","Creek Chub",61,6.6,0.819543936,1.785329835,"6/1/2022","020503010103 Little Shamokin Creek"
"1463","LS0-RA","Blacknose Dace",43,0.9,-0.045757491,1.633468456,"6/1/2022","020503010103 Little Shamokin Creek"
"1464","LS0-RA","Blacknose Dace",60,1.9,0.278753601,1.77815125,"6/1/2022","020503010103 Little Shamokin Creek"
"1465","LS0-RA","Blacknose Dace",57,1.8,0.255272505,1.755874856,"6/1/2022","020503010103 Little Shamokin Creek"
"1466","LS0-RA","Blacknose Dace",60,2.1,0.322219295,1.77815125,"6/1/2022","020503010103 Little Shamokin Creek"
"1467","LS0-RA","Blacknose Dace",56,1.9,0.278753601,1.748188027,"6/1/2022","020503010103 Little Shamokin Creek"
"1468","LS0-RA","Tessellated Darter",52,1,0,1.716003344,"6/1/2022","020503010103 Little Shamokin Creek"
"1469","LS0-RA","Creek Chub",50,1.8,0.255272505,1.698970004,"6/1/2022","020503010103 Little Shamokin Creek"
"1470","LS0-RA","Blacknose Dace",59,2.1,0.322219295,1.770852012,"6/1/2022","020503010103 Little Shamokin Creek"
"1471","LS0-RA","Blacknose Dace",42,0.7,-0.15490196,1.62324929,"6/1/2022","020503010103 Little Shamokin Creek"
"1472","LS0-RA","Blacknose Dace",59,2.4,0.380211242,1.770852012,"6/1/2022","020503010103 Little Shamokin Creek"
"1473","LS0-RA","Blacknose Dace",61,2.1,0.322219295,1.785329835,"6/1/2022","020503010103 Little Shamokin Creek"
"1474","LS0-RA","Creek Chub",67,3,0.477121255,1.826074803,"6/1/2022","020503010103 Little Shamokin Creek"
"1475","LS0-RA","Blacknose Dace",43,0.9,-0.045757491,1.633468456,"6/1/2022","020503010103 Little Shamokin Creek"
"1476","LS0-RA","Tessellated Darter",50,1.4,0.146128036,1.698970004,"6/1/2022","020503010103 Little Shamokin Creek"
"1477","LS0-RA","Longnose Dace",79,5.5,0.740362689,1.897627091,"6/1/2022","020503010103 Little Shamokin Creek"
"1478","LS0-RA","Creek Chub",53,1.6,0.204119983,1.72427587,"6/1/2022","020503010103 Little Shamokin Creek"
"1479","LS0-RA","Blacknose Dace",59,2.5,0.397940009,1.770852012,"6/1/2022","020503010103 Little Shamokin Creek"
"1480","LS0-RA","Blacknose Dace",55,2.2,0.342422681,1.740362689,"6/1/2022","020503010103 Little Shamokin Creek"
"1481","LS0-RA","Blacknose Dace",67,2.9,0.462397998,1.826074803,"6/1/2022","020503010103 Little Shamokin Creek"
"1482","LS0-RA","Blacknose Dace",52,1.2,0.079181246,1.716003344,"6/1/2022","020503010103 Little Shamokin Creek"
"1483","LS0-RA","Longnose Dace",71,3.6,0.556302501,1.851258349,"6/1/2022","020503010103 Little Shamokin Creek"
"1484","LS0-RA","Longnose Dace",67,3,0.477121255,1.826074803,"6/1/2022","020503010103 Little Shamokin Creek"
"1485","LS0-RA","Creek Chub",52,1.3,0.113943352,1.716003344,"6/1/2022","020503010103 Little Shamokin Creek"
"1486","LS0-RA","Longnose Dace",73,4,0.602059991,1.86332286,"6/1/2022","020503010103 Little Shamokin Creek"
"1487","LS0-RA","Creek Chub",64,3,0.477121255,1.806179974,"6/1/2022","020503010103 Little Shamokin Creek"
"1488","LS0-RA","Blacknose Dace",78,5.4,0.73239376,1.892094603,"6/1/2022","020503010103 Little Shamokin Creek"
"1489","LS0-RA","Creek Chub",85,6.8,0.832508913,1.929418926,"6/1/2022","020503010103 Little Shamokin Creek"
"1490","LS0-RA","Longnose Dace",62,2.6,0.414973348,1.792391689,"6/1/2022","020503010103 Little Shamokin Creek"
"1491","LS0-RA","Creek Chub",52,1.6,0.204119983,1.716003344,"6/1/2022","020503010103 Little Shamokin Creek"
"1492","LS0-RA","Blacknose Dace",46,1,0,1.662757832,"6/1/2022","020503010103 Little Shamokin Creek"
"1493","LS0-RA","Creek Chub",70,3.8,0.579783597,1.84509804,"6/1/2022","020503010103 Little Shamokin Creek"
"1494","LS0-RA","Longnose Dace",90,9.2,0.963787827,1.954242509,"6/1/2022","020503010103 Little Shamokin Creek"
"1495","LS0-RA","Blacknose Dace",59,2.1,0.322219295,1.770852012,"6/1/2022","020503010103 Little Shamokin Creek"
"1496","LS0-RA","Creek Chub",70,4.2,0.62324929,1.84509804,"6/1/2022","020503010103 Little Shamokin Creek"
"1497","LS0-RA","Blacknose Dace",69,4.5,0.653212514,1.838849091,"6/1/2022","020503010103 Little Shamokin Creek"
"1498","LS0-RA","Tessellated Darter",60,2.3,0.361727836,1.77815125,"6/1/2022","020503010103 Little Shamokin Creek"
"1499","LS0-RA","Tessellated Darter",70,2.7,0.431363764,1.84509804,"6/1/2022","020503010103 Little Shamokin Creek"
"1500","LS0-RA","Longnose Dace",87,7.6,0.880813592,1.939519253,"6/1/2022","020503010103 Little Shamokin Creek"
"1501","LS0-RA","Blacknose Dace",56,2.2,0.342422681,1.748188027,"6/1/2022","020503010103 Little Shamokin Creek"
"1502","LS0-RA","Longnose Dace",82,6.7,0.826074803,1.913813852,"6/1/2022","020503010103 Little Shamokin Creek"
"1503","LS0-RA","Tessellated Darter",64,2.5,0.397940009,1.806179974,"6/1/2022","020503010103 Little Shamokin Creek"
"1504","LS0-RA","Longnose Dace",79,5.1,0.707570176,1.897627091,"6/1/2022","020503010103 Little Shamokin Creek"
"1505","LS0-RA","Creek Chub",70,4.4,0.643452676,1.84509804,"6/1/2022","020503010103 Little Shamokin Creek"
"1506","LS0-RA","Longnose Dace",54,1.3,0.113943352,1.73239376,"6/1/2022","020503010103 Little Shamokin Creek"
"1507","LS0-RA","Blacknose Dace",60,2.3,0.361727836,1.77815125,"6/1/2022","020503010103 Little Shamokin Creek"
"1508","LS0-RA","Blacknose Dace",45,0.8,-0.096910013,1.653212514,"6/1/2022","020503010103 Little Shamokin Creek"
"1509","LS0-RA","Tessellated Darter",49,1.2,0.079181246,1.69019608,"6/1/2022","020503010103 Little Shamokin Creek"
"1510","LS0-RA","Blacknose Dace",44,0.8,-0.096910013,1.643452676,"6/1/2022","020503010103 Little Shamokin Creek"
"1511","LS0-RA","Creek Chub",120,19.4,1.28780173,2.079181246,"6/1/2022","020503010103 Little Shamokin Creek"
"1512","LS0-RA","Blacknose Dace",57,1.7,0.230448921,1.755874856,"6/1/2022","020503010103 Little Shamokin Creek"
"1513","LS0-RA","Creek Chub",61,2.5,0.397940009,1.785329835,"6/1/2022","020503010103 Little Shamokin Creek"
"1514","LS0-RA","Blacknose Dace",49,1,0,1.69019608,"6/1/2022","020503010103 Little Shamokin Creek"
"1515","LS0-RA","Blacknose Dace",46,0.9,-0.045757491,1.662757832,"6/1/2022","020503010103 Little Shamokin Creek"
"1516","LS0-RA","Creek Chub",75,4.8,0.681241237,1.875061263,"6/1/2022","020503010103 Little Shamokin Creek"
"1517","LS0-RA","Creek Chub",55,2,0.301029996,1.740362689,"6/1/2022","020503010103 Little Shamokin Creek"
"1518","LS0-RA","Blacknose Dace",44,0.9,-0.045757491,1.643452676,"6/1/2022","020503010103 Little Shamokin Creek"
"1519","LS0-RA","Creek Chub",52,1.4,0.146128036,1.716003344,"6/1/2022","020503010103 Little Shamokin Creek"
"1520","LS0-RA","Tessellated Darter",49,1.2,0.079181246,1.69019608,"6/1/2022","020503010103 Little Shamokin Creek"
"1521","LS0-RA","Creek Chub",62,2.7,0.431363764,1.792391689,"6/1/2022","020503010103 Little Shamokin Creek"
"1522","LS0-RA","Tessellated Darter",61,2.3,0.361727836,1.785329835,"6/1/2022","020503010103 Little Shamokin Creek"
"1523","LS0-RA","Blacknose Dace",46,1,0,1.662757832,"6/1/2022","020503010103 Little Shamokin Creek"
"1524","LS0-RA","Blacknose Dace",41,0.6,-0.22184875,1.612783857,"6/1/2022","020503010103 Little Shamokin Creek"
"1525","LS0-RA","Blacknose Dace",44,0.7,-0.15490196,1.643452676,"6/1/2022","020503010103 Little Shamokin Creek"
"1526","LS0-RA","Tessellated Darter",50,2.5,0.397940009,1.698970004,"6/1/2022","020503010103 Little Shamokin Creek"
"1527","LS0-RA","Blacknose Dace",42,0.7,-0.15490196,1.62324929,"6/1/2022","020503010103 Little Shamokin Creek"
"1528","LS0-RA","Tessellated Darter",62,2.4,0.380211242,1.792391689,"6/1/2022","020503010103 Little Shamokin Creek"
"1529","LS0-RA","Tessellated Darter",62,2.3,0.361727836,1.792391689,"6/1/2022","020503010103 Little Shamokin Creek"
"1530","LS0-RA","Creek Chub",55,1.9,0.278753601,1.740362689,"6/1/2022","020503010103 Little Shamokin Creek"
"1531","LS0-RA","Creek Chub",95,11.4,1.056904851,1.977723605,"6/1/2022","020503010103 Little Shamokin Creek"
"1532","LS0-RA","Creek Chub",113,16.5,1.217483944,2.053078443,"6/1/2022","020503010103 Little Shamokin Creek"
"1533","LS0-RA","Blacknose Dace",44,0.6,-0.22184875,1.643452676,"6/1/2022","020503010103 Little Shamokin Creek"
"1534","LS0-RA","Longnose Dace",52,1.3,0.113943352,1.716003344,"6/1/2022","020503010103 Little Shamokin Creek"
"1535","LU0-EL","Creek Chub",72,4.9,0.69019608,1.857332496,"6/2/2025","020502061206 Miller Run-Limestone Run"
"1536","LU0-EL","Creek Chub",52,1.4,0.146128036,1.716003344,"6/2/2025","020502061206 Miller Run-Limestone Run"
"1537","LU0-EL","Creek Chub",58,2.1,0.322219295,1.763427994,"6/2/2025","020502061206 Miller Run-Limestone Run"
"1538","LU0-EL","Tessellated Darter",48,1.5,0.176091259,1.681241237,"6/2/2025","020502061206 Miller Run-Limestone Run"
"1539","LU0-EL","Creek Chub",50,1.7,0.230448921,1.698970004,"6/2/2025","020502061206 Miller Run-Limestone Run"
"1540","LU0-EL","Blacknose Dace",73,3.9,0.591064607,1.86332286,"6/2/2025","020502061206 Miller Run-Limestone Run"
"1541","LU0-EL","Creek Chub",44,0.8,-0.096910013,1.643452676,"6/2/2025","020502061206 Miller Run-Limestone Run"
"1542","LU0-EL","Creek Chub",86,7.4,0.86923172,1.934498451,"6/2/2025","020502061206 Miller Run-Limestone Run"
"1543","LU0-EL","Creek Chub",111,16.5,1.217483944,2.045322979,"6/2/2025","020502061206 Miller Run-Limestone Run"
"1544","LU0-EL","Creek Chub",75,4.7,0.672097858,1.875061263,"6/2/2025","020502061206 Miller Run-Limestone Run"
"1545","LU0-EL","Creek Chub",62,2.5,0.397940009,1.792391689,"6/2/2025","020502061206 Miller Run-Limestone Run"
"1546","LU0-EL","Creek Chub",42,0.6,-0.22184875,1.62324929,"6/2/2025","020502061206 Miller Run-Limestone Run"
"1547","LU0-EL","Creek Chub",59,2,0.301029996,1.770852012,"6/2/2025","020502061206 Miller Run-Limestone Run"
"1548","LU0-EL","Blacknose Dace",68,2.9,0.462397998,1.832508913,"6/2/2025","020502061206 Miller Run-Limestone Run"
"1549","LU0-EL","Creek Chub",54,1.7,0.230448921,1.73239376,"6/2/2025","020502061206 Miller Run-Limestone Run"
"1550","LU0-EL","Tessellated Darter",61,2.5,0.397940009,1.785329835,"6/2/2025","020502061206 Miller Run-Limestone Run"
"1551","LU0-EL","Blacknose Dace",54,1.33,0.123851641,1.73239376,"6/2/2025","020502061206 Miller Run-Limestone Run"
"1552","LU0-EL","Creek Chub",79,6.2,0.792391689,1.897627091,"6/2/2025","020502061206 Miller Run-Limestone Run"
"1553","LU0-EL","Tessellated Darter",50,1.4,0.146128036,1.698970004,"6/2/2025","020502061206 Miller Run-Limestone Run"
"1554","LU0-EL","Creek Chub",65,3,0.477121255,1.812913357,"6/2/2025","020502061206 Miller Run-Limestone Run"
"1555","LU0-EL","Creek Chub",51,1.64,0.214843848,1.707570176,"6/2/2025","020502061206 Miller Run-Limestone Run"
"1556","LU0-EL","Blacknose Dace",48,0.98,-0.008773924,1.681241237,"6/2/2025","020502061206 Miller Run-Limestone Run"
"1557","LU0-EL","Creek Chub",87,6.6,0.819543936,1.939519253,"6/2/2025","020502061206 Miller Run-Limestone Run"
"1558","LU0-EL","Tessellated Darter",60,1.91,0.281033367,1.77815125,"6/2/2025","020502061206 Miller Run-Limestone Run"
"1559","LU0-EL","Creek Chub",54,2,0.301029996,1.73239376,"6/2/2025","020502061206 Miller Run-Limestone Run"
"1560","LU0-EL","Tessellated Darter",70,1.5,0.176091259,1.84509804,"6/2/2025","020502061206 Miller Run-Limestone Run"
"1561","LU0-EL","Creek Chub",54,1.69,0.227886705,1.73239376,"6/2/2025","020502061206 Miller Run-Limestone Run"
"1562","LU0-EL","Tessellated Darter",70,3.18,0.50242712,1.84509804,"6/2/2025","020502061206 Miller Run-Limestone Run"
"1563","LU0-EL","Blacknose Dace",69,3.2,0.505149978,1.838849091,"6/2/2025","020502061206 Miller Run-Limestone Run"
"1564","LU0-EL","Tessellated Darter",60,1.98,0.29666519,1.77815125,"6/2/2025","020502061206 Miller Run-Limestone Run"
"1565","LU0-EL","Blacknose Dace",49,1.14,0.056904851,1.69019608,"6/2/2025","020502061206 Miller Run-Limestone Run"
"1566","LU0-EL","Creek Chub",46,1.03,0.012837225,1.662757832,"6/2/2025","020502061206 Miller Run-Limestone Run"
"1567","LU0-EL","Tessellated Darter",68,3.5,0.544068044,1.832508913,"6/2/2025","020502061206 Miller Run-Limestone Run"
"1568","LU0-EL","Tessellated Darter",63,2.4,0.380211242,1.799340549,"6/2/2025","020502061206 Miller Run-Limestone Run"
"1569","LU0-EL","Tessellated Darter",57,1.55,0.190331698,1.755874856,"6/2/2025","020502061206 Miller Run-Limestone Run"
"1570","LU0-EL","Tessellated Darter",68,2.9,0.462397998,1.832508913,"6/2/2025","020502061206 Miller Run-Limestone Run"
"1571","LU0-EL","Creek Chub",47,1.1,0.041392685,1.672097858,"6/2/2025","020502061206 Miller Run-Limestone Run"
"1572","LU0-EL","Longnose Dace",75,3.85,0.58546073,1.875061263,"6/2/2025","020502061206 Miller Run-Limestone Run"
"1573","LU0-EL","Tessellated Darter",63,1.99,0.298853076,1.799340549,"6/2/2025","020502061206 Miller Run-Limestone Run"
"1574","LU0-EL","Creek Chub",45,1,0,1.653212514,"6/2/2025","020502061206 Miller Run-Limestone Run"
"1575","LU0-EL","Creek Chub",75,4.32,0.635483747,1.875061263,"6/2/2025","020502061206 Miller Run-Limestone Run"
"1576","LU0-EL","Creek Chub",52,2.1,0.322219295,1.716003344,"6/2/2025","020502061206 Miller Run-Limestone Run"
"1577","LU0-EL","Blacknose Dace",78,4.2,0.62324929,1.892094603,"6/2/2025","020502061206 Miller Run-Limestone Run"
"1578","LU0-EL","Creek Chub",56,1.8,0.255272505,1.748188027,"6/2/2025","020502061206 Miller Run-Limestone Run"
"1579","LU0-EL","Blacknose Dace",70,3.51,0.545307116,1.84509804,"6/2/2025","020502061206 Miller Run-Limestone Run"
"1580","LU0-EL","Tessellated Darter",51,1.31,0.117271296,1.707570176,"6/2/2025","020502061206 Miller Run-Limestone Run"
"1581","LU0-EL","Blacknose Dace",72,3.7,0.568201724,1.857332496,"6/2/2025","020502061206 Miller Run-Limestone Run"
"1582","LU0-EL","Blacknose Dace",79,3.92,0.593286067,1.897627091,"6/2/2025","020502061206 Miller Run-Limestone Run"
"1583","LU0-EL","Creek Chub",75,4.72,0.673941999,1.875061263,"6/2/2025","020502061206 Miller Run-Limestone Run"
"1584","LU0-EL","Blacknose Dace",49,1.13,0.053078443,1.69019608,"6/2/2025","020502061206 Miller Run-Limestone Run"
"1585","LU0-EL","Blacknose Dace",74,3.23,0.509202522,1.86923172,"6/2/2025","020502061206 Miller Run-Limestone Run"
"1586","LU0-EL","Blacknose Dace",75,3.4,0.531478917,1.875061263,"6/2/2025","020502061206 Miller Run-Limestone Run"
"1587","LU0-EL","Creek Chub",54,1.46,0.164352856,1.73239376,"6/2/2025","020502061206 Miller Run-Limestone Run"
"1588","LU0-EL","Creek Chub",107,12.4,1.093421685,2.029383778,"6/2/2025","020502061206 Miller Run-Limestone Run"
"1589","LU0-EL","Blacknose Dace",40,0.63,-0.200659451,1.602059991,"6/2/2025","020502061206 Miller Run-Limestone Run"
"1590","LU0-EL","Creek Chub",51,0.86,-0.065501549,1.707570176,"6/2/2025","020502061206 Miller Run-Limestone Run"
"1591","LU0-EL","Blacknose Dace",72,3.8,0.579783597,1.857332496,"6/2/2025","020502061206 Miller Run-Limestone Run"
"1592","LU0-EL","Blacknose Dace",69,2.62,0.418301291,1.838849091,"6/2/2025","020502061206 Miller Run-Limestone Run"
"1593","LU0-EL","Blacknose Dace",75,3.8,0.579783597,1.875061263,"6/2/2025","020502061206 Miller Run-Limestone Run"
"1594","LU0-EL","Blacknose Dace",80,4.5,0.653212514,1.903089987,"6/2/2025","020502061206 Miller Run-Limestone Run"
"1595","LU0-EL","Blacknose Dace",67,2.88,0.459392488,1.826074803,"6/2/2025","020502061206 Miller Run-Limestone Run"
"1596","LU0-EL","Creek Chub",51,2.2,0.342422681,1.707570176,"6/2/2025","020502061206 Miller Run-Limestone Run"
"1597","LU0-EL","Blacknose Dace",77,3.6,0.556302501,1.886490725,"6/2/2025","020502061206 Miller Run-Limestone Run"
"1598","LU0-EL","Blacknose Dace",50,1.09,0.037426498,1.698970004,"6/2/2025","020502061206 Miller Run-Limestone Run"
"1599","LU0-EL","Tessellated Darter",57,1.9,0.278753601,1.755874856,"6/2/2025","020502061206 Miller Run-Limestone Run"
"1600","LU0-EL","Longnose Dace",67,3.1,0.491361694,1.826074803,"6/2/2025","020502061206 Miller Run-Limestone Run"
"1601","LU0-EL","Blacknose Dace",75,3.77,0.57634135,1.875061263,"6/2/2025","020502061206 Miller Run-Limestone Run"
"1602","LU0-EL","Blacknose Dace",65,2.33,0.367355921,1.812913357,"6/2/2025","020502061206 Miller Run-Limestone Run"
"1603","LU0-EL","Tessellated Darter",71,3.65,0.562292864,1.851258349,"6/2/2025","020502061206 Miller Run-Limestone Run"
"1604","LU0-EL","Blacknose Dace",69,3.8,0.579783597,1.838849091,"6/2/2025","020502061206 Miller Run-Limestone Run"
"1605","LU0-EL","Blacknose Dace",49,0.97,-0.013228266,1.69019608,"6/2/2025","020502061206 Miller Run-Limestone Run"
"1606","LU0-EL","Blacknose Dace",52,1.26,0.100370545,1.716003344,"6/2/2025","020502061206 Miller Run-Limestone Run"
"1607","LU0-EL","Tessellated Darter",50,1.2,0.079181246,1.698970004,"6/2/2025","020502061206 Miller Run-Limestone Run"
"1608","LU0-EL","Blacknose Dace",78,3.8,0.579783597,1.892094603,"6/2/2025","020502061206 Miller Run-Limestone Run"
"1609","LU0-EL","Longnose Dace",89,5,0.698970004,1.949390007,"6/2/2025","020502061206 Miller Run-Limestone Run"
"1610","LU0-EL","Blacknose Dace",68,2.75,0.439332694,1.832508913,"6/2/2025","020502061206 Miller Run-Limestone Run"
"1611","LU0-EL","Blacknose Dace",77,3.5,0.544068044,1.886490725,"6/2/2025","020502061206 Miller Run-Limestone Run"
"1612","LU0-EL","Tessellated Darter",65,2.6,0.414973348,1.812913357,"6/2/2025","020502061206 Miller Run-Limestone Run"
"1613","LU0-EL","Blacknose Dace",75,3.8,0.579783597,1.875061263,"6/2/2025","020502061206 Miller Run-Limestone Run"
"1614","LU0-EL","Longnose Dace",85,5.5,0.740362689,1.929418926,"6/2/2025","020502061206 Miller Run-Limestone Run"
"1615","MillCreek.Loyalsock","Blacknose Dace",65,2.8,0.447158031,1.812913357,"6/27/2022","020502060503 Ogdonia Creek-Loyalsock Creek"
"1616","MillCreek.Loyalsock","Blacknose Dace",59,3.3,0.51851394,1.770852012,"6/27/2022","020502060503 Ogdonia Creek-Loyalsock Creek"
"1617","MillCreek.Loyalsock","Blacknose Dace",56,1.7,0.230448921,1.748188027,"6/27/2022","020502060503 Ogdonia Creek-Loyalsock Creek"
"1618","MillCreek.Loyalsock","Blacknose Dace",51,1.6,0.204119983,1.707570176,"6/27/2022","020502060503 Ogdonia Creek-Loyalsock Creek"
"1619","MillCreek.Loyalsock","Blacknose Dace",59,1.9,0.278753601,1.770852012,"6/27/2022","020502060503 Ogdonia Creek-Loyalsock Creek"
"1620","MillCreek.Loyalsock","Blacknose Dace",80,5.2,0.716003344,1.903089987,"6/27/2022","020502060503 Ogdonia Creek-Loyalsock Creek"
"1621","MillCreek.Loyalsock","Blacknose Dace",69,3.2,0.505149978,1.838849091,"6/27/2022","020502060503 Ogdonia Creek-Loyalsock Creek"
"1622","MillCreek.Loyalsock","Blacknose Dace",52,1.6,0.204119983,1.716003344,"6/27/2022","020502060503 Ogdonia Creek-Loyalsock Creek"
"1623","MillCreek.Loyalsock","Blacknose Dace",66,2.7,0.431363764,1.819543936,"6/27/2022","020502060503 Ogdonia Creek-Loyalsock Creek"
"1624","MillCreek.Loyalsock","Blacknose Dace",59,2.1,0.322219295,1.770852012,"6/27/2022","020502060503 Ogdonia Creek-Loyalsock Creek"
"1625","MillCreek.Loyalsock","Blacknose Dace",65,2.5,0.397940009,1.812913357,"6/27/2022","020502060503 Ogdonia Creek-Loyalsock Creek"
"1626","MillCreek.Loyalsock","Blacknose Dace",59,1.8,0.255272505,1.770852012,"6/27/2022","020502060503 Ogdonia Creek-Loyalsock Creek"
"1627","MillCreek.Loyalsock","Blacknose Dace",80,4.1,0.612783857,1.903089987,"6/27/2022","020502060503 Ogdonia Creek-Loyalsock Creek"
"1628","MillCreek.Loyalsock","Blacknose Dace",60,2,0.301029996,1.77815125,"6/27/2022","020502060503 Ogdonia Creek-Loyalsock Creek"
"1629","MillCreek.Loyalsock","Blacknose Dace",80,4.9,0.69019608,1.903089987,"6/27/2022","020502060503 Ogdonia Creek-Loyalsock Creek"
"1630","MillCreek.Loyalsock","Blacknose Dace",59,2,0.301029996,1.770852012,"6/27/2022","020502060503 Ogdonia Creek-Loyalsock Creek"
"1631","MillCreek.Loyalsock","Blacknose Dace",50,1.3,0.113943352,1.698970004,"6/27/2022","020502060503 Ogdonia Creek-Loyalsock Creek"
"1632","MillCreek.Loyalsock","Blacknose Dace",59,2,0.301029996,1.770852012,"6/27/2022","020502060503 Ogdonia Creek-Loyalsock Creek"
"1633","MillCreek.Loyalsock","Blacknose Dace",72,3.6,0.556302501,1.857332496,"6/27/2022","020502060503 Ogdonia Creek-Loyalsock Creek"
"1634","MillCreek.Loyalsock","Blacknose Dace",61,2.2,0.342422681,1.785329835,"6/27/2022","020502060503 Ogdonia Creek-Loyalsock Creek"
"1635","MillCreek.Loyalsock","Blacknose Dace",58,1.56,0.193124598,1.763427994,"6/23/2025","020502060503 Ogdonia Creek-Loyalsock Creek"
"1636","MillCreek.Loyalsock","Blacknose Dace",62,1.9,0.278753601,1.792391689,"6/23/2025","020502060503 Ogdonia Creek-Loyalsock Creek"
"1637","MillCreek.Loyalsock","Blacknose Dace",45,0.65,-0.187086643,1.653212514,"6/23/2025","020502060503 Ogdonia Creek-Loyalsock Creek"
"1638","MillCreek.Loyalsock","Blacknose Dace",43,0.59,-0.229147988,1.633468456,"6/23/2025","020502060503 Ogdonia Creek-Loyalsock Creek"
"1639","MillCreek.Loyalsock","Blacknose Dace",73,3.48,0.541579244,1.86332286,"6/23/2025","020502060503 Ogdonia Creek-Loyalsock Creek"
"1640","MillCreek.Loyalsock","Blacknose Dace",71,2.9,0.462397998,1.851258349,"6/23/2025","020502060503 Ogdonia Creek-Loyalsock Creek"
"1641","MillCreek.Loyalsock","Blacknose Dace",73,3.23,0.509202522,1.86332286,"6/23/2025","020502060503 Ogdonia Creek-Loyalsock Creek"
"1642","MillCreek.Loyalsock","Blacknose Dace",55,1.6,0.204119983,1.740362689,"6/27/2022","020502060503 Ogdonia Creek-Loyalsock Creek"
"1643","MillCreek.Loyalsock","Blacknose Dace",67,2.8,0.447158031,1.826074803,"6/27/2022","020502060503 Ogdonia Creek-Loyalsock Creek"
"1644","MillCreek.Loyalsock","Blacknose Dace",58,1.8,0.255272505,1.763427994,"6/27/2022","020502060503 Ogdonia Creek-Loyalsock Creek"
"1645","MillCreek.Loyalsock","Blacknose Dace",40,0.49,-0.30980392,1.602059991,"6/23/2025","020502060503 Ogdonia Creek-Loyalsock Creek"
"1646","MillCreek.Loyalsock","Blacknose Dace",66,2.21,0.344392274,1.819543936,"6/23/2025","020502060503 Ogdonia Creek-Loyalsock Creek"
"1647","MillCreek.Loyalsock","Blacknose Dace",65,2.19,0.340444115,1.812913357,"6/23/2025","020502060503 Ogdonia Creek-Loyalsock Creek"
"1648","MillCreek.Loyalsock","Blacknose Dace",63,2.04,0.309630167,1.799340549,"6/23/2025","020502060503 Ogdonia Creek-Loyalsock Creek"
"1649","MillCreek.Loyalsock","Blacknose Dace",75,3.89,0.589949601,1.875061263,"6/23/2025","020502060503 Ogdonia Creek-Loyalsock Creek"
"1650","MillCreek.Loyalsock","Blacknose Dace",45,0.64,-0.193820026,1.653212514,"6/23/2025","020502060503 Ogdonia Creek-Loyalsock Creek"
"1651","MillCreek.Loyalsock","Blacknose Dace",61,1.89,0.276461804,1.785329835,"6/23/2025","020502060503 Ogdonia Creek-Loyalsock Creek"
"1652","MillCreek.Loyalsock","Blacknose Dace",76,3.81,0.580924976,1.880813592,"6/23/2025","020502060503 Ogdonia Creek-Loyalsock Creek"
"1653","MillCreek.Loyalsock","Blacknose Dace",59,2.1,0.322219295,1.770852012,"6/27/2022","020502060503 Ogdonia Creek-Loyalsock Creek"
"1654","MillCreek.Loyalsock","Blacknose Dace",61,2.3,0.361727836,1.785329835,"6/27/2022","020502060503 Ogdonia Creek-Loyalsock Creek"
"1655","MillCreek.Loyalsock","Blacknose Dace",70,3.3,0.51851394,1.84509804,"6/27/2022","020502060503 Ogdonia Creek-Loyalsock Creek"
"1656","MillCreek.Loyalsock","Blacknose Dace",62,2.3,0.361727836,1.792391689,"6/27/2022","020502060503 Ogdonia Creek-Loyalsock Creek"
"1657","MillCreek.Loyalsock","Blacknose Dace",81,4.8,0.681241237,1.908485019,"6/27/2022","020502060503 Ogdonia Creek-Loyalsock Creek"
"1658","MillCreek.Loyalsock","Blacknose Dace",57,1.8,0.255272505,1.755874856,"6/27/2022","020502060503 Ogdonia Creek-Loyalsock Creek"
"1659","MillCreek.Loyalsock","Blacknose Dace",57,1.6,0.204119983,1.755874856,"6/27/2022","020502060503 Ogdonia Creek-Loyalsock Creek"
"1660","MillCreek.Loyalsock","Blacknose Dace",68,2.78,0.444044796,1.832508913,"6/23/2025","020502060503 Ogdonia Creek-Loyalsock Creek"
"1661","MillCreek.Loyalsock","Blacknose Dace",78,3.9,0.591064607,1.892094603,"6/23/2025","020502060503 Ogdonia Creek-Loyalsock Creek"
"1662","MillCreek.Loyalsock","Blacknose Dace",67,2.43,0.385606274,1.826074803,"6/23/2025","020502060503 Ogdonia Creek-Loyalsock Creek"
"1663","MillCreek.Loyalsock","Blacknose Dace",51,1.05,0.021189299,1.707570176,"6/23/2025","020502060503 Ogdonia Creek-Loyalsock Creek"
"1664","MillCreek.Loyalsock","Blacknose Dace",55,1.42,0.152288344,1.740362689,"6/23/2025","020502060503 Ogdonia Creek-Loyalsock Creek"
"1665","MillCreek.Loyalsock","Blacknose Dace",70,2.94,0.46834733,1.84509804,"6/23/2025","020502060503 Ogdonia Creek-Loyalsock Creek"
"1666","MillCreek.Loyalsock","Blacknose Dace",54,1.32,0.120573931,1.73239376,"6/23/2025","020502060503 Ogdonia Creek-Loyalsock Creek"
"1667","MillCreek.Loyalsock","Blacknose Dace",52,1.09,0.037426498,1.716003344,"6/23/2025","020502060503 Ogdonia Creek-Loyalsock Creek"
"1668","MillCreek.Loyalsock","Blacknose Dace",63,2.06,0.31386722,1.799340549,"6/23/2025","020502060503 Ogdonia Creek-Loyalsock Creek"
"1669","MillCreek.Loyalsock","Blacknose Dace",56,1.49,0.173186268,1.748188027,"6/23/2025","020502060503 Ogdonia Creek-Loyalsock Creek"
"1670","MillCreek.Loyalsock","Blacknose Dace",51,1.12,0.049218023,1.707570176,"6/23/2025","020502060503 Ogdonia Creek-Loyalsock Creek"
"1671","MillCreek.Loyalsock","Blacknose Dace",55,1.28,0.10720997,1.740362689,"6/23/2025","020502060503 Ogdonia Creek-Loyalsock Creek"
"1672","MillCreek.Loyalsock","Blacknose Dace",55,1.37,0.136720567,1.740362689,"6/23/2025","020502060503 Ogdonia Creek-Loyalsock Creek"
"1673","MillCreek.Loyalsock","Blacknose Dace",59,1.64,0.214843848,1.770852012,"6/23/2025","020502060503 Ogdonia Creek-Loyalsock Creek"
"1674","MillCreek.Loyalsock","Blacknose Dace",55,1.37,0.136720567,1.740362689,"6/23/2025","020502060503 Ogdonia Creek-Loyalsock Creek"
"1675","Miller.LittleKettle","Blacknose Dace",74,3.5,0.544068044,1.86923172,"7/13/2023","020502030101 Little Kettle Creek"
"1676","Ogdonia.LowerLoyalsock","Blacknose Dace",76,4,0.602059991,1.880813592,"6/26/2023","020502060503 Ogdonia Creek-Loyalsock Creek"
"1677","Ogdonia.LowerLoyalsock","Blacknose Dace",76,3.5,0.544068044,1.880813592,"6/26/2023","020502060503 Ogdonia Creek-Loyalsock Creek"
"1678","Ogdonia.LowerLoyalsock","Blacknose Dace",71,2.8,0.447158031,1.851258349,"6/26/2023","020502060503 Ogdonia Creek-Loyalsock Creek"
"1679","Ogdonia.LowerLoyalsock","Blacknose Dace",63,2.4,0.380211242,1.799340549,"6/26/2023","020502060503 Ogdonia Creek-Loyalsock Creek"
"1680","Osborne.Kettle","Creek Chub",45,0.7,-0.15490196,1.653212514,"7/17/2023","020502030105 Middle Kettle Creek"
"1681","Osborne.Kettle","Creek Chub",51,1.3,0.113943352,1.707570176,"7/17/2023","020502030105 Middle Kettle Creek"
"1682","Osborne.Kettle","Creek Chub",81,4.6,0.662757832,1.908485019,"7/17/2023","020502030105 Middle Kettle Creek"
"1683","Osborne.Kettle","Creek Chub",54,2,0.301029996,1.73239376,"7/17/2023","020502030105 Middle Kettle Creek"
"1684","Osborne.Kettle","Creek Chub",80,4.4,0.643452676,1.903089987,"7/17/2023","020502030105 Middle Kettle Creek"
"1685","Osborne.Kettle","Creek Chub",47,0.8,-0.096910013,1.672097858,"7/17/2023","020502030105 Middle Kettle Creek"
"1686","Osborne.Kettle","Creek Chub",81,4.5,0.653212514,1.908485019,"7/17/2023","020502030105 Middle Kettle Creek"
"1687","Osborne.Kettle","Creek Chub",57,2,0.301029996,1.755874856,"7/17/2023","020502030105 Middle Kettle Creek"
"1688","Osborne.Kettle","Creek Chub",57,1.8,0.255272505,1.755874856,"7/17/2023","020502030105 Middle Kettle Creek"
"1689","Osborne.Kettle","Creek Chub",51,1.5,0.176091259,1.707570176,"7/17/2023","020502030105 Middle Kettle Creek"
"1690","Osborne.Kettle","Creek Chub",59,2.3,0.361727836,1.770852012,"7/17/2023","020502030105 Middle Kettle Creek"
"1691","Osborne.Kettle","Creek Chub",69,3.6,0.556302501,1.838849091,"7/17/2023","020502030105 Middle Kettle Creek"
"1692","Osborne.Kettle","Creek Chub",80,4.6,0.662757832,1.903089987,"7/17/2023","020502030105 Middle Kettle Creek"
"1693","Osborne.Kettle","Creek Chub",75,5.9,0.770852012,1.875061263,"7/17/2023","020502030105 Middle Kettle Creek"
"1694","Osborne.Kettle","Creek Chub",72,4.4,0.643452676,1.857332496,"7/17/2023","020502030105 Middle Kettle Creek"
"1695","Osborne.Kettle","Creek Chub",78,4.6,0.662757832,1.892094603,"7/17/2023","020502030105 Middle Kettle Creek"
"1696","Osborne.Kettle","Creek Chub",69,3,0.477121255,1.838849091,"7/17/2023","020502030105 Middle Kettle Creek"
"1697","PC0-SS","Tessellated Darter",41,0.5,-0.301029996,1.612783857,"6/8/2022","020503010202 Voneida Run-Pine Creek"
"1698","PC0-SS","Blacknose Dace",69,3.1,0.491361694,1.838849091,"6/8/2022","020503010202 Voneida Run-Pine Creek"
"1699","PC0-SS","Tessellated Darter",40,0.5,-0.301029996,1.602059991,"6/8/2022","020503010202 Voneida Run-Pine Creek"
"1700","PC0-SS","Longnose Dace",76,3.6,0.556302501,1.880813592,"6/8/2022","020503010202 Voneida Run-Pine Creek"
"1701","PC0-SS","Blacknose Dace",65,2.5,0.397940009,1.812913357,"6/8/2022","020503010202 Voneida Run-Pine Creek"
"1702","PC0-SS","Blacknose Dace",57,1.4,0.146128036,1.755874856,"6/8/2022","020503010202 Voneida Run-Pine Creek"
"1703","PC0-SS","Blacknose Dace",58,1.6,0.204119983,1.763427994,"6/8/2022","020503010202 Voneida Run-Pine Creek"
"1704","PC0-SS","Tessellated Darter",44,1,0,1.643452676,"6/8/2022","020503010202 Voneida Run-Pine Creek"
"1705","PC0-SS","Blacknose Dace",69,3.2,0.505149978,1.838849091,"6/8/2022","020503010202 Voneida Run-Pine Creek"
"1706","PC0-SS","Blacknose Dace",56,1.8,0.255272505,1.748188027,"6/8/2022","020503010202 Voneida Run-Pine Creek"
"1707","PC0-SS","Blacknose Dace",70,3.3,0.51851394,1.84509804,"6/8/2022","020503010202 Voneida Run-Pine Creek"
"1708","PC0-SS","Tessellated Darter",55,1.5,0.176091259,1.740362689,"6/8/2022","020503010202 Voneida Run-Pine Creek"
"1709","PC0-SS","Blacknose Dace",69,3.3,0.51851394,1.838849091,"6/8/2022","020503010202 Voneida Run-Pine Creek"
"1710","PC0-SS","Blacknose Dace",72,4.2,0.62324929,1.857332496,"6/8/2022","020503010202 Voneida Run-Pine Creek"
"1711","PC0-SS","Blacknose Dace",64,2.4,0.380211242,1.806179974,"6/8/2022","020503010202 Voneida Run-Pine Creek"
"1712","PC0-SS","Blacknose Dace",58,1.9,0.278753601,1.763427994,"6/8/2022","020503010202 Voneida Run-Pine Creek"
"1713","PC0-SS","Blacknose Dace",66,2.7,0.431363764,1.819543936,"6/8/2022","020503010202 Voneida Run-Pine Creek"
"1714","PC0-SS","Longnose Dace",44,0.6,-0.22184875,1.643452676,"6/8/2022","020503010202 Voneida Run-Pine Creek"
"1715","PC0-SS","Blacknose Dace",56,1.5,0.176091259,1.748188027,"6/8/2022","020503010202 Voneida Run-Pine Creek"
"1716","PC0-SS","Blacknose Dace",75,4,0.602059991,1.875061263,"6/8/2022","020503010202 Voneida Run-Pine Creek"
"1717","PC0-SS","Blacknose Dace",68,2.9,0.462397998,1.832508913,"6/8/2022","020503010202 Voneida Run-Pine Creek"
"1718","PC0-SS","Creek Chub",96,10.4,1.017033339,1.982271233,"6/8/2022","020503010202 Voneida Run-Pine Creek"
"1719","PC0-SS","Blacknose Dace",62,2.2,0.342422681,1.792391689,"6/8/2022","020503010202 Voneida Run-Pine Creek"
"1720","PC0-SS","Blacknose Dace",76,4.3,0.633468456,1.880813592,"6/8/2022","020503010202 Voneida Run-Pine Creek"
"1721","PC0-SS","Blacknose Dace",61,1.7,0.230448921,1.785329835,"6/8/2022","020503010202 Voneida Run-Pine Creek"
"1722","PC0-SS","Creek Chub",50,1.4,0.146128036,1.698970004,"6/8/2022","020503010202 Voneida Run-Pine Creek"
"1723","PC0-SS","Blacknose Dace",55,1.6,0.204119983,1.740362689,"6/8/2022","020503010202 Voneida Run-Pine Creek"
"1724","PC0-SS","Blacknose Dace",44,0.7,-0.15490196,1.643452676,"6/8/2022","020503010202 Voneida Run-Pine Creek"
"1725","PC0-SS","Tessellated Darter",41,0.5,-0.301029996,1.612783857,"6/8/2022","020503010202 Voneida Run-Pine Creek"
"1726","PC0-SS","Blacknose Dace",77,4.7,0.672097858,1.886490725,"6/8/2022","020503010202 Voneida Run-Pine Creek"
"1727","PC0-SS","Tessellated Darter",40,0.5,-0.301029996,1.602059991,"6/8/2022","020503010202 Voneida Run-Pine Creek"
"1728","PC0-SS","Longnose Dace",56,1.3,0.113943352,1.748188027,"6/8/2022","020503010202 Voneida Run-Pine Creek"
"1729","PC0-SS","Tessellated Darter",36,0.3,-0.522878745,1.556302501,"6/8/2022","020503010202 Voneida Run-Pine Creek"
"1730","PC0-SS","Blacknose Dace",54,1.4,0.146128036,1.73239376,"6/8/2022","020503010202 Voneida Run-Pine Creek"
"1731","PC0-SS","Creek Chub",77,4.8,0.681241237,1.886490725,"6/8/2022","020503010202 Voneida Run-Pine Creek"
"1732","PC0-SS","Blacknose Dace",57,1.8,0.255272505,1.755874856,"6/8/2022","020503010202 Voneida Run-Pine Creek"
"1733","PC0-SS","Longnose Dace",47,1.1,0.041392685,1.672097858,"6/8/2022","020503010202 Voneida Run-Pine Creek"
"1734","PC0-SS","Blacknose Dace",72,3.4,0.531478917,1.857332496,"6/8/2022","020503010202 Voneida Run-Pine Creek"
"1735","PC0-SS","Tessellated Darter",62,2.4,0.380211242,1.792391689,"6/8/2022","020503010202 Voneida Run-Pine Creek"
"1736","PC0-SS","Creek Chub",79,4.5,0.653212514,1.897627091,"6/8/2022","020503010202 Voneida Run-Pine Creek"
"1737","PC0-SS","Tessellated Darter",56,2,0.301029996,1.748188027,"6/8/2022","020503010202 Voneida Run-Pine Creek"
"1738","PC0-SS","Creek Chub",34,0.4,-0.397940009,1.531478917,"6/8/2022","020503010202 Voneida Run-Pine Creek"
"1739","PC0-SS","Blacknose Dace",75,4.1,0.612783857,1.875061263,"6/8/2022","020503010202 Voneida Run-Pine Creek"
"1740","PC0-SS","Blacknose Dace",57,1.5,0.176091259,1.755874856,"6/8/2022","020503010202 Voneida Run-Pine Creek"
"1741","PC0-SS","Blacknose Dace",37,0.4,-0.397940009,1.568201724,"6/8/2022","020503010202 Voneida Run-Pine Creek"
"1742","PC0-SS","Blacknose Dace",42,0.6,-0.22184875,1.62324929,"6/8/2022","020503010202 Voneida Run-Pine Creek"
"1743","PC0-SS","Creek Chub",86,8.3,0.919078092,1.934498451,"6/8/2022","020503010202 Voneida Run-Pine Creek"
"1744","PC0-SS","Blacknose Dace",56,1.7,0.230448921,1.748188027,"6/8/2022","020503010202 Voneida Run-Pine Creek"
"1745","PC0-SS","Blacknose Dace",69,3,0.477121255,1.838849091,"6/8/2022","020503010202 Voneida Run-Pine Creek"
"1746","PK0-BP","Longnose Dace",56,1.3,0.113943352,1.748188027,"6/16/2025","020502060504 Plunketts Creek"
"1747","PK0-BP","Blacknose Dace",44,0.7,-0.15490196,1.643452676,"6/16/2025","020502060504 Plunketts Creek"
"1748","PK0-BP","Creek Chub",53,1.41,0.149219113,1.72427587,"6/16/2025","020502060504 Plunketts Creek"
"1749","PK0-BP","Longnose Dace",83,5.4,0.73239376,1.919078092,"6/16/2025","020502060504 Plunketts Creek"
"1750","PK0-BP","Longnose Dace",98,10.66,1.027757205,1.991226076,"6/16/2025","020502060504 Plunketts Creek"
"1751","PK0-BP","Creek Chub",50,1.37,0.136720567,1.698970004,"6/16/2025","020502060504 Plunketts Creek"
"1752","PK0-BP","Longnose Dace",67,2.36,0.372912003,1.826074803,"6/16/2025","020502060504 Plunketts Creek"
"1753","PK0-BP","Longnose Dace",56,1.48,0.170261715,1.748188027,"6/16/2025","020502060504 Plunketts Creek"
"1754","PK0-BP","Blacknose Dace",62,2.19,0.340444115,1.792391689,"6/16/2025","020502060504 Plunketts Creek"
"1755","PK0-BP","Blacknose Dace",33,0.27,-0.568636236,1.51851394,"6/16/2025","020502060504 Plunketts Creek"
"1756","PK0-BP","Blacknose Dace",56,1.66,0.220108088,1.748188027,"6/16/2025","020502060504 Plunketts Creek"
"1757","PK0-BP","Longnose Dace",78,4.78,0.679427897,1.892094603,"6/16/2025","020502060504 Plunketts Creek"
"1758","PK0-BP","Longnose Dace",55,1.28,0.10720997,1.740362689,"6/16/2025","020502060504 Plunketts Creek"
"1759","PK0-BP","Creek Chub",74,4.68,0.670245853,1.86923172,"6/16/2025","020502060504 Plunketts Creek"
"1760","PK0-BP","Creek Chub",52,1.4,0.146128036,1.716003344,"6/16/2025","020502060504 Plunketts Creek"
"1761","PK0-BP","Creek Chub",72,4.29,0.632457292,1.857332496,"6/16/2025","020502060504 Plunketts Creek"
"1762","PK0-BP","Blacknose Dace",54,1.26,0.100370545,1.73239376,"6/16/2025","020502060504 Plunketts Creek"
"1763","PK0-BP","Creek Chub",54,1.72,0.235528447,1.73239376,"6/16/2025","020502060504 Plunketts Creek"
"1764","PK0-BP","Creek Chub",58,1.92,0.283301229,1.763427994,"6/16/2025","020502060504 Plunketts Creek"
"1765","PK0-BP","Creek Chub",48,1.09,0.037426498,1.681241237,"6/16/2025","020502060504 Plunketts Creek"
"1766","PK0-BP","Blacknose Dace",55,1.6,0.204119983,1.740362689,"6/16/2025","020502060504 Plunketts Creek"
"1767","PK0-BP","Creek Chub",81,6.24,0.79518459,1.908485019,"6/16/2025","020502060504 Plunketts Creek"
"1768","PK0-BP","Blacknose Dace",35,0.4,-0.397940009,1.544068044,"6/16/2025","020502060504 Plunketts Creek"
"1769","PK0-BP","Longnose Dace",51,1.2,0.079181246,1.707570176,"6/16/2025","020502060504 Plunketts Creek"
"1770","PK0-BP","Blacknose Dace",38,0.5,-0.301029996,1.579783597,"6/16/2025","020502060504 Plunketts Creek"
"1771","PK0-BP","Creek Chub",64,2.62,0.418301291,1.806179974,"6/16/2025","020502060504 Plunketts Creek"
"1772","PK0-BP","Longnose Dace",93,7,0.84509804,1.968482949,"6/16/2025","020502060504 Plunketts Creek"
"1773","PK0-BP","Longnose Dace",74,4.5,0.653212514,1.86923172,"6/16/2025","020502060504 Plunketts Creek"
"1774","PK0-BP","Longnose Dace",55,1.21,0.08278537,1.740362689,"6/16/2025","020502060504 Plunketts Creek"
"1775","PK0-BP","Creek Chub",47,1.09,0.037426498,1.672097858,"6/16/2025","020502060504 Plunketts Creek"
"1776","PK0-BP","Creek Chub",101,10.56,1.023663918,2.004321374,"6/16/2025","020502060504 Plunketts Creek"
"1777","PK0-BP","Creek Chub",74,4.2,0.62324929,1.86923172,"6/16/2025","020502060504 Plunketts Creek"
"1778","PK0-BP","Blacknose Dace",61,2.19,0.340444115,1.785329835,"6/16/2025","020502060504 Plunketts Creek"
"1779","PK0-BP","Creek Chub",105,12.03,1.080265627,2.021189299,"6/16/2025","020502060504 Plunketts Creek"
"1780","PK0-BP","Blacknose Dace",47,0.97,-0.013228266,1.672097858,"6/16/2025","020502060504 Plunketts Creek"
"1781","PK0-BP","Blacknose Dace",46,0.9,-0.045757491,1.662757832,"6/16/2025","020502060504 Plunketts Creek"
"1782","PK0-BP","Blacknose Dace",45,0.82,-0.086186148,1.653212514,"6/16/2025","020502060504 Plunketts Creek"
"1783","PK0-BP","Creek Chub",63,2.73,0.436162647,1.799340549,"6/16/2025","020502060504 Plunketts Creek"
"1784","PK0-BP","Longnose Dace",50,0.95,-0.022276395,1.698970004,"6/16/2025","020502060504 Plunketts Creek"
"1785","PK0-BP","Longnose Dace",88,5.1,0.707570176,1.944482672,"6/16/2025","020502060504 Plunketts Creek"
"1786","PK0-BP","Longnose Dace",105,10.67,1.028164419,2.021189299,"6/16/2025","020502060504 Plunketts Creek"
"1787","PK0-BP","Blacknose Dace",34,0.3,-0.522878745,1.531478917,"6/16/2025","020502060504 Plunketts Creek"
"1788","PK0-BP","Creek Chub",69,3.82,0.582063363,1.838849091,"6/16/2025","020502060504 Plunketts Creek"
"1789","PK0-BP","Blacknose Dace",44,0.7,-0.15490196,1.643452676,"6/16/2025","020502060504 Plunketts Creek"
"1790","PK0-BP","Creek Chub",57,1.84,0.264817823,1.755874856,"6/16/2025","020502060504 Plunketts Creek"
"1791","PK0-BP","Longnose Dace",84,5.75,0.759667845,1.924279286,"6/16/2025","020502060504 Plunketts Creek"
"1792","PK0-BP","Blacknose Dace",76,3.9,0.591064607,1.880813592,"6/16/2025","020502060504 Plunketts Creek"
"1793","PK0-BP","Creek Chub",104,11.83,1.072984745,2.017033339,"6/16/2025","020502060504 Plunketts Creek"
"1794","PK0-BP","Longnose Dace",44,0.86,-0.065501549,1.643452676,"6/16/2025","020502060504 Plunketts Creek"
"1795","PK0-BP","Blacknose Dace",56,1.59,0.201397124,1.748188027,"6/16/2025","020502060504 Plunketts Creek"
"1796","PK0-BP","Creek Chub",58,2.38,0.376576957,1.763427994,"6/16/2025","020502060504 Plunketts Creek"
"1797","PK0-BP","Longnose Dace",58,1.68,0.225309282,1.763427994,"6/16/2025","020502060504 Plunketts Creek"
"1798","PK0-BP","Creek Chub",58,1.96,0.292256071,1.763427994,"6/16/2025","020502060504 Plunketts Creek"
"1799","PK0-BP","Longnose Dace",90,7.7,0.886490725,1.954242509,"6/16/2025","020502060504 Plunketts Creek"
"1800","PK0-BP","Creek Chub",60,2.18,0.338456494,1.77815125,"6/16/2025","020502060504 Plunketts Creek"
"1801","PK0-BP","Blacknose Dace",41,0.64,-0.193820026,1.612783857,"6/16/2025","020502060504 Plunketts Creek"
"1802","PK0-BP","Blacknose Dace",43,0.74,-0.13076828,1.633468456,"6/16/2025","020502060504 Plunketts Creek"
"1803","PK0-BP","Creek Chub",63,2.37,0.374748346,1.799340549,"6/16/2025","020502060504 Plunketts Creek"
"1804","PK0-BP","Creek Chub",56,1.83,0.26245109,1.748188027,"6/16/2025","020502060504 Plunketts Creek"
"1805","PK0-BP","Blacknose Dace",43,0.7,-0.15490196,1.633468456,"6/16/2025","020502060504 Plunketts Creek"
"1806","PK0-BP","Blacknose Dace",47,0.9,-0.045757491,1.672097858,"6/16/2025","020502060504 Plunketts Creek"
"1807","PK0-BP","Blacknose Dace",42,0.6,-0.22184875,1.62324929,"6/16/2025","020502060504 Plunketts Creek"
"1808","PK0-BP","Longnose Dace",55,1.57,0.195899652,1.740362689,"6/16/2025","020502060504 Plunketts Creek"
"1809","PK0-BP","Creek Chub",52,1.42,0.152288344,1.716003344,"6/16/2025","020502060504 Plunketts Creek"
"1810","PK0-BP","Longnose Dace",57,1.48,0.170261715,1.755874856,"6/16/2025","020502060504 Plunketts Creek"
"1811","PK0-BP","Longnose Dace",60,1.93,0.285557309,1.77815125,"6/16/2025","020502060504 Plunketts Creek"
"1812","PK0-BP","Longnose Dace",52,1.16,0.064457989,1.716003344,"6/16/2025","020502060504 Plunketts Creek"
"1813","PK0-BP","Blacknose Dace",43,0.63,-0.200659451,1.633468456,"6/16/2025","020502060504 Plunketts Creek"
"1814","PK0-BP","Longnose Dace",57,1.47,0.167317335,1.755874856,"6/16/2025","020502060504 Plunketts Creek"
"1815","PK0-BP","Blacknose Dace",46,0.9,-0.045757491,1.662757832,"6/16/2025","020502060504 Plunketts Creek"
"1816","PK0-BP","Creek Chub",58,1.99,0.298853076,1.763427994,"6/16/2025","020502060504 Plunketts Creek"
"1817","PK0-BP","Creek Chub",104,12.23,1.087426457,2.017033339,"6/16/2025","020502060504 Plunketts Creek"
"1818","PK0-BP","Creek Chub",61,2.47,0.392696953,1.785329835,"6/16/2025","020502060504 Plunketts Creek"
"1819","PK0-BP","Blacknose Dace",47,0.9,-0.045757491,1.672097858,"6/16/2025","020502060504 Plunketts Creek"
"1820","PK0-BP","Creek Chub",47,0.99,-0.004364805,1.672097858,"6/16/2025","020502060504 Plunketts Creek"
"1821","PK0-BP","Blacknose Dace",49,0.88,-0.055517328,1.69019608,"6/16/2025","020502060504 Plunketts Creek"
"1822","PK0-BP","Creek Chub",57,1.93,0.285557309,1.755874856,"6/16/2025","020502060504 Plunketts Creek"
"1823","PK0-BP","Longnose Dace",92,6.75,0.829303773,1.963787827,"6/16/2025","020502060504 Plunketts Creek"
"1824","PK0-BP","Creek Chub",50,1.19,0.075546961,1.698970004,"6/16/2025","020502060504 Plunketts Creek"
"1825","PK0-BP","Longnose Dace",53,1.13,0.053078443,1.72427587,"6/16/2025","020502060504 Plunketts Creek"
"1826","PK0-BP","Longnose Dace",81,5.61,0.748962861,1.908485019,"6/16/2025","020502060504 Plunketts Creek"
"1827","PK0-BP","Longnose Dace",57,1.36,0.133538908,1.755874856,"6/16/2025","020502060504 Plunketts Creek"
"1828","PK0-BP","Blacknose Dace",43,0.65,-0.187086643,1.633468456,"6/16/2025","020502060504 Plunketts Creek"
"1829","PK0-BP","Longnose Dace",51,1.23,0.089905111,1.707570176,"6/16/2025","020502060504 Plunketts Creek"
"1830","PK0-BP","Longnose Dace",61,2.06,0.31386722,1.785329835,"6/16/2025","020502060504 Plunketts Creek"
"1831","PK0-BP","Blacknose Dace",44,0.7,-0.15490196,1.643452676,"6/16/2025","020502060504 Plunketts Creek"
"1832","PK0-BP","Blacknose Dace",41,0.56,-0.251811973,1.612783857,"6/16/2025","020502060504 Plunketts Creek"
"1833","PK0-BP","Longnose Dace",63,1.92,0.283301229,1.799340549,"6/16/2025","020502060504 Plunketts Creek"
"1834","PK0-BP","Blacknose Dace",47,0.96,-0.017728767,1.672097858,"6/16/2025","020502060504 Plunketts Creek"
"1835","PK0-BP","Blacknose Dace",47,0.8,-0.096910013,1.672097858,"6/16/2025","020502060504 Plunketts Creek"
"1836","PK0-BP","Creek Chub",43,0.86,-0.065501549,1.633468456,"6/25/2024","020502060504 Plunketts Creek"
"1837","PK0-BP","Longnose Dace",76,3.66,0.563481085,1.880813592,"6/25/2024","020502060504 Plunketts Creek"
"1838","PK0-BP","Longnose Dace",86,6.84,0.835056102,1.934498451,"6/25/2024","020502060504 Plunketts Creek"
"1839","PK0-BP","Longnose Dace",54,1.32,0.120573931,1.73239376,"6/25/2024","020502060504 Plunketts Creek"
"1840","PK0-BP","Blacknose Dace",46,0.8,-0.096910013,1.662757832,"6/25/2024","020502060504 Plunketts Creek"
"1841","PK0-BP","Blacknose Dace",41,0.54,-0.26760624,1.612783857,"6/25/2024","020502060504 Plunketts Creek"
"1842","PK0-BP","Creek Chub",65,2.99,0.475671188,1.812913357,"6/25/2024","020502060504 Plunketts Creek"
"1843","PK0-BP","Blacknose Dace",65,2.35,0.371067862,1.812913357,"6/25/2024","020502060504 Plunketts Creek"
"1844","PK0-BP","Blacknose Dace",44,0.68,-0.167491087,1.643452676,"6/25/2024","020502060504 Plunketts Creek"
"1845","PK0-BP","Creek Chub",61,2.35,0.371067862,1.785329835,"6/25/2024","020502060504 Plunketts Creek"
"1846","PK0-BP","Longnose Dace",72,3.26,0.5132176,1.857332496,"6/25/2024","020502060504 Plunketts Creek"
"1847","PK0-BP","Creek Chub",97,9.99,0.999565488,1.986771734,"6/25/2024","020502060504 Plunketts Creek"
"1848","PK0-BP","Blacknose Dace",40,0.61,-0.214670165,1.602059991,"6/25/2024","020502060504 Plunketts Creek"
"1849","PK0-BP","Blacknose Dace",52,1.3,0.113943352,1.716003344,"6/25/2024","020502060504 Plunketts Creek"
"1850","PK0-BP","Blacknose Dace",70,2.99,0.475671188,1.84509804,"6/25/2024","020502060504 Plunketts Creek"
"1851","PK0-BP","Creek Chub",64,2.64,0.421603927,1.806179974,"6/25/2024","020502060504 Plunketts Creek"
"1852","PK0-BP","Blacknose Dace",61,2.07,0.315970345,1.785329835,"6/25/2024","020502060504 Plunketts Creek"
"1853","PK0-BP","Blacknose Dace",74,3.59,0.555094449,1.86923172,"6/25/2024","020502060504 Plunketts Creek"
"1854","PK0-BP","Creek Chub",41,0.5,-0.301029996,1.612783857,"6/13/2023","020502060504 Plunketts Creek"
"1855","PK0-BP","Creek Chub",63,2.8,0.447158031,1.799340549,"6/13/2023","020502060504 Plunketts Creek"
"1856","PK0-BP","Creek Chub",70,3.1,0.491361694,1.84509804,"6/13/2023","020502060504 Plunketts Creek"
"1857","PK0-BP","Blacknose Dace",66,2.3,0.361727836,1.819543936,"6/13/2023","020502060504 Plunketts Creek"
"1858","PK0-BP","Longnose Dace",51,1,0,1.707570176,"6/13/2023","020502060504 Plunketts Creek"
"1859","PK0-BP","Blacknose Dace",59,1.6,0.204119983,1.770852012,"6/13/2023","020502060504 Plunketts Creek"
"1860","PK0-BP","Longnose Dace",51,0.9,-0.045757491,1.707570176,"6/13/2023","020502060504 Plunketts Creek"
"1861","PK0-BP","Longnose Dace",54,1.4,0.146128036,1.73239376,"6/13/2023","020502060504 Plunketts Creek"
"1862","PK0-BP","Longnose Dace",70,2.6,0.414973348,1.84509804,"6/13/2023","020502060504 Plunketts Creek"
"1863","PK0-BP","Creek Chub",44,0.8,-0.096910013,1.643452676,"6/13/2023","020502060504 Plunketts Creek"
"1864","PK0-BP","Longnose Dace",67,2.34,0.369215857,1.826074803,"6/13/2023","020502060504 Plunketts Creek"
"1865","PK0-BP","Blacknose Dace",63,2.2,0.342422681,1.799340549,"6/13/2023","020502060504 Plunketts Creek"
"1866","PK0-BP","Blacknose Dace",60,2,0.301029996,1.77815125,"6/13/2023","020502060504 Plunketts Creek"
"1867","PK0-BP","Longnose Dace",65,2.2,0.342422681,1.812913357,"6/13/2023","020502060504 Plunketts Creek"
"1868","PK0-BP","Creek Chub",40,0.6,-0.22184875,1.602059991,"6/13/2023","020502060504 Plunketts Creek"
"1869","PK0-BP","Longnose Dace",71,2.7,0.431363764,1.851258349,"6/13/2023","020502060504 Plunketts Creek"
"1870","PK0-BP","Creek Chub",59,2.1,0.322219295,1.770852012,"6/13/2023","020502060504 Plunketts Creek"
"1871","PK0-BP","Creek Chub",42,0.7,-0.15490196,1.62324929,"6/13/2023","020502060504 Plunketts Creek"
"1872","PK0-BP","Longnose Dace",65,2.3,0.361727836,1.812913357,"6/13/2023","020502060504 Plunketts Creek"
"1873","PK0-BP","Creek Chub",92,8.5,0.929418926,1.963787827,"6/13/2023","020502060504 Plunketts Creek"
"1874","PK0-BP","Blacknose Dace",66,2.5,0.397940009,1.819543936,"6/13/2023","020502060504 Plunketts Creek"
"1875","PK0-BP","Creek Chub",43,0.7,-0.15490196,1.633468456,"6/13/2023","020502060504 Plunketts Creek"
"1876","PK0-BP","Blacknose Dace",64,2.2,0.342422681,1.806179974,"6/13/2023","020502060504 Plunketts Creek"
"1877","PK0-BP","Blacknose Dace",77,4.4,0.643452676,1.886490725,"6/13/2023","020502060504 Plunketts Creek"
"1878","PK0-BP","Creek Chub",37,0.5,-0.301029996,1.568201724,"6/13/2023","020502060504 Plunketts Creek"
"1879","PK0-BP","Blacknose Dace",58,2,0.301029996,1.763427994,"6/13/2023","020502060504 Plunketts Creek"
"1880","PK0-BP","Blacknose Dace",60,1.9,0.278753601,1.77815125,"6/13/2023","020502060504 Plunketts Creek"
"1881","PK0-BP","Longnose Dace",71,2.9,0.462397998,1.851258349,"6/13/2023","020502060504 Plunketts Creek"
"1882","PK0-BP","Creek Chub",40,0.5,-0.301029996,1.602059991,"6/13/2023","020502060504 Plunketts Creek"
"1883","PK0-BP","Longnose Dace",72,2.9,0.462397998,1.857332496,"6/13/2023","020502060504 Plunketts Creek"
"1884","PK0-BP","Longnose Dace",75,3.1,0.491361694,1.875061263,"6/13/2023","020502060504 Plunketts Creek"
"1885","PK0-BP","Blacknose Dace",57,1.6,0.204119983,1.755874856,"6/13/2023","020502060504 Plunketts Creek"
"1886","PK0-BP","Longnose Dace",68,2.7,0.431363764,1.832508913,"6/13/2023","020502060504 Plunketts Creek"
"1887","PK0-BP","Blacknose Dace",57,1.6,0.204119983,1.755874856,"6/13/2023","020502060504 Plunketts Creek"
"1888","PK0-BP","Creek Chub",42,0.7,-0.15490196,1.62324929,"6/13/2023","020502060504 Plunketts Creek"
"1889","PK0-BP","Blacknose Dace",71,2.8,0.447158031,1.851258349,"6/13/2023","020502060504 Plunketts Creek"
"1890","PK0-BP","Longnose Dace",44,0.6,-0.22184875,1.643452676,"6/13/2023","020502060504 Plunketts Creek"
"1891","PK0-BP","Creek Chub",54,1.7,0.230448921,1.73239376,"6/13/2023","020502060504 Plunketts Creek"
"1892","PK0-BP","Blacknose Dace",64,2.2,0.342422681,1.806179974,"6/13/2023","020502060504 Plunketts Creek"
"1893","PK0-BP","Creek Chub",62,2.6,0.414973348,1.792391689,"6/13/2023","020502060504 Plunketts Creek"
"1894","PK0-BP","Blacknose Dace",47,0.8,-0.096910013,1.672097858,"6/13/2023","020502060504 Plunketts Creek"
"1895","PK0-BP","Longnose Dace",96,8.5,0.929418926,1.982271233,"6/13/2023","020502060504 Plunketts Creek"
"1896","PK0-BP","Blacknose Dace",68,2.7,0.431363764,1.832508913,"6/13/2023","020502060504 Plunketts Creek"
"1897","PK0-BP","Blacknose Dace",64,2.3,0.361727836,1.806179974,"6/13/2023","020502060504 Plunketts Creek"
"1898","PK0-BP","Creek Chub",43,0.8,-0.096910013,1.633468456,"6/13/2023","020502060504 Plunketts Creek"
"1899","PK0-BP","Blacknose Dace",57,1.8,0.255272505,1.755874856,"6/13/2023","020502060504 Plunketts Creek"
"1900","PK0-BP","Blacknose Dace",55,1.5,0.176091259,1.740362689,"6/13/2023","020502060504 Plunketts Creek"
"1901","PK0-BP","Longnose Dace",59,1.3,0.113943352,1.770852012,"6/13/2023","020502060504 Plunketts Creek"
"1902","PK0-BP","Longnose Dace",65,2.1,0.322219295,1.812913357,"6/13/2023","020502060504 Plunketts Creek"
"1903","PK0-BP","Blacknose Dace",73,3.6,0.556302501,1.86332286,"6/13/2023","020502060504 Plunketts Creek"
"1904","PK0-BP","Creek Chub",56,1.6,0.204119983,1.748188027,"6/13/2023","020502060504 Plunketts Creek"
"1905","PK0-BP","Longnose Dace",67,2.5,0.397940009,1.826074803,"6/13/2023","020502060504 Plunketts Creek"
"1906","PK0-BP","Longnose Dace",66,2.4,0.380211242,1.819543936,"6/13/2023","020502060504 Plunketts Creek"
"1907","PK0-BP","Blacknose Dace",59,1.6,0.204119983,1.770852012,"6/13/2023","020502060504 Plunketts Creek"
"1908","PK0-BP","Longnose Dace",87,5.9,0.770852012,1.939519253,"6/13/2023","020502060504 Plunketts Creek"
"1909","PK0-BP","Creek Chub",109,14.2,1.152288344,2.037426498,"6/13/2023","020502060504 Plunketts Creek"
"1910","PK0-BP","Blacknose Dace",78,3.7,0.568201724,1.892094603,"6/13/2023","020502060504 Plunketts Creek"
"1911","PK0-BP","Creek Chub",54,1.4,0.146128036,1.73239376,"6/13/2023","020502060504 Plunketts Creek"
"1912","PK0-BP","Creek Chub",68,3.3,0.51851394,1.832508913,"6/13/2023","020502060504 Plunketts Creek"
"1913","PK0-BP","Longnose Dace",70,2.6,0.414973348,1.84509804,"6/13/2023","020502060504 Plunketts Creek"
"1914","PK0-BP","Creek Chub",65,2.8,0.447158031,1.812913357,"6/13/2023","020502060504 Plunketts Creek"
"1915","PK0-BP","Longnose Dace",75,3.51,0.545307116,1.875061263,"6/25/2024","020502060504 Plunketts Creek"
"1916","PK0-BP","Blacknose Dace",63,2.37,0.374748346,1.799340549,"6/25/2024","020502060504 Plunketts Creek"
"1917","PK0-BP","Creek Chub",53,1.61,0.206825876,1.72427587,"6/25/2024","020502060504 Plunketts Creek"
"1918","PK0-BP","Longnose Dace",85,5.32,0.725911632,1.929418926,"6/25/2024","020502060504 Plunketts Creek"
"1919","PK0-BP","Blacknose Dace",61,2.89,0.460897843,1.785329835,"6/25/2024","020502060504 Plunketts Creek"
"1920","PK0-BP","Creek Chub",62,2.68,0.428134794,1.792391689,"6/25/2024","020502060504 Plunketts Creek"
"1921","PK0-BP","Longnose Dace",86,5.54,0.743509765,1.934498451,"6/25/2024","020502060504 Plunketts Creek"
"1922","PK0-BP","Blacknose Dace",47,0.95,-0.022276395,1.672097858,"6/25/2024","020502060504 Plunketts Creek"
"1923","PK0-BP","Longnose Dace",90,6.92,0.840106094,1.954242509,"6/25/2024","020502060504 Plunketts Creek"
"1924","PK0-BP","Longnose Dace",87,6.18,0.790988475,1.939519253,"6/25/2024","020502060504 Plunketts Creek"
"1925","PK0-BP","Blacknose Dace",51,1.78,0.250420002,1.707570176,"6/25/2024","020502060504 Plunketts Creek"
"1926","PK0-BP","Blacknose Dace",44,0.75,-0.124938737,1.643452676,"6/25/2024","020502060504 Plunketts Creek"
"1927","PK0-BP","Blacknose Dace",76,4.43,0.646403726,1.880813592,"6/25/2024","020502060504 Plunketts Creek"
"1928","PK0-BP","Blacknose Dace",52,1.12,0.049218023,1.716003344,"6/25/2024","020502060504 Plunketts Creek"
"1929","PK0-BP","Creek Chub",63,2.5,0.397940009,1.799340549,"6/25/2024","020502060504 Plunketts Creek"
"1930","PK0-BP","Longnose Dace",76,4.38,0.641474111,1.880813592,"6/25/2024","020502060504 Plunketts Creek"
"1931","PK0-BP","Longnose Dace",79,4.56,0.658964843,1.897627091,"6/25/2024","020502060504 Plunketts Creek"
"1932","PK0-BP","Creek Chub",70,3.67,0.564666064,1.84509804,"6/25/2024","020502060504 Plunketts Creek"
"1933","PK0-BP","Blacknose Dace",48,0.96,-0.017728767,1.681241237,"6/25/2024","020502060504 Plunketts Creek"
"1934","PK0-BP","Longnose Dace",67,2.53,0.403120521,1.826074803,"6/25/2024","020502060504 Plunketts Creek"
"1935","PK0-BP","Longnose Dace",95,7.72,0.8876173,1.977723605,"6/25/2024","020502060504 Plunketts Creek"
"1936","PK0-BP","Creek Chub",59,3.02,0.480006943,1.770852012,"6/25/2024","020502060504 Plunketts Creek"
"1937","PK0-BP","Longnose Dace",64,2.07,0.315970345,1.806179974,"6/25/2024","020502060504 Plunketts Creek"
"1938","PK0-BP","Longnose Dace",69,2.79,0.445604203,1.838849091,"6/25/2024","020502060504 Plunketts Creek"
"1939","PK0-BP","Blacknose Dace",41,0.54,-0.26760624,1.612783857,"6/25/2024","020502060504 Plunketts Creek"
"1940","PK0-BP","Creek Chub",53,2.1,0.322219295,1.72427587,"6/25/2024","020502060504 Plunketts Creek"
"1941","PK0-BP","Creek Chub",79,5.16,0.712649702,1.897627091,"6/25/2024","020502060504 Plunketts Creek"
"1942","PK0-BP","Blacknose Dace",65,2.65,0.423245874,1.812913357,"6/25/2024","020502060504 Plunketts Creek"
"1943","PK0-BP","Longnose Dace",74,3.43,0.53529412,1.86923172,"6/25/2024","020502060504 Plunketts Creek"
"1944","PK0-BP","Creek Chub",85,5.87,0.768638101,1.929418926,"6/25/2024","020502060504 Plunketts Creek"
"1945","PK0-BP","Creek Chub",62,2.32,0.365487985,1.792391689,"6/25/2024","020502060504 Plunketts Creek"
"1946","PK0-BP","Blacknose Dace",52,1.14,0.056904851,1.716003344,"6/25/2024","020502060504 Plunketts Creek"
"1947","PK0-BP","Blacknose Dace",61,2.31,0.36361198,1.785329835,"6/25/2024","020502060504 Plunketts Creek"
"1948","PK0-BP","Longnose Dace",68,2.53,0.403120521,1.832508913,"6/25/2024","020502060504 Plunketts Creek"
"1949","PK0-BP","Longnose Dace",75,3.48,0.541579244,1.875061263,"6/25/2024","020502060504 Plunketts Creek"
"1950","PK0-BP","Blacknose Dace",76,4.31,0.63447727,1.880813592,"6/25/2024","020502060504 Plunketts Creek"
"1951","PK0-BP","Creek Chub",61,3.39,0.530199698,1.785329835,"6/25/2024","020502060504 Plunketts Creek"
"1952","PK0-BP","Longnose Dace",72,3.2,0.505149978,1.857332496,"6/25/2024","020502060504 Plunketts Creek"
"1953","PK0-BP","Creek Chub",52,1.36,0.133538908,1.716003344,"6/25/2024","020502060504 Plunketts Creek"
"1954","PK0-BP","Longnose Dace",86,5.4,0.73239376,1.934498451,"6/25/2024","020502060504 Plunketts Creek"
"1955","PK0-BP","Creek Chub",70,3.73,0.571708832,1.84509804,"6/25/2024","020502060504 Plunketts Creek"
"1956","PK0-BP","Blacknose Dace",60,2.17,0.336459734,1.77815125,"6/25/2024","020502060504 Plunketts Creek"
"1957","PK0-BP","Blacknose Dace",46,0.77,-0.113509275,1.662757832,"6/25/2024","020502060504 Plunketts Creek"
"1958","PK0-BP","Creek Chub",61,2.3,0.361727836,1.785329835,"6/25/2024","020502060504 Plunketts Creek"
"1959","PK0-BP","Creek Chub",62,2.34,0.369215857,1.792391689,"6/25/2024","020502060504 Plunketts Creek"
"1960","PK0-BP","Creek Chub",54,1.65,0.217483944,1.73239376,"6/25/2024","020502060504 Plunketts Creek"
"1961","PK0-BP","Creek Chub",55,1.66,0.220108088,1.740362689,"6/25/2024","020502060504 Plunketts Creek"
"1962","PK0-BP","Blacknose Dace",55,1.56,0.193124598,1.740362689,"6/25/2024","020502060504 Plunketts Creek"
"1963","PK0-BP","Longnose Dace",89,6.24,0.79518459,1.949390007,"6/25/2024","020502060504 Plunketts Creek"
"1964","PK0-BP","Creek Chub",63,2,0.301029996,1.799340549,"6/25/2024","020502060504 Plunketts Creek"
"1965","PK0-BP","Creek Chub",66,2.33,0.367355921,1.819543936,"6/25/2024","020502060504 Plunketts Creek"
"1966","PK0-BP","Creek Chub",53,1.69,0.227886705,1.72427587,"6/25/2024","020502060504 Plunketts Creek"
"1967","PK0-BP","Longnose Dace",66,2.36,0.372912003,1.819543936,"6/25/2024","020502060504 Plunketts Creek"
"1968","PK0-BP","Creek Chub",55,1.3,0.113943352,1.740362689,"6/13/2023","020502060504 Plunketts Creek"
"1969","PK0-BP","Creek Chub",50,1.2,0.079181246,1.698970004,"6/13/2023","020502060504 Plunketts Creek"
"1970","PK0-BP","Longnose Dace",106,10.3,1.012837225,2.025305865,"6/13/2023","020502060504 Plunketts Creek"
"1971","PK0-BP","Creek Chub",48,1.2,0.079181246,1.681241237,"6/13/2023","020502060504 Plunketts Creek"
"1972","PK0-BP","Longnose Dace",72,2.9,0.462397998,1.857332496,"6/13/2023","020502060504 Plunketts Creek"
"1973","PK0-BP","Longnose Dace",52,0.8,-0.096910013,1.716003344,"6/13/2023","020502060504 Plunketts Creek"
"1974","PK0-BP","Creek Chub",61,2.3,0.361727836,1.785329835,"6/13/2023","020502060504 Plunketts Creek"
"1975","PK0-BP","Longnose Dace",68,2.5,0.397940009,1.832508913,"6/13/2023","020502060504 Plunketts Creek"
"1976","PK0-BP","Blacknose Dace",67,2.4,0.380211242,1.826074803,"6/13/2023","020502060504 Plunketts Creek"
"1977","PK0-BP","Creek Chub",48,1.2,0.079181246,1.681241237,"6/13/2023","020502060504 Plunketts Creek"
"1978","PK0-BP","Blacknose Dace",56,1.5,0.176091259,1.748188027,"6/13/2023","020502060504 Plunketts Creek"
"1979","PK0-BP","Creek Chub",90,7.56,0.878521796,1.954242509,"6/25/2024","020502060504 Plunketts Creek"
"1980","PK0-BP","Creek Chub",52,1.46,0.164352856,1.716003344,"6/25/2024","020502060504 Plunketts Creek"
"1981","PK0-BP","Blacknose Dace",64,2.69,0.42975228,1.806179974,"6/25/2024","020502060504 Plunketts Creek"
"1982","PK0-BP","Creek Chub",91,8.23,0.915399835,1.959041392,"6/25/2024","020502060504 Plunketts Creek"
"1983","PK0-BP","Longnose Dace",82,4.12,0.614897216,1.913813852,"6/25/2024","020502060504 Plunketts Creek"
"1984","PK0-BP","Longnose Dace",64,1.29,0.11058971,1.806179974,"6/25/2024","020502060504 Plunketts Creek"
"1985","PK0-BP","Creek Chub",64,2.26,0.354108439,1.806179974,"6/25/2024","020502060504 Plunketts Creek"
"1986","PK0-BP","Longnose Dace",98,8.85,0.946943271,1.991226076,"6/25/2024","020502060504 Plunketts Creek"
"1987","PK0-BP","Longnose Dace",74,3.3,0.51851394,1.86923172,"6/13/2023","020502060504 Plunketts Creek"
"1988","PK0-BP","Creek Chub",42,0.7,-0.15490196,1.62324929,"6/13/2023","020502060504 Plunketts Creek"
"1989","PK0-BP","Blacknose Dace",60,1.7,0.230448921,1.77815125,"6/13/2023","020502060504 Plunketts Creek"
"1990","PK0-BP","Creek Chub",30,0.2,-0.698970004,1.477121255,"6/13/2023","020502060504 Plunketts Creek"
"1991","PK0-BP","Blacknose Dace",59,1.7,0.230448921,1.770852012,"6/13/2023","020502060504 Plunketts Creek"
"1992","PK0-BP","Blacknose Dace",53,1.3,0.113943352,1.72427587,"6/13/2023","020502060504 Plunketts Creek"
"1993","PK0-BP","Blacknose Dace",33,0.3,-0.522878745,1.51851394,"6/13/2023","020502060504 Plunketts Creek"
"1994","PK0-BP","Blacknose Dace",51,0.9,-0.045757491,1.707570176,"6/13/2023","020502060504 Plunketts Creek"
"1995","PK0-BP","Longnose Dace",71,2.6,0.414973348,1.851258349,"6/13/2023","020502060504 Plunketts Creek"
"1996","PK0-BP","Blacknose Dace",60,2,0.301029996,1.77815125,"6/13/2023","020502060504 Plunketts Creek"
"1997","PK0-BP","Longnose Dace",110,11.8,1.071882007,2.041392685,"6/13/2023","020502060504 Plunketts Creek"
"1998","PK0-BP","Creek Chub",63,2.7,0.431363764,1.799340549,"6/13/2023","020502060504 Plunketts Creek"
"1999","PK0-BP","Longnose Dace",51,1.1,0.041392685,1.707570176,"6/13/2023","020502060504 Plunketts Creek"
"2000","PK0-BP","Creek Chub",37,0.5,-0.301029996,1.568201724,"6/13/2023","020502060504 Plunketts Creek"
"2001","PK0-BP","Longnose Dace",66,2.1,0.322219295,1.819543936,"6/13/2023","020502060504 Plunketts Creek"
"2002","PK0-BP","Blacknose Dace",57,1.5,0.176091259,1.755874856,"6/13/2023","020502060504 Plunketts Creek"
"2003","PK0-BP","Longnose Dace",68,2.4,0.380211242,1.832508913,"6/13/2023","020502060504 Plunketts Creek"
"2004","PK0-BP","Creek Chub",72,4.2,0.62324929,1.857332496,"6/13/2023","020502060504 Plunketts Creek"
"2005","PK0-BP","Blacknose Dace",69,3.17,0.501059262,1.838849091,"6/25/2024","020502060504 Plunketts Creek"
"2006","PK0-BP","Creek Chub",65,2.77,0.442479769,1.812913357,"6/25/2024","020502060504 Plunketts Creek"
"2007","PK0-BP","Longnose Dace",82,4.65,0.667452953,1.913813852,"6/25/2024","020502060504 Plunketts Creek"
"2008","PK0-BP","Blacknose Dace",49,0.97,-0.013228266,1.69019608,"6/25/2024","020502060504 Plunketts Creek"
"2009","PK0-BP","Longnose Dace",93,8,0.903089987,1.968482949,"6/25/2024","020502060504 Plunketts Creek"
"2010","PK0-BP","Creek Chub",57,2.01,0.303196057,1.755874856,"6/25/2024","020502060504 Plunketts Creek"
"2011","PK0-BP","Longnose Dace",88,7.07,0.849419414,1.944482672,"6/25/2024","020502060504 Plunketts Creek"
"2012","PK0-BP","Blacknose Dace",71,3.2,0.505149978,1.851258349,"6/25/2024","020502060504 Plunketts Creek"
"2013","PK0-BP","Blacknose Dace",65,4.4,0.643452676,1.812913357,"6/25/2024","020502060504 Plunketts Creek"
"2014","PK0-BP","Longnose Dace",79,4.35,0.638489257,1.897627091,"6/25/2024","020502060504 Plunketts Creek"
"2015","PK0-CH-E","Longnose Dace",54,1.31,0.117271296,1.73239376,"6/10/2025",NA
"2016","PK0-CH-E","Longnose Dace",55,1.49,0.173186268,1.740362689,"6/10/2025",NA
"2017","PK0-CH-E","Longnose Dace",53,1.2,0.079181246,1.72427587,"6/10/2025",NA
"2018","PK0-CH-E","Longnose Dace",48,1.01,0.004321374,1.681241237,"6/10/2025",NA
"2019","PK0-CH-E","Longnose Dace",54,1.32,0.120573931,1.73239376,"6/10/2025",NA
"2020","PK0-CH-W","Longnose Dace",51,1.07,0.029383778,1.707570176,"6/18/2024","020502060504 Plunketts Creek"
"2021","PK0-CH-W","Longnose Dace",66,2.52,0.401400541,1.819543936,"6/18/2024","020502060504 Plunketts Creek"
"2022","PK0-CH-W","Creek Chub",60,2.01,0.303196057,1.77815125,"6/18/2024","020502060504 Plunketts Creek"
"2023","PK0-CH-W","Creek Chub",56,1.66,0.220108088,1.748188027,"6/18/2024","020502060504 Plunketts Creek"
"2024","PK0-CH-W","Creek Chub",135,23.83,1.377124042,2.130333768,"6/18/2024","020502060504 Plunketts Creek"
"2025","PK0-CH-W","Blacknose Dace",73,3.71,0.56937391,1.86332286,"6/18/2024","020502060504 Plunketts Creek"
"2026","PK0-CH-W","Creek Chub",51,1.3,0.113943352,1.707570176,"6/13/2023","020502060504 Plunketts Creek"
"2027","PK0-CH-W","Longnose Dace",63,2.05,0.311753861,1.799340549,"6/18/2024","020502060504 Plunketts Creek"
"2028","PK0-CH-W","Blacknose Dace",50,1.25,0.096910013,1.698970004,"6/10/2025","020502060504 Plunketts Creek"
"2029","PK0-CH-W","Blacknose Dace",53,1.38,0.139879086,1.72427587,"6/10/2025","020502060504 Plunketts Creek"
"2030","PK0-CH-W","Creek Chub",46,1.05,0.021189299,1.662757832,"6/10/2025","020502060504 Plunketts Creek"
"2031","PK0-CH-W","Blacknose Dace",62,1.9,0.278753601,1.792391689,"6/10/2025","020502060504 Plunketts Creek"
"2032","PK0-CH-W","Creek Chub",66,2.76,0.440909082,1.819543936,"6/10/2025","020502060504 Plunketts Creek"
"2033","PK0-CH-W","Creek Chub",69,3.47,0.540329475,1.838849091,"6/10/2025","020502060504 Plunketts Creek"
"2034","PK0-CH-W","Blacknose Dace",58,1.7,0.230448921,1.763427994,"6/10/2025","020502060504 Plunketts Creek"
"2035","PK0-CH-W","Creek Chub",55,1.48,0.170261715,1.740362689,"6/18/2024","020502060504 Plunketts Creek"
"2036","PK0-CH-W","Longnose Dace",87,6.04,0.781036939,1.939519253,"6/18/2024","020502060504 Plunketts Creek"
"2037","PK0-CH-W","Creek Chub",58,1.8,0.255272505,1.763427994,"6/13/2023","020502060504 Plunketts Creek"
"2038","PK0-CH-W","Blacknose Dace",41,0.5,-0.301029996,1.612783857,"6/13/2023","020502060504 Plunketts Creek"
"2039","PK0-CH-W","Creek Chub",95,7.8,0.892094603,1.977723605,"6/13/2023","020502060504 Plunketts Creek"
"2040","PK0-CH-W","Blacknose Dace",46,0.9,-0.045757491,1.662757832,"6/13/2023","020502060504 Plunketts Creek"
"2041","PK0-CH-W","Blacknose Dace",57,1.67,0.222716471,1.755874856,"6/10/2025","020502060504 Plunketts Creek"
"2042","PK0-CH-W","Longnose Dace",90,5.84,0.766412847,1.954242509,"6/10/2025","020502060504 Plunketts Creek"
"2043","PK0-CH-W","Blacknose Dace",38,0.4,-0.397940009,1.579783597,"6/13/2023","020502060504 Plunketts Creek"
"2044","PK0-CH-W","Blacknose Dace",40,0.6,-0.22184875,1.602059991,"6/13/2023","020502060504 Plunketts Creek"
"2045","PK0-CH-W","Creek Chub",61,2.2,0.342422681,1.785329835,"6/13/2023","020502060504 Plunketts Creek"
"2046","PK0-CH-W","Blacknose Dace",48,0.9,-0.045757491,1.681241237,"6/13/2023","020502060504 Plunketts Creek"
"2047","PK0-CH-W","Blacknose Dace",42,0.5,-0.301029996,1.62324929,"6/13/2023","020502060504 Plunketts Creek"
"2048","PK0-CH-W","Creek Chub",53,1.4,0.146128036,1.72427587,"6/13/2023","020502060504 Plunketts Creek"
"2049","PK0-CH-W","Creek Chub",84,4.9,0.69019608,1.924279286,"6/13/2023","020502060504 Plunketts Creek"
"2050","PK0-CH-W","Longnose Dace",65,2.5,0.397940009,1.812913357,"6/13/2023","020502060504 Plunketts Creek"
"2051","PK0-CH-W","Creek Chub",76,4.4,0.643452676,1.880813592,"6/13/2023","020502060504 Plunketts Creek"
"2052","PK0-CH-W","Creek Chub",52,1.5,0.176091259,1.716003344,"6/13/2023","020502060504 Plunketts Creek"
"2053","PK0-CH-W","Longnose Dace",81,4.35,0.638489257,1.908485019,"6/10/2025","020502060504 Plunketts Creek"
"2054","PK0-CH-W","Longnose Dace",93,6.25,0.795880017,1.968482949,"6/10/2025","020502060504 Plunketts Creek"
"2055","PK0-CH-W","Creek Chub",61,2.36,0.372912003,1.785329835,"6/10/2025","020502060504 Plunketts Creek"
"2056","PK0-CH-W","Creek Chub",60,2.56,0.408239965,1.77815125,"6/10/2025","020502060504 Plunketts Creek"
"2057","PK0-CH-W","Creek Chub",66,2.96,0.471291711,1.819543936,"6/10/2025","020502060504 Plunketts Creek"
"2058","PK0-CH-W","Longnose Dace",56,1.4,0.146128036,1.748188027,"6/10/2025","020502060504 Plunketts Creek"
"2059","PK0-CH-W","Creek Chub",65,2.9,0.462397998,1.812913357,"6/10/2025","020502060504 Plunketts Creek"
"2060","PK0-CH-W","Creek Chub",56,1.78,0.250420002,1.748188027,"6/10/2025","020502060504 Plunketts Creek"
"2061","PK0-CH-W","Longnose Dace",71,3.45,0.537819095,1.851258349,"6/10/2025","020502060504 Plunketts Creek"
"2062","PK0-CH-W","Longnose Dace",49,1.01,0.004321374,1.69019608,"6/10/2025","020502060504 Plunketts Creek"
"2063","PK0-CH-W","Blacknose Dace",69,2.85,0.45484486,1.838849091,"6/10/2025","020502060504 Plunketts Creek"
"2064","PK0-CH-W","Longnose Dace",66,2.34,0.369215857,1.819543936,"6/10/2025","020502060504 Plunketts Creek"
"2065","PK0-CH-W","Longnose Dace",82,5.03,0.701567985,1.913813852,"6/10/2025","020502060504 Plunketts Creek"
"2066","PK0-CH-W","Creek Chub",66,2.38,0.376576957,1.819543936,"6/10/2025","020502060504 Plunketts Creek"
"2067","PK0-CH-W","Longnose Dace",50,1.1,0.041392685,1.698970004,"6/10/2025","020502060504 Plunketts Creek"
"2068","PK0-CH-W","Longnose Dace",53,1.34,0.127104798,1.72427587,"6/10/2025","020502060504 Plunketts Creek"
"2069","PK0-CH-W","Creek Chub",55,1.95,0.290034611,1.740362689,"6/10/2025","020502060504 Plunketts Creek"
"2070","PK0-CH-W","Longnose Dace",52,1.2,0.079181246,1.716003344,"6/10/2025","020502060504 Plunketts Creek"
"2071","PK0-CH-W","Longnose Dace",96,7.6,0.880813592,1.982271233,"6/10/2025","020502060504 Plunketts Creek"
"2072","PK0-CH-W","Blacknose Dace",53,1.35,0.130333768,1.72427587,"6/10/2025","020502060504 Plunketts Creek"
"2073","PK0-CH-W","Blacknose Dace",62,1.84,0.264817823,1.792391689,"6/10/2025","020502060504 Plunketts Creek"
"2074","PK0-CH-W","Longnose Dace",96,7.14,0.853698212,1.982271233,"6/10/2025","020502060504 Plunketts Creek"
"2075","PK0-CH-W","Creek Chub",57,2,0.301029996,1.755874856,"6/10/2025","020502060504 Plunketts Creek"
"2076","PK0-CH-W","Longnose Dace",56,1.81,0.257678575,1.748188027,"6/10/2025","020502060504 Plunketts Creek"
"2077","PK0-CH-W","Creek Chub",100,9.46,0.975891136,2,"6/10/2025","020502060504 Plunketts Creek"
"2078","PK0-CH-W","Creek Chub",66,2.96,0.471291711,1.819543936,"6/10/2025","020502060504 Plunketts Creek"
"2079","PK0-CH-W","Creek Chub",65,2.97,0.472756449,1.812913357,"6/10/2025","020502060504 Plunketts Creek"
"2080","PK0-CH-W","Blacknose Dace",70,3.1,0.491361694,1.84509804,"6/10/2025","020502060504 Plunketts Creek"
"2081","PK0-CH-W","Creek Chub",97,1.07,0.029383778,1.986771734,"6/10/2025","020502060504 Plunketts Creek"
"2082","PK0-CH-W","Blacknose Dace",43,0.66,-0.180456064,1.633468456,"6/10/2025","020502060504 Plunketts Creek"
"2083","PK0-CH-W","Creek Chub",93,7.62,0.881954971,1.968482949,"6/10/2025","020502060504 Plunketts Creek"
"2084","PK0-CH-W","Creek Chub",53,1.96,0.292256071,1.72427587,"6/10/2025","020502060504 Plunketts Creek"
"2085","PK0-CH-W","Blacknose Dace",57,1.29,0.11058971,1.755874856,"6/10/2025","020502060504 Plunketts Creek"
"2086","PK0-CH-W","Blacknose Dace",54,1.24,0.093421685,1.73239376,"6/10/2025","020502060504 Plunketts Creek"
"2087","PK0-CH-W","Creek Chub",104,16.32,1.212720154,2.017033339,"6/10/2025","020502060504 Plunketts Creek"
"2088","PK0-CH-W","Longnose Dace",53,1.08,0.033423755,1.72427587,"6/10/2025","020502060504 Plunketts Creek"
"2089","PK0-CH-W","Blacknose Dace",72,3.04,0.482873584,1.857332496,"6/10/2025","020502060504 Plunketts Creek"
"2090","PK0-CH-W","Longnose Dace",72,3.49,0.542825427,1.857332496,"6/10/2025","020502060504 Plunketts Creek"
"2091","PK0-CH-W","Blacknose Dace",55,1.44,0.158362492,1.740362689,"6/10/2025","020502060504 Plunketts Creek"
"2092","PK0-CH-W","Longnose Dace",48,1.07,0.029383778,1.681241237,"6/10/2025","020502060504 Plunketts Creek"
"2093","PK0-CH-W","Blacknose Dace",55,1.53,0.184691431,1.740362689,"6/10/2025","020502060504 Plunketts Creek"
"2094","PK0-CH-W","Blacknose Dace",51,0.9,-0.045757491,1.707570176,"6/10/2025","020502060504 Plunketts Creek"
"2095","PK0-CH-W","Longnose Dace",73,3.83,0.583198774,1.86332286,"6/10/2025","020502060504 Plunketts Creek"
"2096","PK0-CH-W","Creek Chub",54,1.71,0.23299611,1.73239376,"6/10/2025","020502060504 Plunketts Creek"
"2097","PK0-CH-W","Blacknose Dace",45,0.9,-0.045757491,1.653212514,"6/10/2025","020502060504 Plunketts Creek"
"2098","PK0-CH-W","Creek Chub",65,2.99,0.475671188,1.812913357,"6/10/2025","020502060504 Plunketts Creek"
"2099","PK0-CH-W","Blacknose Dace",47,0.8,-0.096910013,1.672097858,"6/10/2025","020502060504 Plunketts Creek"
"2100","PK0-CH-W","Longnose Dace",50,1.12,0.049218023,1.698970004,"6/10/2025","020502060504 Plunketts Creek"
"2101","PK0-CH-W","Creek Chub",87,6.4,0.806179974,1.939519253,"6/10/2025","020502060504 Plunketts Creek"
"2102","PK0-CH-W","Blacknose Dace",40,0.51,-0.292429824,1.602059991,"6/10/2025","020502060504 Plunketts Creek"
"2103","PK0-CH-W","Blacknose Dace",56,1.6,0.204119983,1.748188027,"6/10/2025","020502060504 Plunketts Creek"
"2104","PK0-CH-W","Blacknose Dace",60,1.64,0.214843848,1.77815125,"6/10/2025","020502060504 Plunketts Creek"
"2105","PK0-CH-W","Longnose Dace",55,1.6,0.204119983,1.740362689,"6/21/2022","020502060504 Plunketts Creek"
"2106","PK0-CH-W","Blacknose Dace",45,0.7,-0.15490196,1.653212514,"6/21/2022","020502060504 Plunketts Creek"
"2107","PK0-CH-W","Creek Chub",60,2.9,0.462397998,1.77815125,"6/21/2022","020502060504 Plunketts Creek"
"2108","PK0-CH-W","Blacknose Dace",50,1.3,0.113943352,1.698970004,"6/21/2022","020502060504 Plunketts Creek"
"2109","PK0-CH-W","Creek Chub",68,3.7,0.568201724,1.832508913,"6/21/2022","020502060504 Plunketts Creek"
"2110","PK0-CH-W","Longnose Dace",50,0.9,-0.045757491,1.698970004,"6/21/2022","020502060504 Plunketts Creek"
"2111","PK0-CH-W","Blacknose Dace",43,0.8,-0.096910013,1.633468456,"6/21/2022","020502060504 Plunketts Creek"
"2112","PK0-CH-W","Longnose Dace",56,1.4,0.146128036,1.748188027,"6/21/2022","020502060504 Plunketts Creek"
"2113","PK0-CH-W","Longnose Dace",52,1.2,0.079181246,1.716003344,"6/21/2022","020502060504 Plunketts Creek"
"2114","PK0-CH-W","Creek Chub",63,2.9,0.462397998,1.799340549,"6/21/2022","020502060504 Plunketts Creek"
"2115","PK0-CH-W","Creek Chub",64,2.7,0.431363764,1.806179974,"6/21/2022","020502060504 Plunketts Creek"
"2116","PK0-CH-W","Longnose Dace",52,1.3,0.113943352,1.716003344,"6/21/2022","020502060504 Plunketts Creek"
"2117","PK0-CH-W","Creek Chub",69,3.4,0.531478917,1.838849091,"6/21/2022","020502060504 Plunketts Creek"
"2118","PK0-CH-W","Blacknose Dace",45,0.8,-0.096910013,1.653212514,"6/21/2022","020502060504 Plunketts Creek"
"2119","PK0-CH-W","Blacknose Dace",47,0.9,-0.045757491,1.672097858,"6/21/2022","020502060504 Plunketts Creek"
"2120","PK0-CH-W","Longnose Dace",55,1.1,0.041392685,1.740362689,"6/21/2022","020502060504 Plunketts Creek"
"2121","PK0-CH-W","Blacknose Dace",50,1.1,0.041392685,1.698970004,"6/21/2022","020502060504 Plunketts Creek"
"2122","PK0-CH-W","Longnose Dace",52,1.4,0.146128036,1.716003344,"6/21/2022","020502060504 Plunketts Creek"
"2123","PK0-CH-W","Longnose Dace",48,1,0,1.681241237,"6/21/2022","020502060504 Plunketts Creek"
"2124","PK0-CH-W","Blacknose Dace",43,0.7,-0.15490196,1.633468456,"6/21/2022","020502060504 Plunketts Creek"
"2125","PK0-CH-W","Creek Chub",53,1,0,1.72427587,"6/21/2022","020502060504 Plunketts Creek"
"2126","PK0-CH-W","Longnose Dace",62,2.2,0.342422681,1.792391689,"6/21/2022","020502060504 Plunketts Creek"
"2127","PK0-CH-W","Blacknose Dace",49,0.9,-0.045757491,1.69019608,"6/21/2022","020502060504 Plunketts Creek"
"2128","PK0-CH-W","Longnose Dace",91,7.56,0.878521796,1.959041392,"6/10/2025","020502060504 Plunketts Creek"
"2129","PK0-CH-W","Longnose Dace",84,4.81,0.682145076,1.924279286,"6/10/2025","020502060504 Plunketts Creek"
"2130","PK0-CH-W","Longnose Dace",55,1.3,0.113943352,1.740362689,"6/10/2025","020502060504 Plunketts Creek"
"2131","PK0-CH-W","Longnose Dace",45,0.83,-0.080921908,1.653212514,"6/10/2025","020502060504 Plunketts Creek"
"2132","PK0-CH-W","Creek Chub",70,3.11,0.492760389,1.84509804,"6/10/2025","020502060504 Plunketts Creek"
"2133","PK0-CH-W","Blacknose Dace",59,1.35,0.130333768,1.770852012,"6/10/2025","020502060504 Plunketts Creek"
"2134","PK0-CH-W","Longnose Dace",55,1.2,0.079181246,1.740362689,"6/21/2022","020502060504 Plunketts Creek"
"2135","PK0-CH-W","Blacknose Dace",45,0.8,-0.096910013,1.653212514,"6/21/2022","020502060504 Plunketts Creek"
"2136","PK0-CH-W","Creek Chub",53,1.6,0.204119983,1.72427587,"6/21/2022","020502060504 Plunketts Creek"
"2137","PK0-CH-W","Longnose Dace",64,2.3,0.361727836,1.806179974,"6/21/2022","020502060504 Plunketts Creek"
"2138","PK0-CH-W","Blacknose Dace",46,0.9,-0.045757491,1.662757832,"6/21/2022","020502060504 Plunketts Creek"
"2139","PK0-CH-W","Creek Chub",42,0.8,-0.096910013,1.62324929,"6/21/2022","020502060504 Plunketts Creek"
"2140","PK0-CH-W","Blacknose Dace",41,0.5,-0.301029996,1.612783857,"6/21/2022","020502060504 Plunketts Creek"
"2141","PK0-CH-W","Creek Chub",57,1.76,0.245512668,1.755874856,"6/10/2025","020502060504 Plunketts Creek"
"2142","PK0-CH-W","Creek Chub",94,8.07,0.906873535,1.973127854,"6/10/2025","020502060504 Plunketts Creek"
"2143","PK0-CH-W","Longnose Dace",90,5.44,0.7355989,1.954242509,"6/10/2025","020502060504 Plunketts Creek"
"2144","PK0-CH-W","Blacknose Dace",48,1,0,1.681241237,"6/21/2022","020502060504 Plunketts Creek"
"2145","PK0-CH-W","Creek Chub",50,1.4,0.146128036,1.698970004,"6/21/2022","020502060504 Plunketts Creek"
"2146","PK0-CH-W","Blacknose Dace",51,0.8,-0.096910013,1.707570176,"6/21/2022","020502060504 Plunketts Creek"
"2147","PK0-CH-W","Blacknose Dace",49,1.1,0.041392685,1.69019608,"6/21/2022","020502060504 Plunketts Creek"
"2148","PK0-CH-W","Creek Chub",58,2.2,0.342422681,1.763427994,"6/21/2022","020502060504 Plunketts Creek"
"2149","PK0-CH-W","Blacknose Dace",44,0.7,-0.15490196,1.643452676,"6/13/2023","020502060504 Plunketts Creek"
"2150","PK0-CH-W","Blacknose Dace",42,0.6,-0.22184875,1.62324929,"6/13/2023","020502060504 Plunketts Creek"
"2151","PK0-CH-W","Blacknose Dace",75,4.3,0.633468456,1.875061263,"6/13/2023","020502060504 Plunketts Creek"
"2152","PK0-CH-W","Blacknose Dace",40,0.6,-0.22184875,1.602059991,"6/13/2023","020502060504 Plunketts Creek"
"2153","PK0-CH-W","Creek Chub",87,7,0.84509804,1.939519253,"6/13/2023","020502060504 Plunketts Creek"
"2154","PK0-CH-W","Creek Chub",83,6.3,0.799340549,1.919078092,"6/13/2023","020502060504 Plunketts Creek"
"2155","PK0-CH-W","Creek Chub",56,1.9,0.278753601,1.748188027,"6/13/2023","020502060504 Plunketts Creek"
"2156","PK0-CH-W","Creek Chub",50,1.2,0.079181246,1.698970004,"6/13/2023","020502060504 Plunketts Creek"
"2157","PK0-CH-W","Blacknose Dace",43,0.6,-0.22184875,1.633468456,"6/13/2023","020502060504 Plunketts Creek"
"2158","PK0-CH-W","Creek Chub",55,1.6,0.204119983,1.740362689,"6/13/2023","020502060504 Plunketts Creek"
"2159","PK0-CH-W","Blacknose Dace",42,0.6,-0.22184875,1.62324929,"6/13/2023","020502060504 Plunketts Creek"
"2160","PK0-CH-W","Blacknose Dace",51,1.2,0.079181246,1.707570176,"6/13/2023","020502060504 Plunketts Creek"
"2161","PK0-CH-W","Blacknose Dace",46,0.8,-0.096910013,1.662757832,"6/13/2023","020502060504 Plunketts Creek"
"2162","PK0-CH-W","Creek Chub",76,4.5,0.653212514,1.880813592,"6/13/2023","020502060504 Plunketts Creek"
"2163","PK0-CH-W","Creek Chub",95,9.5,0.977723605,1.977723605,"6/13/2023","020502060504 Plunketts Creek"
"2164","PK0-CH-W","Longnose Dace",68,2.9,0.462397998,1.832508913,"6/13/2023","020502060504 Plunketts Creek"
"2165","PK0-CH-W","Blacknose Dace",41,0.5,-0.301029996,1.612783857,"6/13/2023","020502060504 Plunketts Creek"
"2166","PK0-CH-W","Blacknose Dace",45,0.8,-0.096910013,1.653212514,"6/13/2023","020502060504 Plunketts Creek"
"2167","PK0-CH-W","Blacknose Dace",42,0.6,-0.22184875,1.62324929,"6/13/2023","020502060504 Plunketts Creek"
"2168","PK0-CH-W","Longnose Dace",56,1.6,0.204119983,1.748188027,"6/21/2022","020502060504 Plunketts Creek"
"2169","PK0-CH-W","Creek Chub",61,2.8,0.447158031,1.785329835,"6/21/2022","020502060504 Plunketts Creek"
"2170","PK0-CH-W","Longnose Dace",55,1.6,0.204119983,1.740362689,"6/21/2022","020502060504 Plunketts Creek"
"2171","PK0-CH-W","Longnose Dace",58,1.6,0.204119983,1.763427994,"6/21/2022","020502060504 Plunketts Creek"
"2172","PK0-CH-W","Creek Chub",58,2.2,0.342422681,1.763427994,"6/21/2022","020502060504 Plunketts Creek"
"2173","PK0-CH-W","Blacknose Dace",37,0.5,-0.301029996,1.568201724,"6/21/2022","020502060504 Plunketts Creek"
"2174","PK0-CH-W","Blacknose Dace",45,0.7,-0.15490196,1.653212514,"6/21/2022","020502060504 Plunketts Creek"
"2175","PK0-CH-W","Blacknose Dace",47,0.8,-0.096910013,1.672097858,"6/21/2022","020502060504 Plunketts Creek"
"2176","PK0-CH-W","Longnose Dace",52,1.3,0.113943352,1.716003344,"6/21/2022","020502060504 Plunketts Creek"
"2177","PK0-CH-W","Blacknose Dace",44,0.7,-0.15490196,1.643452676,"6/21/2022","020502060504 Plunketts Creek"
"2178","PK0-CH-W","Longnose Dace",62,2.1,0.322219295,1.792391689,"6/21/2022","020502060504 Plunketts Creek"
"2179","PK0-CH-W","Longnose Dace",59,1.7,0.230448921,1.770852012,"6/21/2022","020502060504 Plunketts Creek"
"2180","PK0-CH-W","Creek Chub",59,2.3,0.361727836,1.770852012,"6/21/2022","020502060504 Plunketts Creek"
"2181","PK0-CH-W","Creek Chub",47,1.1,0.041392685,1.672097858,"6/21/2022","020502060504 Plunketts Creek"
"2182","PK0-CH-W","Creek Chub",75,4.25,0.62838893,1.875061263,"6/18/2024","020502060504 Plunketts Creek"
"2183","PK0-CH-W","Longnose Dace",55,1.32,0.120573931,1.740362689,"6/18/2024","020502060504 Plunketts Creek"
"2184","PK0-CH-W","Longnose Dace",83,4.52,0.655138435,1.919078092,"6/18/2024","020502060504 Plunketts Creek"
"2185","PK0-CH-W","Blacknose Dace",65,2.41,0.382017043,1.812913357,"6/18/2024","020502060504 Plunketts Creek"
"2186","PK0-CH-W","Creek Chub",72,3.77,0.57634135,1.857332496,"6/18/2024","020502060504 Plunketts Creek"
"2187","PK0-CH-W","Longnose Dace",76,3.71,0.56937391,1.880813592,"6/18/2024","020502060504 Plunketts Creek"
"2188","PK0-CH-W","Blacknose Dace",65,2.51,0.399673721,1.812913357,"6/18/2024","020502060504 Plunketts Creek"
"2189","PK0-CH-W","Blacknose Dace",44,0.78,-0.107905397,1.643452676,"6/18/2024","020502060504 Plunketts Creek"
"2190","PK0-CH-W","Longnose Dace",65,2.24,0.350248018,1.812913357,"6/18/2024","020502060504 Plunketts Creek"
"2191","PK0-CH-W","Longnose Dace",65,2.39,0.378397901,1.812913357,"6/18/2024","020502060504 Plunketts Creek"
"2192","PK0-CH-W","Longnose Dace",66,2.56,0.408239965,1.819543936,"6/18/2024","020502060504 Plunketts Creek"
"2193","PK0-CH-W","Longnose Dace",77,4.11,0.613841822,1.886490725,"6/18/2024","020502060504 Plunketts Creek"
"2194","PK0-CH-W","Creek Chub",168,50.15,1.700270937,2.225309282,"6/18/2024","020502060504 Plunketts Creek"
"2195","PK0-CH-W","Creek Chub",63,2.42,0.383815366,1.799340549,"6/18/2024","020502060504 Plunketts Creek"
"2196","PK0-CH-W","Creek Chub",62,2.6,0.414973348,1.792391689,"6/21/2022","020502060504 Plunketts Creek"
"2197","PK0-CH-W","Creek Chub",43,0.5,-0.301029996,1.633468456,"6/21/2022","020502060504 Plunketts Creek"
"2198","PK0-CH-W","Longnose Dace",54,1.3,0.113943352,1.73239376,"6/21/2022","020502060504 Plunketts Creek"
"2199","PK0-CH-W","Creek Chub",58,1.8,0.255272505,1.763427994,"6/21/2022","020502060504 Plunketts Creek"
"2200","PK0-CH-W","Blacknose Dace",49,1.1,0.041392685,1.69019608,"6/21/2022","020502060504 Plunketts Creek"
"2201","PK0-CH-W","Blacknose Dace",42,0.4,-0.397940009,1.62324929,"6/21/2022","020502060504 Plunketts Creek"
"2202","PK0-CH-W","Creek Chub",67,3.5,0.544068044,1.826074803,"6/21/2022","020502060504 Plunketts Creek"
"2203","PK0-CH-W","Longnose Dace",57,1.9,0.278753601,1.755874856,"6/21/2022","020502060504 Plunketts Creek"
"2204","PK0-CH-W","Creek Chub",51,1.3,0.113943352,1.707570176,"6/21/2022","020502060504 Plunketts Creek"
"2205","PK0-CH-W","Blacknose Dace",41,0.6,-0.22184875,1.612783857,"6/13/2023","020502060504 Plunketts Creek"
"2206","PK0-CH-W","Creek Chub",54,1.7,0.230448921,1.73239376,"6/13/2023","020502060504 Plunketts Creek"
"2207","PK0-CH-W","Creek Chub",60,2.6,0.414973348,1.77815125,"6/13/2023","020502060504 Plunketts Creek"
"2208","PK0-CH-W","Creek Chub",52,1.3,0.113943352,1.716003344,"6/13/2023","020502060504 Plunketts Creek"
"2209","PK0-CH-W","Longnose Dace",73,3.4,0.531478917,1.86332286,"6/13/2023","020502060504 Plunketts Creek"
"2210","PK0-CH-W","Blacknose Dace",44,0.6,-0.22184875,1.643452676,"6/13/2023","020502060504 Plunketts Creek"
"2211","PK0-CH-W","Blacknose Dace",35,0.4,-0.397940009,1.544068044,"6/13/2023","020502060504 Plunketts Creek"
"2212","PK0-CH-W","Longnose Dace",69,3.3,0.51851394,1.838849091,"6/13/2023","020502060504 Plunketts Creek"
"2213","PK0-CH-W","Creek Chub",84,5.3,0.72427587,1.924279286,"6/13/2023","020502060504 Plunketts Creek"
"2214","PK0-CH-W","Blacknose Dace",36,0.3,-0.522878745,1.556302501,"6/21/2022","020502060504 Plunketts Creek"
"2215","PK0-CH-W","Creek Chub",54,1.5,0.176091259,1.73239376,"6/21/2022","020502060504 Plunketts Creek"
"2216","PK0-CH-W","Creek Chub",58,2.1,0.322219295,1.763427994,"6/21/2022","020502060504 Plunketts Creek"
"2217","PK0-CH-W","Creek Chub",71,4.1,0.612783857,1.851258349,"6/21/2022","020502060504 Plunketts Creek"
"2218","PK0-CH-W","Creek Chub",50,1.3,0.113943352,1.698970004,"6/21/2022","020502060504 Plunketts Creek"
"2219","PK0-CH-W","Blacknose Dace",40,0.6,-0.22184875,1.602059991,"6/21/2022","020502060504 Plunketts Creek"
"2220","PK0-CH-W","Creek Chub",50,1.2,0.079181246,1.698970004,"6/21/2022","020502060504 Plunketts Creek"
"2221","PK0-CH-W","Creek Chub",51,1.4,0.146128036,1.707570176,"6/21/2022","020502060504 Plunketts Creek"
"2222","PK0-CH-W","Creek Chub",50,1.2,0.079181246,1.698970004,"6/21/2022","020502060504 Plunketts Creek"
"2223","PK0-CH-W","Longnose Dace",53,1.2,0.079181246,1.72427587,"6/21/2022","020502060504 Plunketts Creek"
"2224","PK0-CH-W","Blacknose Dace",36,0.5,-0.301029996,1.556302501,"6/21/2022","020502060504 Plunketts Creek"
"2225","PK0-CH-W","Blacknose Dace",51,1.2,0.079181246,1.707570176,"6/21/2022","020502060504 Plunketts Creek"
"2226","PK0-CH-W","Blacknose Dace",54,1.5,0.176091259,1.73239376,"6/21/2022","020502060504 Plunketts Creek"
"2227","PK0-CH-W","Longnose Dace",61,1.7,0.230448921,1.785329835,"6/21/2022","020502060504 Plunketts Creek"
"2228","PK0-CH-W","Creek Chub",52,1.6,0.204119983,1.716003344,"6/21/2022","020502060504 Plunketts Creek"
"2229","PK0-CH-W","Longnose Dace",55,1.6,0.204119983,1.740362689,"6/21/2022","020502060504 Plunketts Creek"
"2230","PK0-CH-W","Creek Chub",60,2.7,0.431363764,1.77815125,"6/21/2022","020502060504 Plunketts Creek"
"2231","PK0-CH-W","Creek Chub",92,8.5,0.929418926,1.963787827,"6/21/2022","020502060504 Plunketts Creek"
"2232","PK0-CH-W","Blacknose Dace",54,1.3,0.113943352,1.73239376,"6/21/2022","020502060504 Plunketts Creek"
"2233","PK0-CH-W","Blacknose Dace",40,0.6,-0.22184875,1.602059991,"6/21/2022","020502060504 Plunketts Creek"
"2234","PK0-CH-W","Blacknose Dace",51,1.2,0.079181246,1.707570176,"6/21/2022","020502060504 Plunketts Creek"
"2235","PK0-CH-W","Longnose Dace",54,1.4,0.146128036,1.73239376,"6/21/2022","020502060504 Plunketts Creek"
"2236","PK0-CH-W","Longnose Dace",46,0.8,-0.096910013,1.662757832,"6/21/2022","020502060504 Plunketts Creek"
"2237","PK0-CH-W","Creek Chub",55,1.7,0.230448921,1.740362689,"6/21/2022","020502060504 Plunketts Creek"
"2238","PK0-CH-W","Creek Chub",58,2.1,0.322219295,1.763427994,"6/21/2022","020502060504 Plunketts Creek"
"2239","PK0-CH-W","Longnose Dace",81,5,0.698970004,1.908485019,"6/21/2022","020502060504 Plunketts Creek"
"2240","PK0-CH-W","Creek Chub",55,1.7,0.230448921,1.740362689,"6/21/2022","020502060504 Plunketts Creek"
"2241","PK0-CH-W","Creek Chub",61,2,0.301029996,1.785329835,"6/21/2022","020502060504 Plunketts Creek"
"2242","PK0-CH-W","Longnose Dace",49,1.1,0.041392685,1.69019608,"6/21/2022","020502060504 Plunketts Creek"
"2243","PK0-CH-W","Longnose Dace",74,3.47,0.540329475,1.86923172,"6/18/2024","020502060504 Plunketts Creek"
"2244","PK0-CH-W","Blacknose Dace",51,1.04,0.017033339,1.707570176,"6/18/2024","020502060504 Plunketts Creek"
"2245","PK0-CH-W","Creek Chub",54,1.36,0.133538908,1.73239376,"6/18/2024","020502060504 Plunketts Creek"
"2246","PK0-CH-W","Longnose Dace",58,1.51,0.178976947,1.763427994,"6/18/2024","020502060504 Plunketts Creek"
"2247","PK0-CH-W","Creek Chub",106,10.88,1.036628895,2.025305865,"6/18/2024","020502060504 Plunketts Creek"
"2248","PK0-CH-W","Creek Chub",106,11.66,1.06669855,2.025305865,"6/18/2024","020502060504 Plunketts Creek"
"2249","PK0-CH-W","Creek Chub",56,1.89,0.276461804,1.748188027,"6/18/2024","020502060504 Plunketts Creek"
"2250","PK0-CH-W","Blacknose Dace",66,2.6,0.414973348,1.819543936,"6/18/2024","020502060504 Plunketts Creek"
"2251","PK0-CH-W","Blacknose Dace",56,1.61,0.206825876,1.748188027,"6/18/2024","020502060504 Plunketts Creek"
"2252","PK0-CH-W","Creek Chub",129,22.08,1.343999069,2.11058971,"6/18/2024","020502060504 Plunketts Creek"
"2253","PK0-CH-W","Blacknose Dace",34,0.38,-0.420216403,1.531478917,"6/18/2024","020502060504 Plunketts Creek"
"2254","PK0-CH-W","Creek Chub",46,0.8,-0.096910013,1.662757832,"6/21/2022","020502060504 Plunketts Creek"
"2255","PK0-CH-W","Longnose Dace",58,1.8,0.255272505,1.763427994,"6/21/2022","020502060504 Plunketts Creek"
"2256","PK0-CH-W","Longnose Dace",86,5.4,0.73239376,1.934498451,"6/13/2023","020502060504 Plunketts Creek"
"2257","PK0-CH-W","Creek Chub",65,2.3,0.361727836,1.812913357,"6/13/2023","020502060504 Plunketts Creek"
"2258","PK0-CH-W","Blacknose Dace",43,0.6,-0.22184875,1.633468456,"6/13/2023","020502060504 Plunketts Creek"
"2259","PK0-CH-W","Blacknose Dace",44,0.7,-0.15490196,1.643452676,"6/13/2023","020502060504 Plunketts Creek"
"2260","PK0-CH-W","Blacknose Dace",66,2.6,0.414973348,1.819543936,"6/13/2023","020502060504 Plunketts Creek"
"2261","PK0-CH-W","Blacknose Dace",42,0.7,-0.15490196,1.62324929,"6/13/2023","020502060504 Plunketts Creek"
"2262","PK0-CH-W","Creek Chub",55,1.9,0.278753601,1.740362689,"6/13/2023","020502060504 Plunketts Creek"
"2263","PK0-CH-W","Blacknose Dace",42,0.5,-0.301029996,1.62324929,"6/13/2023","020502060504 Plunketts Creek"
"2264","PK0-CH-W","Longnose Dace",75,3,0.477121255,1.875061263,"6/13/2023","020502060504 Plunketts Creek"
"2265","PK0-CH-W","Longnose Dace",82,5.2,0.716003344,1.913813852,"6/13/2023","020502060504 Plunketts Creek"
"2266","PK0-CH-W","Blacknose Dace",44,0.7,-0.15490196,1.643452676,"6/13/2023","020502060504 Plunketts Creek"
"2267","PK0-CH-W","Longnose Dace",74,3.55,0.550228353,1.86923172,"6/18/2024","020502060504 Plunketts Creek"
"2268","PK0-CH-W","Blacknose Dace",59,1.93,0.285557309,1.770852012,"6/18/2024","020502060504 Plunketts Creek"
"2269","PK0-CH-W","Blacknose Dace",44,0.56,-0.251811973,1.643452676,"6/18/2024","020502060504 Plunketts Creek"
"2270","PK0-CH-W","Blacknose Dace",46,0.86,-0.065501549,1.662757832,"6/18/2024","020502060504 Plunketts Creek"
"2271","PK0-CH-W","Longnose Dace",54,1.4,0.146128036,1.73239376,"6/21/2022","020502060504 Plunketts Creek"
"2272","PK0-CH-W","Blacknose Dace",61,2.32,0.365487985,1.785329835,"6/18/2024","020502060504 Plunketts Creek"
"2273","PK0-CH-W","Blacknose Dace",52,1.35,0.130333768,1.716003344,"6/18/2024","020502060504 Plunketts Creek"
"2274","PK0-CH-W","Creek Chub",92,7.21,0.857935265,1.963787827,"6/18/2024","020502060504 Plunketts Creek"
"2275","PK0-CH-W","Creek Chub",58,2.14,0.330413773,1.763427994,"6/18/2024","020502060504 Plunketts Creek"
"2276","PK0-CH-W","Creek Chub",56,1.72,0.235528447,1.748188027,"6/18/2024","020502060504 Plunketts Creek"
"2277","PK0-CH-W","Blacknose Dace",62,2.05,0.311753861,1.792391689,"6/18/2024","020502060504 Plunketts Creek"
"2278","PK0-CH-W","Creek Chub",75,4.03,0.605305046,1.875061263,"6/18/2024","020502060504 Plunketts Creek"
"2279","PK0-CH-W","Longnose Dace",49,0.82,-0.086186148,1.69019608,"6/18/2024","020502060504 Plunketts Creek"
"2280","PK0-CH-W","Creek Chub",70,3.36,0.526339277,1.84509804,"6/18/2024","020502060504 Plunketts Creek"
"2281","PK0-CH-W","Creek Chub",66,2.98,0.474216264,1.819543936,"6/18/2024","020502060504 Plunketts Creek"
"2282","PK0-CH-W","Blacknose Dace",71,3.59,0.555094449,1.851258349,"6/18/2024","020502060504 Plunketts Creek"
"2283","PK0-CH-W","Blacknose Dace",44,0.74,-0.13076828,1.643452676,"6/18/2024","020502060504 Plunketts Creek"
"2284","PK0-CH-W","Creek Chub",84,5.69,0.755112266,1.924279286,"6/18/2024","020502060504 Plunketts Creek"
"2285","PK0-CH-W","Longnose Dace",65,2.61,0.416640507,1.812913357,"6/18/2024","020502060504 Plunketts Creek"
"2286","PK0-CH-W","Blacknose Dace",46,0.85,-0.070581074,1.662757832,"6/18/2024","020502060504 Plunketts Creek"
"2287","PK0-CH-W","Blacknose Dace",50,1.4,0.146128036,1.698970004,"6/21/2022","020502060504 Plunketts Creek"
"2288","PK0-CH-W","Creek Chub",49,1.3,0.113943352,1.69019608,"6/21/2022","020502060504 Plunketts Creek"
"2289","PK0-CH-W","Longnose Dace",56,1.5,0.176091259,1.748188027,"6/21/2022","020502060504 Plunketts Creek"
"2290","PK0-CH-W","Longnose Dace",49,1,0,1.69019608,"6/21/2022","020502060504 Plunketts Creek"
"2291","PK0-CH-W","Creek Chub",44,0.9,-0.045757491,1.643452676,"6/13/2023","020502060504 Plunketts Creek"
"2292","PK0-CH-W","Blacknose Dace",44,0.6,-0.22184875,1.643452676,"6/13/2023","020502060504 Plunketts Creek"
"2293","PK0-CH-W","Blacknose Dace",42,0.7,-0.15490196,1.62324929,"6/13/2023","020502060504 Plunketts Creek"
"2294","PK0-CH-W","Blacknose Dace",40,0.5,-0.301029996,1.602059991,"6/13/2023","020502060504 Plunketts Creek"
"2295","PK0-CH-W","Creek Chub",54,1.5,0.176091259,1.73239376,"6/13/2023","020502060504 Plunketts Creek"
"2296","PK0-CH-W","Creek Chub",48,1,0,1.681241237,"6/13/2023","020502060504 Plunketts Creek"
"2297","PK0-CH-W","Creek Chub",52,1.3,0.113943352,1.716003344,"6/13/2023","020502060504 Plunketts Creek"
"2298","PK0-CH-W","Blacknose Dace",40,0.5,-0.301029996,1.602059991,"6/13/2023","020502060504 Plunketts Creek"
"2299","PK0-CH-W","Creek Chub",106,10.92,1.038222638,2.025305865,"6/18/2024","020502060504 Plunketts Creek"
"2300","PK0-CH-W","Blacknose Dace",51,1.18,0.071882007,1.707570176,"6/18/2024","020502060504 Plunketts Creek"
"2301","PK0-CH-W","Longnose Dace",78,4.29,0.632457292,1.892094603,"6/18/2024","020502060504 Plunketts Creek"
"2302","PK0-CH-W","Longnose Dace",62,2,0.301029996,1.792391689,"6/18/2024","020502060504 Plunketts Creek"
"2303","PK0-CH-W","Blacknose Dace",43,0.61,-0.214670165,1.633468456,"6/18/2024","020502060504 Plunketts Creek"
"2304","PK0-CH-W","Blacknose Dace",38,0.46,-0.337242168,1.579783597,"6/18/2024","020502060504 Plunketts Creek"
"2305","PK0-CH-W","Longnose Dace",80,5.58,0.746634199,1.903089987,"6/18/2024","020502060504 Plunketts Creek"
"2306","PK0-CH-W","Blacknose Dace",58,1.68,0.225309282,1.763427994,"6/18/2024","020502060504 Plunketts Creek"
"2307","PK0-CH-W","Creek Chub",106,10.94,1.039017322,2.025305865,"6/18/2024","020502060504 Plunketts Creek"
"2308","PK0-CH-W","Creek Chub",49,1.28,0.10720997,1.69019608,"6/18/2024","020502060504 Plunketts Creek"
"2309","PK0-CH-W","Blacknose Dace",61,2.07,0.315970345,1.785329835,"6/18/2024","020502060504 Plunketts Creek"
"2310","PK0-CH-W","Creek Chub",51,1.6,0.204119983,1.707570176,"6/21/2022","020502060504 Plunketts Creek"
"2311","PK0-CH-W","Blacknose Dace",45,0.8,-0.096910013,1.653212514,"6/21/2022","020502060504 Plunketts Creek"
"2312","PK0-CH-W","Longnose Dace",66,2.21,0.344392274,1.819543936,"6/18/2024","020502060504 Plunketts Creek"
"2313","PK0-CH-W","Creek Chub",103,10.54,1.022840611,2.012837225,"6/18/2024","020502060504 Plunketts Creek"
"2314","PK0-CH-W","Blacknose Dace",57,1.7,0.230448921,1.755874856,"6/10/2025","020502060504 Plunketts Creek"
"2315","PK0-CH-W","Blacknose Dace",56,1.6,0.204119983,1.748188027,"6/10/2025","020502060504 Plunketts Creek"
"2316","PK0-CH-W","Creek Chub",84,4.93,0.692846919,1.924279286,"6/10/2025","020502060504 Plunketts Creek"
"2317","PK0-CH-W","Creek Chub",123,18.84,1.275080898,2.089905111,"6/10/2025","020502060504 Plunketts Creek"
"2318","PK0-CH-W","Creek Chub",98,5.81,0.764176132,1.991226076,"6/10/2025","020502060504 Plunketts Creek"
"2319","PK0-CH-W","Longnose Dace",78,4.1,0.612783857,1.892094603,"6/10/2025","020502060504 Plunketts Creek"
"2320","PK0-CH-W","Blacknose Dace",46,0.82,-0.086186148,1.662757832,"6/18/2024","020502060504 Plunketts Creek"
"2321","PK0-CH-W","Creek Chub",88,5.94,0.773786445,1.944482672,"6/18/2024","020502060504 Plunketts Creek"
"2322","PK0-CH-W","Creek Chub",157,36.45,1.561697533,2.195899652,"6/10/2025","020502060504 Plunketts Creek"
"2323","PK0-CH-W","Blacknose Dace",45,0.83,-0.080921908,1.653212514,"6/10/2025","020502060504 Plunketts Creek"
"2324","PK0-CH-W","Creek Chub",88,5.93,0.773054693,1.944482672,"6/10/2025","020502060504 Plunketts Creek"
"2325","PK0-CH-W","Blacknose Dace",59,1.91,0.281033367,1.770852012,"6/10/2025","020502060504 Plunketts Creek"
"2326","PK0-CH-W","Blacknose Dace",51,1.24,0.093421685,1.707570176,"6/10/2025","020502060504 Plunketts Creek"
"2327","PK0-CH-W","Creek Chub",81,5.74,0.758911892,1.908485019,"6/10/2025","020502060504 Plunketts Creek"
"2328","PK0-CH-W","Blacknose Dace",55,1.52,0.181843588,1.740362689,"6/10/2025","020502060504 Plunketts Creek"
"2329","PK0-CH-W","Blacknose Dace",65,2.38,0.376576957,1.812913357,"6/18/2024","020502060504 Plunketts Creek"
"2330","PK0-CH-W","Blacknose Dace",41,0.58,-0.236572006,1.612783857,"6/18/2024","020502060504 Plunketts Creek"
"2331","PK0-CH-W","Blacknose Dace",54,1.75,0.243038049,1.73239376,"6/18/2024","020502060504 Plunketts Creek"
"2332","PK0-CH-W","Blacknose Dace",47,1,0,1.672097858,"6/10/2025","020502060504 Plunketts Creek"
"2333","PK0-CH-W","Blacknose Dace",47,0.89,-0.050609993,1.672097858,"6/18/2024","020502060504 Plunketts Creek"
"2334","PK0-CH-W","Longnose Dace",78,4.24,0.627365857,1.892094603,"6/18/2024","020502060504 Plunketts Creek"
"2335","PK0-CH-W","Longnose Dace",68,3.21,0.506505032,1.832508913,"6/18/2024","020502060504 Plunketts Creek"
"2336","PK0-CH-W","Creek Chub",61,2.41,0.382017043,1.785329835,"6/18/2024","020502060504 Plunketts Creek"
"2337","PK0-CH-W","Creek Chub",70,3.49,0.542825427,1.84509804,"6/18/2024","020502060504 Plunketts Creek"
"2338","PK0-CH-W","Longnose Dace",47,0.72,-0.142667504,1.672097858,"6/18/2024","020502060504 Plunketts Creek"
"2339","PK0-CH-W","Blacknose Dace",50,1.2,0.079181246,1.698970004,"6/10/2025","020502060504 Plunketts Creek"
"2340","PK0-CH-W","Blacknose Dace",65,2.82,0.450249108,1.812913357,"6/18/2024","020502060504 Plunketts Creek"
"2341","PK0-CH-W","Creek Chub",57,1.84,0.264817823,1.755874856,"6/18/2024","020502060504 Plunketts Creek"
"2342","PK0-CH-W","Blacknose Dace",50,1.15,0.06069784,1.698970004,"6/18/2024","020502060504 Plunketts Creek"
"2343","PK0-CH-W","Longnose Dace",52,1.06,0.025305865,1.716003344,"6/18/2024","020502060504 Plunketts Creek"
"2344","PK0-CH-W","Blacknose Dace",39,0.55,-0.259637311,1.591064607,"6/18/2024","020502060504 Plunketts Creek"
"2345","PK0-KC","Longnose Dace",50,1.01,0.004321374,1.698970004,"6/16/2025","020502060504 Plunketts Creek"
"2346","PK0-KC","Longnose Dace",52,1.1,0.041392685,1.716003344,"6/16/2025","020502060504 Plunketts Creek"
"2347","PK0-KC","Longnose Dace",50,1.05,0.021189299,1.698970004,"6/16/2025","020502060504 Plunketts Creek"
"2348","PK0-KC","Blacknose Dace",55,1.65,0.217483944,1.740362689,"6/16/2025","020502060504 Plunketts Creek"
"2349","PK0-KC","Blacknose Dace",59,2.03,0.307496038,1.770852012,"6/16/2025","020502060504 Plunketts Creek"
"2350","PK0-KC","Blacknose Dace",59,1.96,0.292256071,1.770852012,"6/16/2025","020502060504 Plunketts Creek"
"2351","PK0-KC","Longnose Dace",67,2.55,0.40654018,1.826074803,"6/16/2025","020502060504 Plunketts Creek"
"2352","PK0-KC","Blacknose Dace",62,2.33,0.367355921,1.792391689,"6/16/2025","020502060504 Plunketts Creek"
"2353","PK0-KC","Longnose Dace",50,0.99,-0.004364805,1.698970004,"6/16/2025","020502060504 Plunketts Creek"
"2354","PK0-KC","Blacknose Dace",67,2.77,0.442479769,1.826074803,"6/16/2025","020502060504 Plunketts Creek"
"2355","PK0-KC","Longnose Dace",47,1.01,0.004321374,1.672097858,"6/16/2025","020502060504 Plunketts Creek"
"2356","PK0-KC","Blacknose Dace",40,0.49,-0.30980392,1.602059991,"6/16/2025","020502060504 Plunketts Creek"
"2357","PK0-KC","Blacknose Dace",60,1.94,0.28780173,1.77815125,"6/16/2025","020502060504 Plunketts Creek"
"2358","PK0-KC","Longnose Dace",59,1.87,0.271841607,1.770852012,"6/16/2025","020502060504 Plunketts Creek"
"2359","PK0-KC","Longnose Dace",56,1.4,0.146128036,1.748188027,"6/21/2022","020502060504 Plunketts Creek"
"2360","PK0-KC","Longnose Dace",54,1.3,0.113943352,1.73239376,"6/21/2022","020502060504 Plunketts Creek"
"2361","PK0-KC","Longnose Dace",64,2.2,0.342422681,1.806179974,"6/21/2022","020502060504 Plunketts Creek"
"2362","PK0-KC","Blacknose Dace",42,0.6,-0.22184875,1.62324929,"6/21/2022","020502060504 Plunketts Creek"
"2363","PK0-KC","Blacknose Dace",42,0.63,-0.200659451,1.62324929,"6/16/2025","020502060504 Plunketts Creek"
"2364","PK0-KC","Longnose Dace",59,1.6,0.204119983,1.770852012,"6/16/2025","020502060504 Plunketts Creek"
"2365","PK0-KC","Longnose Dace",98,8.17,0.912222057,1.991226076,"6/16/2025","020502060504 Plunketts Creek"
"2366","PK0-KC","Longnose Dace",89,7.66,0.88422877,1.949390007,"6/16/2025","020502060504 Plunketts Creek"
"2367","PK0-KC","Longnose Dace",53,1.74,0.240549248,1.72427587,"6/16/2025","020502060504 Plunketts Creek"
"2368","PK0-KC","Blacknose Dace",42,0.6,-0.22184875,1.62324929,"6/16/2025","020502060504 Plunketts Creek"
"2369","PK0-KC","Longnose Dace",61,1.88,0.274157849,1.785329835,"6/16/2025","020502060504 Plunketts Creek"
"2370","PK0-KC","Longnose Dace",57,1.44,0.158362492,1.755874856,"6/16/2025","020502060504 Plunketts Creek"
"2371","PK0-KC","Longnose Dace",62,2.29,0.359835482,1.792391689,"6/16/2025","020502060504 Plunketts Creek"
"2372","PK0-KC","Longnose Dace",63,2.4,0.380211242,1.799340549,"6/21/2022","020502060504 Plunketts Creek"
"2373","PK0-KC","Blacknose Dace",53,1.53,0.184691431,1.72427587,"6/16/2025","020502060504 Plunketts Creek"
"2374","PK0-KC","Blacknose Dace",44,0.7,-0.15490196,1.643452676,"6/16/2025","020502060504 Plunketts Creek"
"2375","PK0-KC","Blacknose Dace",36,0.42,-0.37675071,1.556302501,"6/16/2025","020502060504 Plunketts Creek"
"2376","PK0-KC","Blacknose Dace",61,2.03,0.307496038,1.785329835,"6/16/2025","020502060504 Plunketts Creek"
"2377","PK0-KC","Blacknose Dace",41,0.58,-0.236572006,1.612783857,"6/16/2025","020502060504 Plunketts Creek"
"2378","PK0-KC","Creek Chub",111,13.53,1.131297797,2.045322979,"6/16/2025","020502060504 Plunketts Creek"
"2379","PK0-KC","Blacknose Dace",61,2.34,0.369215857,1.785329835,"6/16/2025","020502060504 Plunketts Creek"
"2380","PK0-KC","Longnose Dace",61,2,0.301029996,1.785329835,"6/21/2022","020502060504 Plunketts Creek"
"2381","PK0-KC","Longnose Dace",59,1.9,0.278753601,1.770852012,"6/21/2022","020502060504 Plunketts Creek"
"2382","PK0-KC","Longnose Dace",55,1.4,0.146128036,1.740362689,"6/21/2022","020502060504 Plunketts Creek"
"2383","PK0-KC","Longnose Dace",56,1.4,0.146128036,1.748188027,"6/21/2022","020502060504 Plunketts Creek"
"2384","PK0-KC","Blacknose Dace",47,0.9,-0.045757491,1.672097858,"6/21/2022","020502060504 Plunketts Creek"
"2385","PK0-KC","Longnose Dace",88,7.08,0.850033258,1.944482672,"6/20/2024","020502060504 Plunketts Creek"
"2386","PK0-KC","Blacknose Dace",54,1.48,0.170261715,1.73239376,"6/20/2024","020502060504 Plunketts Creek"
"2387","PK0-KC","Longnose Dace",49,1.61,0.206825876,1.69019608,"6/20/2024","020502060504 Plunketts Creek"
"2388","PK0-KC","Longnose Dace",55,1.6,0.204119983,1.740362689,"6/21/2022","020502060504 Plunketts Creek"
"2389","PK0-KC","Blacknose Dace",71,3.1,0.491361694,1.851258349,"6/21/2022","020502060504 Plunketts Creek"
"2390","PK0-KC","Blacknose Dace",46,0.9,-0.045757491,1.662757832,"6/21/2022","020502060504 Plunketts Creek"
"2391","PK0-KC","Blacknose Dace",53,1.3,0.113943352,1.72427587,"6/21/2022","020502060504 Plunketts Creek"
"2392","PK0-KC","Longnose Dace",60,1.3,0.113943352,1.77815125,"6/21/2022","020502060504 Plunketts Creek"
"2393","PK0-KC","Blacknose Dace",54,1.3,0.113943352,1.73239376,"6/21/2022","020502060504 Plunketts Creek"
"2394","PK0-KC","Longnose Dace",51,1.6,0.204119983,1.707570176,"6/21/2022","020502060504 Plunketts Creek"
"2395","PK0-KC","Longnose Dace",58,1.7,0.230448921,1.763427994,"6/21/2022","020502060504 Plunketts Creek"
"2396","PK0-KC","Longnose Dace",86,5.42,0.733999287,1.934498451,"6/16/2025","020502060504 Plunketts Creek"
"2397","PK0-KC","Blacknose Dace",37,0.43,-0.366531544,1.568201724,"6/16/2025","020502060504 Plunketts Creek"
"2398","PK0-KC","Blacknose Dace",57,1.63,0.212187604,1.755874856,"6/16/2025","020502060504 Plunketts Creek"
"2399","PK0-KC","Blacknose Dace",38,0.47,-0.327902142,1.579783597,"6/16/2025","020502060504 Plunketts Creek"
"2400","PK0-KC","Longnose Dace",93,7.27,0.861534411,1.968482949,"6/16/2025","020502060504 Plunketts Creek"
"2401","PK0-KC","Longnose Dace",63,2.22,0.346352974,1.799340549,"6/16/2025","020502060504 Plunketts Creek"
"2402","PK0-KC","Longnose Dace",57,1.52,0.181843588,1.755874856,"6/16/2025","020502060504 Plunketts Creek"
"2403","PK0-KC","Blacknose Dace",39,0.48,-0.318758763,1.591064607,"6/16/2025","020502060504 Plunketts Creek"
"2404","PK0-KC","Longnose Dace",56,1.45,0.161368002,1.748188027,"6/16/2025","020502060504 Plunketts Creek"
"2405","PK0-KC","Blacknose Dace",67,3.2,0.505149978,1.826074803,"6/21/2022","020502060504 Plunketts Creek"
"2406","PK0-KC","Longnose Dace",50,1,0,1.698970004,"6/21/2022","020502060504 Plunketts Creek"
"2407","PK0-KC","Creek Chub",56,1.8,0.255272505,1.748188027,"6/21/2022","020502060504 Plunketts Creek"
"2408","PK0-KC","Blacknose Dace",36,0.6,-0.22184875,1.556302501,"6/15/2023","020502060504 Plunketts Creek"
"2409","PK0-KC","Longnose Dace",71,4.3,0.633468456,1.851258349,"6/15/2023","020502060504 Plunketts Creek"
"2410","PK0-KC","Longnose Dace",74,2.7,0.431363764,1.86923172,"6/15/2023","020502060504 Plunketts Creek"
"2411","PK0-KC","Blacknose Dace",69,2.7,0.431363764,1.838849091,"6/15/2023","020502060504 Plunketts Creek"
"2412","PK0-KC","Creek Chub",51,1.08,0.033423755,1.707570176,"6/20/2024","020502060504 Plunketts Creek"
"2413","PK0-KC","Creek Chub",64,2.86,0.456366033,1.806179974,"6/20/2024","020502060504 Plunketts Creek"
"2414","PK0-KC","Blacknose Dace",45,0.8,-0.096910013,1.653212514,"6/20/2024","020502060504 Plunketts Creek"
"2415","PK0-KC","Blacknose Dace",45,0.81,-0.091514981,1.653212514,"6/20/2024","020502060504 Plunketts Creek"
"2416","PK0-KC","Longnose Dace",81,5.75,0.759667845,1.908485019,"6/20/2024","020502060504 Plunketts Creek"
"2417","PK0-KC","Longnose Dace",66,2.75,0.439332694,1.819543936,"6/20/2024","020502060504 Plunketts Creek"
"2418","PK0-KC","Creek Chub",71,3.44,0.536558443,1.851258349,"6/20/2024","020502060504 Plunketts Creek"
"2419","PK0-KC","Longnose Dace",87,6.21,0.7930916,1.939519253,"6/20/2024","020502060504 Plunketts Creek"
"2420","PK0-KC","Longnose Dace",70,2.9,0.462397998,1.84509804,"6/21/2022","020502060504 Plunketts Creek"
"2421","PK0-KC","Blacknose Dace",59,1.9,0.278753601,1.770852012,"6/21/2022","020502060504 Plunketts Creek"
"2422","PK0-KC","Blacknose Dace",75,4.1,0.612783857,1.875061263,"6/21/2022","020502060504 Plunketts Creek"
"2423","PK0-KC","Longnose Dace",54,1.7,0.230448921,1.73239376,"6/21/2022","020502060504 Plunketts Creek"
"2424","PK0-KC","Longnose Dace",55,1.46,0.164352856,1.740362689,"6/16/2025","020502060504 Plunketts Creek"
"2425","PK0-KC","Blacknose Dace",34,0.36,-0.443697499,1.531478917,"6/16/2025","020502060504 Plunketts Creek"
"2426","PK0-KC","Blacknose Dace",36,0.44,-0.356547324,1.556302501,"6/16/2025","020502060504 Plunketts Creek"
"2427","PK0-KC","Longnose Dace",51,1.15,0.06069784,1.707570176,"6/16/2025","020502060504 Plunketts Creek"
"2428","PK0-KC","Blacknose Dace",61,2.1,0.322219295,1.785329835,"6/16/2025","020502060504 Plunketts Creek"
"2429","PK0-KC","Longnose Dace",71,3.53,0.547774705,1.851258349,"6/16/2025","020502060504 Plunketts Creek"
"2430","PK0-KC","Longnose Dace",48,1.05,0.021189299,1.681241237,"6/16/2025","020502060504 Plunketts Creek"
"2431","PK0-KC","Longnose Dace",56,1.49,0.173186268,1.748188027,"6/16/2025","020502060504 Plunketts Creek"
"2432","PK0-KC","Blacknose Dace",64,2.18,0.338456494,1.806179974,"6/16/2025","020502060504 Plunketts Creek"
"2433","PK0-KC","Blacknose Dace",56,1.81,0.257678575,1.748188027,"6/16/2025","020502060504 Plunketts Creek"
"2434","PK0-KC","Blacknose Dace",70,2.94,0.46834733,1.84509804,"6/16/2025","020502060504 Plunketts Creek"
"2435","PK0-KC","Longnose Dace",77,4.11,0.613841822,1.886490725,"6/16/2025","020502060504 Plunketts Creek"
"2436","PK0-KC","Longnose Dace",61,1.97,0.294466226,1.785329835,"6/16/2025","020502060504 Plunketts Creek"
"2437","PK0-KC","Longnose Dace",82,5.25,0.720159303,1.913813852,"6/16/2025","020502060504 Plunketts Creek"
"2438","PK0-KC","Blacknose Dace",62,2.7,0.431363764,1.792391689,"6/15/2023","020502060504 Plunketts Creek"
"2439","PK0-KC","Blacknose Dace",61,2,0.301029996,1.785329835,"6/15/2023","020502060504 Plunketts Creek"
"2440","PK0-KC","Blacknose Dace",32,0.3,-0.522878745,1.505149978,"6/15/2023","020502060504 Plunketts Creek"
"2441","PK0-KC","Blacknose Dace",69,2.3,0.361727836,1.838849091,"6/15/2023","020502060504 Plunketts Creek"
"2442","PK0-KC","Blacknose Dace",55,1.7,0.230448921,1.740362689,"6/15/2023","020502060504 Plunketts Creek"
"2443","PK0-KC","Longnose Dace",61,2.2,0.342422681,1.785329835,"6/21/2022","020502060504 Plunketts Creek"
"2444","PK0-KC","Creek Chub",60,2,0.301029996,1.77815125,"6/21/2022","020502060504 Plunketts Creek"
"2445","PK0-KC","Blacknose Dace",55,1.4,0.146128036,1.740362689,"6/21/2022","020502060504 Plunketts Creek"
"2446","PK0-KC","Blacknose Dace",65,2.4,0.380211242,1.812913357,"6/21/2022","020502060504 Plunketts Creek"
"2447","PK0-KC","Longnose Dace",60,1.8,0.255272505,1.77815125,"6/21/2022","020502060504 Plunketts Creek"
"2448","PK0-KC","Longnose Dace",55,1.4,0.146128036,1.740362689,"6/21/2022","020502060504 Plunketts Creek"
"2449","PK0-KC","Longnose Dace",56,1.8,0.255272505,1.748188027,"6/21/2022","020502060504 Plunketts Creek"
"2450","PK0-KC","Blacknose Dace",67,3.4,0.531478917,1.826074803,"6/21/2022","020502060504 Plunketts Creek"
"2451","PK0-KC","Blacknose Dace",61,1.9,0.278753601,1.785329835,"6/21/2022","020502060504 Plunketts Creek"
"2452","PK0-KC","Blacknose Dace",74,4.02,0.604226053,1.86923172,"6/20/2024","020502060504 Plunketts Creek"
"2453","PK0-KC","Blacknose Dace",53,1.2,0.079181246,1.72427587,"6/20/2024","020502060504 Plunketts Creek"
"2454","PK0-KC","Longnose Dace",83,5.48,0.738780558,1.919078092,"6/20/2024","020502060504 Plunketts Creek"
"2455","PK0-KC","Creek Chub",83,6.04,0.781036939,1.919078092,"6/20/2024","020502060504 Plunketts Creek"
"2456","PK0-KC","Longnose Dace",75,3.64,0.561101384,1.875061263,"6/20/2024","020502060504 Plunketts Creek"
"2457","PK0-KC","Longnose Dace",93,7.73,0.888179494,1.968482949,"6/20/2024","020502060504 Plunketts Creek"
"2458","PK0-KC","Blacknose Dace",52,1.07,0.029383778,1.716003344,"6/20/2024","020502060504 Plunketts Creek"
"2459","PK0-KC","Creek Chub",77,5.4,0.73239376,1.886490725,"6/21/2022","020502060504 Plunketts Creek"
"2460","PK0-KC","Blacknose Dace",55,1.6,0.204119983,1.740362689,"6/21/2022","020502060504 Plunketts Creek"
"2461","PK0-KC","Blacknose Dace",72,3.7,0.568201724,1.857332496,"6/21/2022","020502060504 Plunketts Creek"
"2462","PK0-KC","Blacknose Dace",63,2,0.301029996,1.799340549,"6/21/2022","020502060504 Plunketts Creek"
"2463","PK0-KC","Longnose Dace",62,2.2,0.342422681,1.792391689,"6/21/2022","020502060504 Plunketts Creek"
"2464","PK0-KC","Blacknose Dace",59,2.2,0.342422681,1.770852012,"6/21/2022","020502060504 Plunketts Creek"
"2465","PK0-KC","Longnose Dace",56,1.9,0.278753601,1.748188027,"6/21/2022","020502060504 Plunketts Creek"
"2466","PK0-KC","Blacknose Dace",60,1.9,0.278753601,1.77815125,"6/21/2022","020502060504 Plunketts Creek"
"2467","PK0-KC","Blacknose Dace",50,1,0,1.698970004,"6/21/2022","020502060504 Plunketts Creek"
"2468","PK0-KC","Blacknose Dace",70,3.1,0.491361694,1.84509804,"6/21/2022","020502060504 Plunketts Creek"
"2469","PK0-KC","Longnose Dace",57,1.6,0.204119983,1.755874856,"6/21/2022","020502060504 Plunketts Creek"
"2470","PK0-KC","Blacknose Dace",50,1,0,1.698970004,"6/21/2022","020502060504 Plunketts Creek"
"2471","PK0-KC","Blacknose Dace",56,2.1,0.322219295,1.748188027,"6/21/2022","020502060504 Plunketts Creek"
"2472","PK0-KC","Longnose Dace",54,1.3,0.113943352,1.73239376,"6/21/2022","020502060504 Plunketts Creek"
"2473","PK0-KC","Blacknose Dace",54,1.5,0.176091259,1.73239376,"6/21/2022","020502060504 Plunketts Creek"
"2474","PK0-KC","Blacknose Dace",68,3,0.477121255,1.832508913,"6/21/2022","020502060504 Plunketts Creek"
"2475","PK0-KC","Blacknose Dace",68,3.12,0.494154594,1.832508913,"6/20/2024","020502060504 Plunketts Creek"
"2476","PK0-KC","Longnose Dace",68,2.51,0.399673721,1.832508913,"6/20/2024","020502060504 Plunketts Creek"
"2477","PK0-KC","Blacknose Dace",43,0.64,-0.193820026,1.633468456,"6/20/2024","020502060504 Plunketts Creek"
"2478","PK0-KC","Creek Chub",68,3.31,0.519827994,1.832508913,"6/20/2024","020502060504 Plunketts Creek"
"2479","PK0-KC","Blacknose Dace",53,1.39,0.1430148,1.72427587,"6/20/2024","020502060504 Plunketts Creek"
"2480","PK0-KC","Longnose Dace",75,4.48,0.651278014,1.875061263,"6/20/2024","020502060504 Plunketts Creek"
"2481","PK0-KC","Longnose Dace",78,4.14,0.617000341,1.892094603,"6/20/2024","020502060504 Plunketts Creek"
"2482","PK0-KC","Blacknose Dace",62,2.31,0.36361198,1.792391689,"6/20/2024","020502060504 Plunketts Creek"
"2483","PK0-KC","Creek Chub",69,3.31,0.519827994,1.838849091,"6/20/2024","020502060504 Plunketts Creek"
"2484","PK0-KC","Longnose Dace",67,2.85,0.45484486,1.826074803,"6/20/2024","020502060504 Plunketts Creek"
"2485","PK0-KC","Creek Chub",67,3.31,0.519827994,1.826074803,"6/20/2024","020502060504 Plunketts Creek"
"2486","PK0-KC","Blacknose Dace",47,0.95,-0.022276395,1.672097858,"6/20/2024","020502060504 Plunketts Creek"
"2487","PK0-KC","Blacknose Dace",34,0.33,-0.48148606,1.531478917,"6/20/2024","020502060504 Plunketts Creek"
"2488","PK0-KC","Longnose Dace",95,8.06,0.906335042,1.977723605,"6/20/2024","020502060504 Plunketts Creek"
"2489","PK0-KC","Blacknose Dace",40,0.53,-0.27572413,1.602059991,"6/20/2024","020502060504 Plunketts Creek"
"2490","PK0-KC","Blacknose Dace",52,1.26,0.100370545,1.716003344,"6/20/2024","020502060504 Plunketts Creek"
"2491","PK0-KC","Creek Chub",62,2.69,0.42975228,1.792391689,"6/20/2024","020502060504 Plunketts Creek"
"2492","PK0-KC","Longnose Dace",96,9.66,0.984977126,1.982271233,"6/20/2024","020502060504 Plunketts Creek"
"2493","PK0-KC","Blacknose Dace",54,1.35,0.130333768,1.73239376,"6/20/2024","020502060504 Plunketts Creek"
"2494","PK0-KC","Longnose Dace",87,6.31,0.800029359,1.939519253,"6/20/2024","020502060504 Plunketts Creek"
"2495","PK0-KC","Blacknose Dace",71,4.11,0.613841822,1.851258349,"6/20/2024","020502060504 Plunketts Creek"
"2496","PK0-KC","Blacknose Dace",59,1.5,0.176091259,1.770852012,"6/15/2023","020502060504 Plunketts Creek"
"2497","PK0-KC","Blacknose Dace",68,2.4,0.380211242,1.832508913,"6/15/2023","020502060504 Plunketts Creek"
"2498","PK0-KC","Blacknose Dace",38,0.4,-0.397940009,1.579783597,"6/15/2023","020502060504 Plunketts Creek"
"2499","PK0-KC","Blacknose Dace",71,4.5,0.653212514,1.851258349,"6/15/2023","020502060504 Plunketts Creek"
"2500","PK0-KC","Longnose Dace",51,1.1,0.041392685,1.707570176,"6/21/2022","020502060504 Plunketts Creek"
"2501","PK0-KC","Blacknose Dace",55,1.7,0.230448921,1.740362689,"6/21/2022","020502060504 Plunketts Creek"
"2502","PK0-KC","Longnose Dace",62,1.9,0.278753601,1.792391689,"6/21/2022","020502060504 Plunketts Creek"
"2503","PK0-KC","Longnose Dace",59,1.6,0.204119983,1.770852012,"6/21/2022","020502060504 Plunketts Creek"
"2504","PK0-KC","Longnose Dace",54,1.2,0.079181246,1.73239376,"6/21/2022","020502060504 Plunketts Creek"
"2505","PK0-KC","Blacknose Dace",71,4.3,0.633468456,1.851258349,"6/21/2022","020502060504 Plunketts Creek"
"2506","PK0-KC","Blacknose Dace",47,1.02,0.008600172,1.672097858,"6/20/2024","020502060504 Plunketts Creek"
"2507","PK0-KC","Blacknose Dace",47,0.79,-0.102372909,1.672097858,"6/20/2024","020502060504 Plunketts Creek"
"2508","PK0-KC","Blacknose Dace",53,1.35,0.130333768,1.72427587,"6/20/2024","020502060504 Plunketts Creek"
"2509","PK0-KC","Blacknose Dace",52,1.35,0.130333768,1.716003344,"6/20/2024","020502060504 Plunketts Creek"
"2510","PK0-KC","Blacknose Dace",46,0.94,-0.026872146,1.662757832,"6/20/2024","020502060504 Plunketts Creek"
"2511","PK0-KC","Longnose Dace",83,6.17,0.790285164,1.919078092,"6/20/2024","020502060504 Plunketts Creek"
"2512","PK0-KC","Blacknose Dace",60,2.13,0.328379603,1.77815125,"6/16/2025","020502060504 Plunketts Creek"
"2513","PK0-KC","Longnose Dace",56,1.62,0.209515015,1.748188027,"6/16/2025","020502060504 Plunketts Creek"
"2514","PK0-KC","Longnose Dace",75,4.04,0.606381365,1.875061263,"6/16/2025","020502060504 Plunketts Creek"
"2515","PK0-KC","Blacknose Dace",50,1.07,0.029383778,1.698970004,"6/20/2024","020502060504 Plunketts Creek"
"2516","PK0-KC","Blacknose Dace",42,0.66,-0.180456064,1.62324929,"6/20/2024","020502060504 Plunketts Creek"
"2517","PK0-KC","Blacknose Dace",70,3.34,0.523746467,1.84509804,"6/20/2024","020502060504 Plunketts Creek"
"2518","PK0-KC","Blacknose Dace",42,0.76,-0.119186408,1.62324929,"6/20/2024","020502060504 Plunketts Creek"
"2519","PK0-KC","Longnose Dace",74,3.89,0.589949601,1.86923172,"6/20/2024","020502060504 Plunketts Creek"
"2520","PK0-KC","Longnose Dace",68,2.87,0.457881897,1.832508913,"6/20/2024","020502060504 Plunketts Creek"
"2521","PK0-KC","Longnose Dace",77,2.85,0.45484486,1.886490725,"6/20/2024","020502060504 Plunketts Creek"
"2522","PK0-KC","Blacknose Dace",50,1.8,0.255272505,1.698970004,"6/20/2024","020502060504 Plunketts Creek"
"2523","PK0-KC","Blacknose Dace",56,1.6,0.204119983,1.748188027,"6/21/2022","020502060504 Plunketts Creek"
"2524","PK0-KC","Blacknose Dace",45,0.7,-0.15490196,1.653212514,"6/21/2022","020502060504 Plunketts Creek"
"2525","PK0-KC","Longnose Dace",68,2.8,0.447158031,1.832508913,"6/21/2022","020502060504 Plunketts Creek"
"2526","PK0-KC","Longnose Dace",54,1.2,0.079181246,1.73239376,"6/21/2022","020502060504 Plunketts Creek"
"2527","PK0-KC","Blacknose Dace",56,1.7,0.230448921,1.748188027,"6/21/2022","020502060504 Plunketts Creek"
"2528","PK0-KC","Blacknose Dace",57,1.6,0.204119983,1.755874856,"6/21/2022","020502060504 Plunketts Creek"
"2529","PK0-KC","Blacknose Dace",58,1.94,0.28780173,1.763427994,"6/16/2025","020502060504 Plunketts Creek"
"2530","PK0-KC","Blacknose Dace",60,1.97,0.294466226,1.77815125,"6/16/2025","020502060504 Plunketts Creek"
"2531","PK0-KC","Longnose Dace",48,1.08,0.033423755,1.681241237,"6/16/2025","020502060504 Plunketts Creek"
"2532","PK0-KC","Blacknose Dace",39,0.52,-0.283996656,1.591064607,"6/16/2025","020502060504 Plunketts Creek"
"2533","PK0-KC","Creek Chub",62,2.67,0.426511261,1.792391689,"6/16/2025","020502060504 Plunketts Creek"
"2534","PK0-KC","Blacknose Dace",48,1,0,1.681241237,"6/16/2025","020502060504 Plunketts Creek"
"2535","PK0-KC","Blacknose Dace",61,1.93,0.285557309,1.785329835,"6/20/2024","020502060504 Plunketts Creek"
"2536","PK0-KC","Blacknose Dace",39,0.52,-0.283996656,1.591064607,"6/20/2024","020502060504 Plunketts Creek"
"2537","PK0-KC","Longnose Dace",94,8.22,0.914871818,1.973127854,"6/20/2024","020502060504 Plunketts Creek"
"2538","PK0-KC","Blacknose Dace",64,2.3,0.361727836,1.806179974,"6/20/2024","020502060504 Plunketts Creek"
"2539","PK0-KC","Blacknose Dace",62,2.07,0.315970345,1.792391689,"6/20/2024","020502060504 Plunketts Creek"
"2540","PK0-KC","Longnose Dace",64,2.41,0.382017043,1.806179974,"6/20/2024","020502060504 Plunketts Creek"
"2541","PK0-KC","Longnose Dace",45,0.8,-0.096910013,1.653212514,"6/15/2023","020502060504 Plunketts Creek"
"2542","PK0-KC","Blacknose Dace",65,2.4,0.380211242,1.812913357,"6/15/2023","020502060504 Plunketts Creek"
"2543","PK0-KC","Blacknose Dace",60,2.1,0.322219295,1.77815125,"6/15/2023","020502060504 Plunketts Creek"
"2544","PK0-KC","Longnose Dace",83,5.53,0.742725131,1.919078092,"6/20/2024","020502060504 Plunketts Creek"
"2545","PK0-KC","Longnose Dace",98,9.93,0.996949248,1.991226076,"6/20/2024","020502060504 Plunketts Creek"
"2546","PK0-KC","Longnose Dace",84,6.82,0.833784375,1.924279286,"6/20/2024","020502060504 Plunketts Creek"
"2547","PK0-KC","Longnose Dace",66,2.53,0.403120521,1.819543936,"6/20/2024","020502060504 Plunketts Creek"
"2548","PK0-KC","Longnose Dace",80,5.15,0.711807229,1.903089987,"6/20/2024","020502060504 Plunketts Creek"
"2549","PK0-KC","Longnose Dace",83,4.28,0.631443769,1.919078092,"6/20/2024","020502060504 Plunketts Creek"
"2550","PK0-KC","Longnose Dace",89,7.07,0.849419414,1.949390007,"6/20/2024","020502060504 Plunketts Creek"
"2551","PK0-KC","Longnose Dace",81,5.18,0.71432976,1.908485019,"6/20/2024","020502060504 Plunketts Creek"
"2552","PK0-KC","Longnose Dace",82,4.59,0.661812686,1.913813852,"6/20/2024","020502060504 Plunketts Creek"
"2553","PK0-KC","Creek Chub",61,2.56,0.408239965,1.785329835,"6/20/2024","020502060504 Plunketts Creek"
"2554","PK0-RK","Longnose Dace",90,7.24,0.859738566,1.954242509,"6/18/2025","020502060504 Plunketts Creek"
"2555","PK0-RK","Blacknose Dace",45,0.9,-0.045757491,1.653212514,"6/18/2025","020502060504 Plunketts Creek"
"2556","PK0-RK","Longnose Dace",106,10.3,1.012837225,2.025305865,"6/18/2025","020502060504 Plunketts Creek"
"2557","PK0-RK","Longnose Dace",105,12.74,1.105169428,2.021189299,"6/18/2025","020502060504 Plunketts Creek"
"2558","PK0-RK","Blacknose Dace",69,2.95,0.469822016,1.838849091,"6/18/2025","020502060504 Plunketts Creek"
"2559","PK0-RK","Blacknose Dace",58,1.61,0.206825876,1.763427994,"6/18/2025","020502060504 Plunketts Creek"
"2560","PK0-RK","Longnose Dace",54,1.33,0.123851641,1.73239376,"6/18/2025","020502060504 Plunketts Creek"
"2561","PK0-RK","Creek Chub",64,2.96,0.471291711,1.806179974,"6/18/2025","020502060504 Plunketts Creek"
"2562","PK0-RK","Longnose Dace",104,11.87,1.074450719,2.017033339,"6/18/2025","020502060504 Plunketts Creek"
"2563","PK0-RK","Longnose Dace",78,4.29,0.632457292,1.892094603,"6/18/2025","020502060504 Plunketts Creek"
"2564","PK0-RK","Longnose Dace",54,1.39,0.1430148,1.73239376,"6/18/2025","020502060504 Plunketts Creek"
"2565","PK0-RK","Blacknose Dace",51,1.25,0.096910013,1.707570176,"6/18/2025","020502060504 Plunketts Creek"
"2566","PK0-RK","Blacknose Dace",45,0.9,-0.045757491,1.653212514,"6/22/2022","020502060504 Plunketts Creek"
"2567","PK0-RK","Longnose Dace",63,2.1,0.322219295,1.799340549,"6/22/2022","020502060504 Plunketts Creek"
"2568","PK0-RK","Blacknose Dace",69,1.9,0.278753601,1.838849091,"6/22/2022","020502060504 Plunketts Creek"
"2569","PK0-RK","Longnose Dace",64,2.1,0.322219295,1.806179974,"6/22/2022","020502060504 Plunketts Creek"
"2570","PK0-RK","Longnose Dace",86,6.23,0.794488047,1.934498451,"6/18/2025","020502060504 Plunketts Creek"
"2571","PK0-RK","Blacknose Dace",42,0.63,-0.200659451,1.62324929,"6/18/2025","020502060504 Plunketts Creek"
"2572","PK0-RK","Longnose Dace",98,8.54,0.931457871,1.991226076,"6/18/2025","020502060504 Plunketts Creek"
"2573","PK0-RK","Blacknose Dace",59,1.9,0.278753601,1.770852012,"6/18/2025","020502060504 Plunketts Creek"
"2574","PK0-RK","Longnose Dace",83,5.13,0.710117365,1.919078092,"6/18/2025","020502060504 Plunketts Creek"
"2575","PK0-RK","Longnose Dace",77,4.2,0.62324929,1.886490725,"6/18/2025","020502060504 Plunketts Creek"
"2576","PK0-RK","Longnose Dace",105,9.7,0.986771734,2.021189299,"6/22/2022","020502060504 Plunketts Creek"
"2577","PK0-RK","Longnose Dace",62,1.8,0.255272505,1.792391689,"6/22/2022","020502060504 Plunketts Creek"
"2578","PK0-RK","Blacknose Dace",49,1,0,1.69019608,"6/22/2022","020502060504 Plunketts Creek"
"2579","PK0-RK","Longnose Dace",68,2,0.301029996,1.832508913,"6/22/2022","020502060504 Plunketts Creek"
"2580","PK0-RK","Longnose Dace",58,1.6,0.204119983,1.763427994,"6/22/2022","020502060504 Plunketts Creek"
"2581","PK0-RK","Blacknose Dace",53,1.3,0.113943352,1.72427587,"6/22/2022","020502060504 Plunketts Creek"
"2582","PK0-RK","Blacknose Dace",47,1,0,1.672097858,"6/22/2022","020502060504 Plunketts Creek"
"2583","PK0-RK","Blacknose Dace",64,2.1,0.322219295,1.806179974,"6/22/2022","020502060504 Plunketts Creek"
"2584","PK0-RK","Longnose Dace",61,2,0.301029996,1.785329835,"6/22/2022","020502060504 Plunketts Creek"
"2585","PK0-RK","Longnose Dace",49,1,0,1.69019608,"6/22/2022","020502060504 Plunketts Creek"
"2586","PK0-RK","Blacknose Dace",45,0.8,-0.096910013,1.653212514,"6/22/2022","020502060504 Plunketts Creek"
"2587","PK0-RK","Blacknose Dace",42,0.7,-0.15490196,1.62324929,"6/22/2022","020502060504 Plunketts Creek"
"2588","PK0-RK","Longnose Dace",97,7.85,0.894869657,1.986771734,"6/18/2025","020502060504 Plunketts Creek"
"2589","PK0-RK","Blacknose Dace",59,1.89,0.276461804,1.770852012,"6/18/2025","020502060504 Plunketts Creek"
"2590","PK0-RK","Blacknose Dace",65,2.45,0.389166084,1.812913357,"6/18/2025","020502060504 Plunketts Creek"
"2591","PK0-RK","Longnose Dace",61,2.14,0.330413773,1.785329835,"6/18/2025","020502060504 Plunketts Creek"
"2592","PK0-RK","Longnose Dace",94,8.76,0.942504106,1.973127854,"6/18/2025","020502060504 Plunketts Creek"
"2593","PK0-RK","Longnose Dace",94,9.37,0.971739591,1.973127854,"6/18/2025","020502060504 Plunketts Creek"
"2594","PK0-RK","Longnose Dace",105,10.71,1.029789471,2.021189299,"6/18/2025","020502060504 Plunketts Creek"
"2595","PK0-RK","Blacknose Dace",60,1.9,0.278753601,1.77815125,"6/22/2022","020502060504 Plunketts Creek"
"2596","PK0-RK","Creek Chub",63,2.5,0.397940009,1.799340549,"6/22/2022","020502060504 Plunketts Creek"
"2597","PK0-RK","Blacknose Dace",50,1,0,1.698970004,"6/22/2022","020502060504 Plunketts Creek"
"2598","PK0-RK","Blacknose Dace",48,1,0,1.681241237,"6/22/2022","020502060504 Plunketts Creek"
"2599","PK0-RK","Blacknose Dace",39,0.6,-0.22184875,1.591064607,"6/22/2022","020502060504 Plunketts Creek"
"2600","PK0-RK","Longnose Dace",55,1.7,0.230448921,1.740362689,"6/22/2022","020502060504 Plunketts Creek"
"2601","PK0-RK","Longnose Dace",57,1.5,0.176091259,1.755874856,"6/22/2022","020502060504 Plunketts Creek"
"2602","PK0-RK","Blacknose Dace",44,0.7,-0.15490196,1.643452676,"6/22/2022","020502060504 Plunketts Creek"
"2603","PK0-RK","Blacknose Dace",63,2.3,0.361727836,1.799340549,"6/22/2022","020502060504 Plunketts Creek"
"2604","PK0-RK","Longnose Dace",56,1.4,0.146128036,1.748188027,"6/22/2022","020502060504 Plunketts Creek"
"2605","PK0-RK","Blacknose Dace",62,2,0.301029996,1.792391689,"6/22/2022","020502060504 Plunketts Creek"
"2606","PK0-RK","Longnose Dace",56,1.4,0.146128036,1.748188027,"6/22/2022","020502060504 Plunketts Creek"
"2607","PK0-RK","Blacknose Dace",52,1.2,0.079181246,1.716003344,"6/22/2022","020502060504 Plunketts Creek"
"2608","PK0-RK","Longnose Dace",58,1.4,0.146128036,1.763427994,"6/22/2022","020502060504 Plunketts Creek"
"2609","PK0-RK","Longnose Dace",56,1.6,0.204119983,1.748188027,"6/22/2022","020502060504 Plunketts Creek"
"2610","PK0-RK","Longnose Dace",55,1.5,0.176091259,1.740362689,"6/22/2022","020502060504 Plunketts Creek"
"2611","PK0-RK","Longnose Dace",84,4.5,0.653212514,1.924279286,"6/22/2022","020502060504 Plunketts Creek"
"2612","PK0-RK","Creek Chub",59,2.3,0.361727836,1.770852012,"6/22/2022","020502060504 Plunketts Creek"
"2613","PK0-RK","Longnose Dace",59,1.6,0.204119983,1.770852012,"6/22/2022","020502060504 Plunketts Creek"
"2614","PK0-RK","Blacknose Dace",42,0.6,-0.22184875,1.62324929,"6/22/2022","020502060504 Plunketts Creek"
"2615","PK0-RK","Blacknose Dace",48,1.3,0.113943352,1.681241237,"6/22/2022","020502060504 Plunketts Creek"
"2616","PK0-RK","Blacknose Dace",51,1,0,1.707570176,"6/22/2022","020502060504 Plunketts Creek"
"2617","PK0-RK","Longnose Dace",58,1.7,0.230448921,1.763427994,"6/22/2022","020502060504 Plunketts Creek"
"2618","PK0-RK","Longnose Dace",60,1.8,0.255272505,1.77815125,"6/22/2022","020502060504 Plunketts Creek"
"2619","PK0-RK","Blacknose Dace",43,0.6,-0.22184875,1.633468456,"6/22/2022","020502060504 Plunketts Creek"
"2620","PK0-RK","Blacknose Dace",60,2,0.301029996,1.77815125,"6/22/2022","020502060504 Plunketts Creek"
"2621","PK0-RK","Longnose Dace",80,3.7,0.568201724,1.903089987,"6/22/2022","020502060504 Plunketts Creek"
"2622","PK0-RK","Blacknose Dace",51,1.1,0.041392685,1.707570176,"6/22/2022","020502060504 Plunketts Creek"
"2623","PK0-RK","Creek Chub",56,2,0.301029996,1.748188027,"6/22/2022","020502060504 Plunketts Creek"
"2624","PK0-RK","Blacknose Dace",49,1,0,1.69019608,"6/22/2022","020502060504 Plunketts Creek"
"2625","PK0-RK","Creek Chub",67,3.2,0.505149978,1.826074803,"6/22/2022","020502060504 Plunketts Creek"
"2626","PK0-RK","Creek Chub",87,7,0.84509804,1.939519253,"6/22/2022","020502060504 Plunketts Creek"
"2627","PK0-RK","Creek Chub",63,2.6,0.414973348,1.799340549,"6/22/2022","020502060504 Plunketts Creek"
"2628","PK0-RK","Blacknose Dace",46,0.8,-0.096910013,1.662757832,"6/22/2022","020502060504 Plunketts Creek"
"2629","PK0-RK","Longnose Dace",65,2.5,0.397940009,1.812913357,"6/22/2022","020502060504 Plunketts Creek"
"2630","PK0-RK","Creek Chub",58,2,0.301029996,1.763427994,"6/22/2022","020502060504 Plunketts Creek"
"2631","PK0-RK","Blacknose Dace",47,1,0,1.672097858,"6/22/2022","020502060504 Plunketts Creek"
"2632","PK0-RK","Longnose Dace",61,2.2,0.342422681,1.785329835,"6/22/2022","020502060504 Plunketts Creek"
"2633","PK0-RK","Creek Chub",53,1.4,0.146128036,1.72427587,"6/22/2022","020502060504 Plunketts Creek"
"2634","PK0-RK","Blacknose Dace",58,1.3,0.113943352,1.763427994,"6/22/2022","020502060504 Plunketts Creek"
"2635","PK0-RK","Blacknose Dace",48,1,0,1.681241237,"6/22/2022","020502060504 Plunketts Creek"
"2636","PK0-RK","Creek Chub",62,2.48,0.394451681,1.792391689,"6/18/2025","020502060504 Plunketts Creek"
"2637","PK0-RK","Blacknose Dace",63,2.27,0.356025857,1.799340549,"6/18/2025","020502060504 Plunketts Creek"
"2638","PK0-RK","Blacknose Dace",50,1.08,0.033423755,1.698970004,"6/18/2025","020502060504 Plunketts Creek"
"2639","PK0-RK","Blacknose Dace",55,1.56,0.193124598,1.740362689,"6/18/2025","020502060504 Plunketts Creek"
"2640","PK0-RK","Blacknose Dace",54,1.55,0.190331698,1.73239376,"6/18/2025","020502060504 Plunketts Creek"
"2641","PK0-RK","Blacknose Dace",48,1.07,0.029383778,1.681241237,"6/18/2025","020502060504 Plunketts Creek"
"2642","PK0-RK","Blacknose Dace",43,0.75,-0.124938737,1.633468456,"6/18/2025","020502060504 Plunketts Creek"
"2643","PK0-RK","Longnose Dace",67,2.6,0.414973348,1.826074803,"6/22/2022","020502060504 Plunketts Creek"
"2644","PK0-RK","Blacknose Dace",69,2.9,0.462397998,1.838849091,"6/22/2022","020502060504 Plunketts Creek"
"2645","PK0-RK","Blacknose Dace",48,1.1,0.041392685,1.681241237,"6/22/2022","020502060504 Plunketts Creek"
"2646","PK0-RK","Longnose Dace",60,1.7,0.230448921,1.77815125,"6/22/2022","020502060504 Plunketts Creek"
"2647","PK0-RK","Blacknose Dace",48,1.2,0.079181246,1.681241237,"6/22/2022","020502060504 Plunketts Creek"
"2648","PK0-RK","Longnose Dace",55,1.3,0.113943352,1.740362689,"6/22/2022","020502060504 Plunketts Creek"
"2649","PK0-RK","Longnose Dace",61,1.9,0.278753601,1.785329835,"6/22/2022","020502060504 Plunketts Creek"
"2650","PK0-RK","Longnose Dace",80,4.7,0.672097858,1.903089987,"6/22/2022","020502060504 Plunketts Creek"
"2651","PK0-RK","Creek Chub",67,3.1,0.491361694,1.826074803,"6/22/2022","020502060504 Plunketts Creek"
"2652","PK0-RK","Longnose Dace",55,1.5,0.176091259,1.740362689,"6/22/2022","020502060504 Plunketts Creek"
"2653","PK0-RK","Longnose Dace",59,1.8,0.255272505,1.770852012,"6/22/2022","020502060504 Plunketts Creek"
"2654","PK0-RK","Creek Chub",92,10,1,1.963787827,"6/22/2022","020502060504 Plunketts Creek"
"2655","PK0-RK","Longnose Dace",58,1.8,0.255272505,1.763427994,"6/22/2022","020502060504 Plunketts Creek"
"2656","PK0-RK","Longnose Dace",96,8.98,0.953276337,1.982271233,"6/18/2025","020502060504 Plunketts Creek"
"2657","PK0-RK","Longnose Dace",98,8.15,0.911157609,1.991226076,"6/18/2025","020502060504 Plunketts Creek"
"2658","PK0-RK","Longnose Dace",62,1.95,0.290034611,1.792391689,"6/18/2025","020502060504 Plunketts Creek"
"2659","PK0-RK","Creek Chub",93,7.9,0.897627091,1.968482949,"6/18/2025","020502060504 Plunketts Creek"
"2660","PK0-RK","Blacknose Dace",49,1.27,0.103803721,1.69019608,"6/18/2025","020502060504 Plunketts Creek"
"2661","PK0-RK","Longnose Dace",105,10.61,1.025715384,2.021189299,"6/18/2025","020502060504 Plunketts Creek"
"2662","PK0-RK","Creek Chub",55,1.6,0.204119983,1.740362689,"6/18/2025","020502060504 Plunketts Creek"
"2663","PK0-RK","Blacknose Dace",66,2.57,0.409933123,1.819543936,"6/18/2025","020502060504 Plunketts Creek"
"2664","PK0-RK","Creek Chub",90,7.08,0.850033258,1.954242509,"6/18/2025","020502060504 Plunketts Creek"
"2665","PK0-RK","Longnose Dace",55,1.36,0.133538908,1.740362689,"6/18/2025","020502060504 Plunketts Creek"
"2666","PK0-RK","Blacknose Dace",65,2.69,0.42975228,1.812913357,"6/18/2025","020502060504 Plunketts Creek"
"2667","PK0-RK","Blacknose Dace",74,3.59,0.555094449,1.86923172,"6/18/2025","020502060504 Plunketts Creek"
"2668","PK0-RK","Blacknose Dace",44,0.74,-0.13076828,1.643452676,"6/18/2025","020502060504 Plunketts Creek"
"2669","PK0-RK","Longnose Dace",79,4.14,0.617000341,1.897627091,"6/18/2025","020502060504 Plunketts Creek"
"2670","PK0-RK","Blacknose Dace",58,1.55,0.190331698,1.763427994,"6/18/2025","020502060504 Plunketts Creek"
"2671","PK0-RK","Longnose Dace",78,4.65,0.667452953,1.892094603,"6/18/2025","020502060504 Plunketts Creek"
"2672","PK0-RK","Blacknose Dace",45,0.8,-0.096910013,1.653212514,"6/18/2025","020502060504 Plunketts Creek"
"2673","PK0-RK","Longnose Dace",78,4.55,0.658011397,1.892094603,"6/18/2025","020502060504 Plunketts Creek"
"2674","PK0-RK","Blacknose Dace",42,0.66,-0.180456064,1.62324929,"6/18/2025","020502060504 Plunketts Creek"
"2675","PK0-RK","Creek Chub",89,6.66,0.823474229,1.949390007,"6/18/2025","020502060504 Plunketts Creek"
"2676","PK0-RK","Blacknose Dace",39,0.57,-0.244125144,1.591064607,"6/18/2025","020502060504 Plunketts Creek"
"2677","PK0-RK","Longnose Dace",100,9.35,0.970811611,2,"6/18/2025","020502060504 Plunketts Creek"
"2678","PK0-RK","Blacknose Dace",60,2.02,0.305351369,1.77815125,"6/18/2025","020502060504 Plunketts Creek"
"2679","PK0-RK","Blacknose Dace",59,1.98,0.29666519,1.770852012,"6/18/2025","020502060504 Plunketts Creek"
"2680","PK0-RK","Blacknose Dace",59,1.92,0.283301229,1.770852012,"6/18/2025","020502060504 Plunketts Creek"
"2681","PK0-RK","Creek Chub",92,9.05,0.956648579,1.963787827,"6/18/2025","020502060504 Plunketts Creek"
"2682","PK0-RK","Longnose Dace",94,8,0.903089987,1.973127854,"6/18/2025","020502060504 Plunketts Creek"
"2683","PK0-RK","Longnose Dace",96,8.16,0.911690159,1.982271233,"6/18/2025","020502060504 Plunketts Creek"
"2684","PK0-RK","Longnose Dace",91,7.23,0.859138297,1.959041392,"6/18/2025","020502060504 Plunketts Creek"
"2685","PK0-RK","Blacknose Dace",59,2.01,0.303196057,1.770852012,"6/18/2025","020502060504 Plunketts Creek"
"2686","PK0-RK","Longnose Dace",81,5.27,0.721810615,1.908485019,"6/18/2025","020502060504 Plunketts Creek"
"2687","PK0-RK","Blacknose Dace",55,1.53,0.184691431,1.740362689,"6/18/2025","020502060504 Plunketts Creek"
"2688","PK0-RK","Blacknose Dace",55,1.55,0.190331698,1.740362689,"6/18/2025","020502060504 Plunketts Creek"
"2689","PK0-RK","Longnose Dace",79,4.83,0.683947131,1.897627091,"6/18/2025","020502060504 Plunketts Creek"
"2690","PK0-RK","Creek Chub",44,0.91,-0.040958608,1.643452676,"6/18/2025","020502060504 Plunketts Creek"
"2691","PK0-RK","Blacknose Dace",57,1.93,0.285557309,1.755874856,"6/18/2025","020502060504 Plunketts Creek"
"2692","PK0-RK","Longnose Dace",82,5.24,0.719331287,1.913813852,"6/26/2024","020502060504 Plunketts Creek"
"2693","PK0-RK","Longnose Dace",86,5.52,0.741939078,1.934498451,"6/26/2024","020502060504 Plunketts Creek"
"2694","PK0-RK","Blacknose Dace",54,1.55,0.190331698,1.73239376,"6/26/2024","020502060504 Plunketts Creek"
"2695","PK0-RK","Blacknose Dace",42,0.71,-0.148741651,1.62324929,"6/26/2024","020502060504 Plunketts Creek"
"2696","PK0-RK","Longnose Dace",74,3.88,0.588831726,1.86923172,"6/26/2024","020502060504 Plunketts Creek"
"2697","PK0-RK","Longnose Dace",69,2.86,0.456366033,1.838849091,"6/26/2024","020502060504 Plunketts Creek"
"2698","PK0-RK","Blacknose Dace",38,0.47,-0.327902142,1.579783597,"6/26/2024","020502060504 Plunketts Creek"
"2699","PK0-RK","Longnose Dace",70,3.18,0.50242712,1.84509804,"6/26/2024","020502060504 Plunketts Creek"
"2700","PK0-RK","Blacknose Dace",39,0.5,-0.301029996,1.591064607,"6/26/2024","020502060504 Plunketts Creek"
"2701","PK0-RK","Longnose Dace",84,5.75,0.759667845,1.924279286,"6/26/2024","020502060504 Plunketts Creek"
"2702","PK0-RK","Creek Chub",57,1.83,0.26245109,1.755874856,"6/26/2024","020502060504 Plunketts Creek"
"2703","PK0-RK","Longnose Dace",80,5.04,0.702430536,1.903089987,"6/26/2024","020502060504 Plunketts Creek"
"2704","PK0-RK","Longnose Dace",95,7.52,0.876217841,1.977723605,"6/26/2024","020502060504 Plunketts Creek"
"2705","PK0-RK","Blacknose Dace",70,3.31,0.519827994,1.84509804,"6/26/2024","020502060504 Plunketts Creek"
"2706","PK0-RK","Longnose Dace",87,5.76,0.760422483,1.939519253,"6/26/2024","020502060504 Plunketts Creek"
"2707","PK0-RK","Blacknose Dace",56,1.6,0.204119983,1.748188027,"6/26/2024","020502060504 Plunketts Creek"
"2708","PK0-RK","Longnose Dace",81,5.33,0.726727209,1.908485019,"6/26/2024","020502060504 Plunketts Creek"
"2709","PK0-RK","Blacknose Dace",44,0.81,-0.091514981,1.643452676,"6/26/2024","020502060504 Plunketts Creek"
"2710","PK0-RK","Longnose Dace",86,4.81,0.682145076,1.934498451,"6/26/2024","020502060504 Plunketts Creek"
"2711","PK0-RK","Longnose Dace",73,2.19,0.340444115,1.86332286,"6/26/2024","020502060504 Plunketts Creek"
"2712","PK0-RK","Blacknose Dace",62,2.21,0.344392274,1.792391689,"6/26/2024","020502060504 Plunketts Creek"
"2713","PK0-RK","Blacknose Dace",73,3.39,0.530199698,1.86332286,"6/26/2024","020502060504 Plunketts Creek"
"2714","PK0-RK","Blacknose Dace",44,0.74,-0.13076828,1.643452676,"6/26/2024","020502060504 Plunketts Creek"
"2715","PK0-RK","Blacknose Dace",49,0.98,-0.008773924,1.69019608,"6/26/2024","020502060504 Plunketts Creek"
"2716","PK0-RK","Longnose Dace",86,5.86,0.767897616,1.934498451,"6/26/2024","020502060504 Plunketts Creek"
"2717","PK0-RK","Blacknose Dace",50,1,0,1.698970004,"6/26/2024","020502060504 Plunketts Creek"
"2718","PK0-RK","Blacknose Dace",73,3.69,0.567026366,1.86332286,"6/26/2024","020502060504 Plunketts Creek"
"2719","PK0-RK","Longnose Dace",89,5.97,0.775974331,1.949390007,"6/26/2024","020502060504 Plunketts Creek"
"2720","PK0-RK","Blacknose Dace",37,0.42,-0.37675071,1.568201724,"6/26/2024","020502060504 Plunketts Creek"
"2721","PK0-RK","Longnose Dace",83,5.16,0.712649702,1.919078092,"6/26/2024","020502060504 Plunketts Creek"
"2722","PK0-RK","Blacknose Dace",47,0.9,-0.045757491,1.672097858,"6/26/2024","020502060504 Plunketts Creek"
"2723","PK0-RK","Blacknose Dace",39,0.43,-0.366531544,1.591064607,"6/26/2024","020502060504 Plunketts Creek"
"2724","PK0-RK","Blacknose Dace",40,0.54,-0.26760624,1.602059991,"6/26/2024","020502060504 Plunketts Creek"
"2725","PK0-RK","Creek Chub",69,3.41,0.532754379,1.838849091,"6/26/2024","020502060504 Plunketts Creek"
"2726","PK0-RK","Blacknose Dace",61,2.08,0.318063335,1.785329835,"6/26/2024","020502060504 Plunketts Creek"
"2727","PK0-RK","Longnose Dace",81,4.09,0.611723308,1.908485019,"6/26/2024","020502060504 Plunketts Creek"
"2728","PK0-RK","Longnose Dace",71,3.45,0.537819095,1.851258349,"6/26/2024","020502060504 Plunketts Creek"
"2729","PK0-RK","Blacknose Dace",62,2.17,0.336459734,1.792391689,"6/26/2024","020502060504 Plunketts Creek"
"2730","PK0-RK","Blacknose Dace",37,0.43,-0.366531544,1.568201724,"6/26/2024","020502060504 Plunketts Creek"
"2731","PK0-RK","Blacknose Dace",49,0.96,-0.017728767,1.69019608,"6/26/2024","020502060504 Plunketts Creek"
"2732","PK0-RK","Longnose Dace",94,8.12,0.909556029,1.973127854,"6/26/2024","020502060504 Plunketts Creek"
"2733","PK0-RK","Longnose Dace",81,4.56,0.658964843,1.908485019,"6/26/2024","020502060504 Plunketts Creek"
"2734","PK0-RK","Blacknose Dace",63,2.5,0.397940009,1.799340549,"6/26/2024","020502060504 Plunketts Creek"
"2735","PK0-RK","Blacknose Dace",48,1,0,1.681241237,"6/26/2024","020502060504 Plunketts Creek"
"2736","PK0-RK","Blacknose Dace",62,2.39,0.378397901,1.792391689,"6/26/2024","020502060504 Plunketts Creek"
"2737","PK0-RK","Longnose Dace",95,7.13,0.85308953,1.977723605,"6/26/2024","020502060504 Plunketts Creek"
"2738","PK0-RK","Longnose Dace",93,7.29,0.862727528,1.968482949,"6/26/2024","020502060504 Plunketts Creek"
"2739","PK0-RK","Longnose Dace",90,6.42,0.807535028,1.954242509,"6/26/2024","020502060504 Plunketts Creek"
"2740","PK0-RK","Blacknose Dace",36,0.38,-0.420216403,1.556302501,"6/26/2024","020502060504 Plunketts Creek"
"2741","PK0-RK","Blacknose Dace",37,0.38,-0.420216403,1.568201724,"6/26/2024","020502060504 Plunketts Creek"
"2742","PK0-RK","Longnose Dace",82,4.46,0.649334859,1.913813852,"6/26/2024","020502060504 Plunketts Creek"
"2743","PK0-RK","Longnose Dace",77,4.5,0.653212514,1.886490725,"6/26/2024","020502060504 Plunketts Creek"
"2744","PK0-RK","Blacknose Dace",72,3.39,0.530199698,1.857332496,"6/26/2024","020502060504 Plunketts Creek"
"2745","PK0-RK","Longnose Dace",67,2.36,0.372912003,1.826074803,"6/26/2024","020502060504 Plunketts Creek"
"2746","PK0-RK","Blacknose Dace",37,0.43,-0.366531544,1.568201724,"6/26/2024","020502060504 Plunketts Creek"
"2747","PK0-RK","Longnose Dace",75,3.6,0.556302501,1.875061263,"6/26/2024","020502060504 Plunketts Creek"
"2748","PK0-RK","Longnose Dace",95,7.86,0.895422546,1.977723605,"6/26/2024","020502060504 Plunketts Creek"
"2749","PK0-RK","Blacknose Dace",43,0.71,-0.148741651,1.633468456,"6/26/2024","020502060504 Plunketts Creek"
"2750","PK0-RK","Longnose Dace",69,2.72,0.434568904,1.838849091,"6/26/2024","020502060504 Plunketts Creek"
"2751","Scar.Loyalsock","Creek Chub",83,6.31,0.800029359,1.919078092,"6/28/2024","020502060503 Ogdonia Creek-Loyalsock Creek"
"2752","Shanerburg.Loyalsock","Longnose Dace",148,36.6,1.563481085,2.170261715,"6/28/2022","020502060304 Little Loyalsock Creek-Loyalsock Creek"
"2753","Shanerburg.Loyalsock","Longnose Dace",131,24,1.380211242,2.117271296,"6/28/2022","020502060304 Little Loyalsock Creek-Loyalsock Creek"
"2754","Shanerburg.Loyalsock","Longnose Dace",120,17.7,1.247973266,2.079181246,"6/28/2022","020502060304 Little Loyalsock Creek-Loyalsock Creek"
"2755","Shanerburg.Loyalsock","Longnose Dace",95,8.2,0.913813852,1.977723605,"6/28/2022","020502060304 Little Loyalsock Creek-Loyalsock Creek"
"2756","Shanerburg.Loyalsock","Longnose Dace",109,13.15,1.118925753,2.037426498,"6/24/2025","020502060304 Little Loyalsock Creek-Loyalsock Creek"
"2757","Shanerburg.Loyalsock","Longnose Dace",123,20.27,1.306853749,2.089905111,"6/24/2025","020502060304 Little Loyalsock Creek-Loyalsock Creek"
"2758","Shanerburg.Loyalsock","Longnose Dace",152,36.1,1.557507202,2.181843588,"6/24/2025","020502060304 Little Loyalsock Creek-Loyalsock Creek"
"2759","Shanerburg.Loyalsock","Longnose Dace",129,19.36,1.286905353,2.11058971,"6/24/2025","020502060304 Little Loyalsock Creek-Loyalsock Creek"
"2760","Shanerburg.Loyalsock","Longnose Dace",137,25.7,1.409933123,2.136720567,"6/28/2022","020502060304 Little Loyalsock Creek-Loyalsock Creek"
"2761","Shanerburg.Loyalsock","Longnose Dace",142,28.4,1.45331834,2.152288344,"6/28/2022","020502060304 Little Loyalsock Creek-Loyalsock Creek"
"2762","Shanerburg.Loyalsock","Longnose Dace",140,24.96,1.397244581,2.146128036,"6/24/2025","020502060304 Little Loyalsock Creek-Loyalsock Creek"
"2763","Shanerburg.Loyalsock","Longnose Dace",154,38,1.579783597,2.187520721,"6/28/2022","020502060304 Little Loyalsock Creek-Loyalsock Creek"
"2764","Shanerburg.Loyalsock","Longnose Dace",107,12.4,1.093421685,2.029383778,"6/28/2022","020502060304 Little Loyalsock Creek-Loyalsock Creek"
"2765","Sherman.UpperLoyalsock","Blacknose Dace",76,4.3,0.633468456,1.880813592,"6/27/2023","020502060302 Glass Creek-Loyalsock Creek"
"2766","Sherman.UpperLoyalsock","Creek Chub",80,5.1,0.707570176,1.903089987,"6/27/2023","020502060302 Glass Creek-Loyalsock Creek"
"2767","Sherman.UpperLoyalsock","Creek Chub",79,4.7,0.672097858,1.897627091,"6/27/2023","020502060302 Glass Creek-Loyalsock Creek"
"2768","Sherman.UpperLoyalsock","Creek Chub",97,8.2,0.913813852,1.986771734,"6/27/2023","020502060302 Glass Creek-Loyalsock Creek"
"2769","Sherman.UpperLoyalsock","Blacknose Dace",65,2.3,0.361727836,1.812913357,"6/27/2023","020502060302 Glass Creek-Loyalsock Creek"
"2770","Sherman.UpperLoyalsock","Creek Chub",113,12.8,1.10720997,2.053078443,"6/27/2023","020502060302 Glass Creek-Loyalsock Creek"
"2771","Sherman.UpperLoyalsock","Creek Chub",88,6.6,0.819543936,1.944482672,"6/27/2023","020502060302 Glass Creek-Loyalsock Creek"
"2772","Sherman.UpperLoyalsock","Creek Chub",55,1.9,0.278753601,1.740362689,"6/27/2023","020502060302 Glass Creek-Loyalsock Creek"
"2773","Sherman.UpperLoyalsock","Blacknose Dace",75,3.6,0.556302501,1.875061263,"6/27/2023","020502060302 Glass Creek-Loyalsock Creek"
"2774","Sherman.UpperLoyalsock","Creek Chub",63,2.6,0.414973348,1.799340549,"6/27/2023","020502060302 Glass Creek-Loyalsock Creek"
"2775","Sherman.UpperLoyalsock","Blacknose Dace",69,2.5,0.397940009,1.838849091,"6/27/2023","020502060302 Glass Creek-Loyalsock Creek"
"2776","Sherman.UpperLoyalsock","Creek Chub",164,40.1,1.603144373,2.214843848,"6/27/2023","020502060302 Glass Creek-Loyalsock Creek"
"2777","Sherman.UpperLoyalsock","Blacknose Dace",69,2.7,0.431363764,1.838849091,"6/27/2023","020502060302 Glass Creek-Loyalsock Creek"
"2778","Sherman.UpperLoyalsock","Creek Chub",57,1.8,0.255272505,1.755874856,"6/27/2023","020502060302 Glass Creek-Loyalsock Creek"
"2779","Sherman.UpperLoyalsock","Creek Chub",76,4.1,0.612783857,1.880813592,"6/27/2023","020502060302 Glass Creek-Loyalsock Creek"
"2780","Sherman.UpperLoyalsock","Creek Chub",108,9.8,0.991226076,2.033423755,"6/27/2023","020502060302 Glass Creek-Loyalsock Creek"
"2781","Sherman.UpperLoyalsock","Blacknose Dace",80,4,0.602059991,1.903089987,"6/27/2023","020502060302 Glass Creek-Loyalsock Creek"
"2782","Sherman.UpperLoyalsock","Blacknose Dace",52,1.2,0.079181246,1.716003344,"6/27/2023","020502060302 Glass Creek-Loyalsock Creek"
"2783","Sherman.UpperLoyalsock","Blacknose Dace",66,2.4,0.380211242,1.819543936,"6/27/2023","020502060302 Glass Creek-Loyalsock Creek"
"2784","Sherman.UpperLoyalsock","Creek Chub",111,14,1.146128036,2.045322979,"6/27/2023","020502060302 Glass Creek-Loyalsock Creek"
"2785","Sherman.UpperLoyalsock","Blacknose Dace",46,0.8,-0.096910013,1.662757832,"6/27/2023","020502060302 Glass Creek-Loyalsock Creek"
"2786","Sherman.UpperLoyalsock","Creek Chub",109,10.5,1.021189299,2.037426498,"6/27/2023","020502060302 Glass Creek-Loyalsock Creek"
"2787","Sherman.UpperLoyalsock","Blacknose Dace",70,2.8,0.447158031,1.84509804,"6/27/2023","020502060302 Glass Creek-Loyalsock Creek"
"2788","Sherman.UpperLoyalsock","Blacknose Dace",48,1,0,1.681241237,"6/27/2023","020502060302 Glass Creek-Loyalsock Creek"
"2789","Sherman.UpperLoyalsock","Creek Chub",151,36.4,1.561101384,2.178976947,"6/27/2023","020502060302 Glass Creek-Loyalsock Creek"
"2790","Sherman.UpperLoyalsock","Creek Chub",92,8.1,0.908485019,1.963787827,"6/27/2023","020502060302 Glass Creek-Loyalsock Creek"
"2791","Sherman.UpperLoyalsock","Creek Chub",175,53.7,1.729974286,2.243038049,"6/27/2023","020502060302 Glass Creek-Loyalsock Creek"
"2792","Sherman.UpperLoyalsock","Blacknose Dace",62,2,0.301029996,1.792391689,"6/27/2023","020502060302 Glass Creek-Loyalsock Creek"
"2793","Sherman.UpperLoyalsock","Creek Chub",79,6.2,0.792391689,1.897627091,"6/27/2023","020502060302 Glass Creek-Loyalsock Creek"
"2794","Sherman.UpperLoyalsock","Tessellated Darter",70,2.9,0.462397998,1.84509804,"6/27/2023","020502060302 Glass Creek-Loyalsock Creek"
"2795","Sherman.UpperLoyalsock","Blacknose Dace",68,2.7,0.431363764,1.832508913,"6/27/2023","020502060302 Glass Creek-Loyalsock Creek"
"2796","Sherman.UpperLoyalsock","Blacknose Dace",46,0.8,-0.096910013,1.662757832,"6/27/2023","020502060302 Glass Creek-Loyalsock Creek"
"2797","Sherman.UpperLoyalsock","Blacknose Dace",64,2.5,0.397940009,1.806179974,"6/27/2023","020502060302 Glass Creek-Loyalsock Creek"
"2798","Sherman.UpperLoyalsock","Blacknose Dace",67,2.8,0.447158031,1.826074803,"6/27/2023","020502060302 Glass Creek-Loyalsock Creek"
"2799","Sherman.UpperLoyalsock","Blacknose Dace",65,2.3,0.361727836,1.812913357,"6/27/2023","020502060302 Glass Creek-Loyalsock Creek"
"2800","Sherman.UpperLoyalsock","Creek Chub",76,4.5,0.653212514,1.880813592,"6/27/2023","020502060302 Glass Creek-Loyalsock Creek"
"2801","Sherman.UpperLoyalsock","Blacknose Dace",67,2.5,0.397940009,1.826074803,"6/27/2023","020502060302 Glass Creek-Loyalsock Creek"
"2802","Sherman.UpperLoyalsock","Creek Chub",111,12.2,1.086359831,2.045322979,"6/27/2023","020502060302 Glass Creek-Loyalsock Creek"
"2803","Sherman.UpperLoyalsock","Blacknose Dace",75,3.8,0.579783597,1.875061263,"6/27/2023","020502060302 Glass Creek-Loyalsock Creek"
"2804","Sherman.UpperLoyalsock","Creek Chub",105,11,1.041392685,2.021189299,"6/27/2023","020502060302 Glass Creek-Loyalsock Creek"
"2805","Sherman.UpperLoyalsock","Creek Chub",64,2.7,0.431363764,1.806179974,"6/27/2023","020502060302 Glass Creek-Loyalsock Creek"
"2806","Sherman.UpperLoyalsock","Blacknose Dace",79,4.1,0.612783857,1.897627091,"6/27/2023","020502060302 Glass Creek-Loyalsock Creek"
"2807","Sherman.UpperLoyalsock","Blacknose Dace",55,1.6,0.204119983,1.740362689,"6/27/2023","020502060302 Glass Creek-Loyalsock Creek"
"2808","Sherman.UpperLoyalsock","Blacknose Dace",65,2.2,0.342422681,1.812913357,"6/27/2023","020502060302 Glass Creek-Loyalsock Creek"
"2809","Sherman.UpperLoyalsock","Blacknose Dace",68,2.7,0.431363764,1.832508913,"6/27/2023","020502060302 Glass Creek-Loyalsock Creek"
"2810","Sherman.UpperLoyalsock","Blacknose Dace",77,3.6,0.556302501,1.886490725,"6/27/2023","020502060302 Glass Creek-Loyalsock Creek"
"2811","Sherman.UpperLoyalsock","Blacknose Dace",65,2.5,0.397940009,1.812913357,"6/27/2023","020502060302 Glass Creek-Loyalsock Creek"
"2812","Sherman.UpperLoyalsock","Blacknose Dace",69,3.5,0.544068044,1.838849091,"6/27/2023","020502060302 Glass Creek-Loyalsock Creek"
"2813","Sherman.UpperLoyalsock","Creek Chub",135,27.9,1.445604203,2.130333768,"6/27/2023","020502060302 Glass Creek-Loyalsock Creek"
"2814","Sherman.UpperLoyalsock","Creek Chub",98,9.4,0.973127854,1.991226076,"6/27/2023","020502060302 Glass Creek-Loyalsock Creek"
"2815","Sherman.UpperLoyalsock","Creek Chub",88,5.9,0.770852012,1.944482672,"6/27/2023","020502060302 Glass Creek-Loyalsock Creek"
"2816","Sherman.UpperLoyalsock","Creek Chub",47,1.3,0.113943352,1.672097858,"6/27/2023","020502060302 Glass Creek-Loyalsock Creek"
"2817","Sherman.UpperLoyalsock","Blacknose Dace",61,2.5,0.397940009,1.785329835,"6/27/2023","020502060302 Glass Creek-Loyalsock Creek"
"2818","Sherman.UpperLoyalsock","Creek Chub",90,7,0.84509804,1.954242509,"6/27/2023","020502060302 Glass Creek-Loyalsock Creek"
"2819","Sherman.UpperLoyalsock","Creek Chub",46,0.9,-0.045757491,1.662757832,"6/27/2023","020502060302 Glass Creek-Loyalsock Creek"
"2820","Sherman.UpperLoyalsock","Creek Chub",68,3.1,0.491361694,1.832508913,"6/27/2023","020502060302 Glass Creek-Loyalsock Creek"
"2821","Sherman.UpperLoyalsock","Blacknose Dace",50,1,0,1.698970004,"6/27/2023","020502060302 Glass Creek-Loyalsock Creek"
"2822","Sherman.UpperLoyalsock","Creek Chub",48,0.9,-0.045757491,1.681241237,"6/27/2023","020502060302 Glass Creek-Loyalsock Creek"
"2823","Sherman.UpperLoyalsock","Blacknose Dace",65,2.4,0.380211242,1.812913357,"6/27/2023","020502060302 Glass Creek-Loyalsock Creek"
"2824","Sherman.UpperLoyalsock","Blacknose Dace",72,3.1,0.491361694,1.857332496,"6/27/2023","020502060302 Glass Creek-Loyalsock Creek"
"2825","Swamp.Hoagland","Longnose Dace",118,13.14,1.118595365,2.071882007,"6/27/2024","020502060501 Porter Creek-Hoagland Branch"
"2826","Swamp.Hoagland","Longnose Dace",124,18.04,1.256236533,2.093421685,"6/27/2024","020502060501 Porter Creek-Hoagland Branch"
"2827","Swamp.Hoagland","Longnose Dace",78,3.74,0.572871602,1.892094603,"6/27/2024","020502060501 Porter Creek-Hoagland Branch"
"2828","Swamp.Hoagland","Longnose Dace",85,5.29,0.723455672,1.929418926,"6/27/2024","020502060501 Porter Creek-Hoagland Branch"
"2829","Swamp.Hoagland","Longnose Dace",75,3.73,0.571708832,1.875061263,"6/27/2024","020502060501 Porter Creek-Hoagland Branch"
"2830","Swamp.Hoagland","Longnose Dace",86,5.56,0.745074792,1.934498451,"6/27/2024","020502060501 Porter Creek-Hoagland Branch"
"2831","Swamp.Hoagland","Longnose Dace",103,10.08,1.003460532,2.012837225,"6/27/2024","020502060501 Porter Creek-Hoagland Branch"
"2832","Swamp.Hoagland","Longnose Dace",110,12.67,1.102776615,2.041392685,"6/27/2024","020502060501 Porter Creek-Hoagland Branch"
"2833","Swamp.Hoagland","Longnose Dace",73,3.31,0.519827994,1.86332286,"6/27/2024","020502060501 Porter Creek-Hoagland Branch"
"2834","Swamp.Hoagland","Longnose Dace",86,5.33,0.726727209,1.934498451,"6/27/2024","020502060501 Porter Creek-Hoagland Branch"
"2835","Swamp.Hoagland","Longnose Dace",111,13.35,1.125481266,2.045322979,"6/27/2024","020502060501 Porter Creek-Hoagland Branch"
"2836","Swamp.Hoagland","Longnose Dace",79,4.92,0.691965103,1.897627091,"6/27/2024","020502060501 Porter Creek-Hoagland Branch"
"2837","Swamp.Hoagland","Longnose Dace",101,10.07,1.003029471,2.004321374,"6/27/2024","020502060501 Porter Creek-Hoagland Branch"
"2838","Swamp.Hoagland","Longnose Dace",92,6.44,0.808885867,1.963787827,"6/27/2024","020502060501 Porter Creek-Hoagland Branch"
"2839","Swamp.Hoagland","Longnose Dace",86,5.24,0.719331287,1.934498451,"6/27/2024","020502060501 Porter Creek-Hoagland Branch"
"2840","Swamp.Hoagland","Longnose Dace",90,5.98,0.776701184,1.954242509,"6/27/2024","020502060501 Porter Creek-Hoagland Branch"
"2841","Swamp.Hoagland","Longnose Dace",80,4.48,0.651278014,1.903089987,"6/27/2024","020502060501 Porter Creek-Hoagland Branch"
"2842","Swamp.Hoagland","Longnose Dace",96,8.62,0.935507266,1.982271233,"6/27/2024","020502060501 Porter Creek-Hoagland Branch"
"2843","Swamp.Hoagland","Longnose Dace",94,8.21,0.914343157,1.973127854,"6/27/2024","020502060501 Porter Creek-Hoagland Branch"
"2844","Swamp.Hoagland","Longnose Dace",70,2.87,0.457881897,1.84509804,"6/27/2024","020502060501 Porter Creek-Hoagland Branch"
"2845","Swamp.Hoagland","Longnose Dace",76,3.75,0.574031268,1.880813592,"6/27/2024","020502060501 Porter Creek-Hoagland Branch"
"2846","Swamp.Hoagland","Longnose Dace",76,3.65,0.562292864,1.880813592,"6/27/2024","020502060501 Porter Creek-Hoagland Branch"
"2847","Swamp.Hoagland","Longnose Dace",77,3.49,0.542825427,1.886490725,"6/27/2024","020502060501 Porter Creek-Hoagland Branch"
"2848","Swamp.Hoagland","Longnose Dace",83,4.94,0.693726949,1.919078092,"6/27/2024","020502060501 Porter Creek-Hoagland Branch"
"2849","Swamp.Hoagland","Longnose Dace",87,5.84,0.766412847,1.939519253,"6/27/2024","020502060501 Porter Creek-Hoagland Branch"
"2850","Swamp.Hoagland","Longnose Dace",96,8.09,0.907948522,1.982271233,"6/27/2024","020502060501 Porter Creek-Hoagland Branch"
"2851","Swamp.Hoagland","Longnose Dace",82,4.66,0.668385917,1.913813852,"6/27/2024","020502060501 Porter Creek-Hoagland Branch"
"2852","Swamp.Hoagland","Longnose Dace",115,13.72,1.137354111,2.06069784,"6/27/2024","020502060501 Porter Creek-Hoagland Branch"
"2853","Swamp.Hoagland","Longnose Dace",90,7.35,0.866287339,1.954242509,"6/27/2024","020502060501 Porter Creek-Hoagland Branch"
"2854","Swamp.Hoagland","Longnose Dace",113,12.27,1.088844563,2.053078443,"6/27/2024","020502060501 Porter Creek-Hoagland Branch"
"2855","TC0-BU","Creek Chub",98,10.7,1.029383778,1.991226076,"6/6/2023","020502061207 Turtle Creek-West Branch Susquehanna River"
"2856","TC0-BU","Tessellated Darter",57,1.8,0.255272505,1.755874856,"6/6/2023","020502061207 Turtle Creek-West Branch Susquehanna River"
"2857","TC0-BU","Longnose Dace",48,1,0,1.681241237,"6/6/2023","020502061207 Turtle Creek-West Branch Susquehanna River"
"2858","TC0-BU","Creek Chub",108,13,1.113943352,2.033423755,"6/6/2023","020502061207 Turtle Creek-West Branch Susquehanna River"
"2859","TC0-BU","Creek Chub",129,24.2,1.383815366,2.11058971,"6/6/2023","020502061207 Turtle Creek-West Branch Susquehanna River"
"2860","TC0-BU","Blacknose Dace",42,0.7,-0.15490196,1.62324929,"6/6/2023","020502061207 Turtle Creek-West Branch Susquehanna River"
"2861","TC0-BU","Blacknose Dace",54,1.5,0.176091259,1.73239376,"6/6/2023","020502061207 Turtle Creek-West Branch Susquehanna River"
"2862","TC0-BU","Blacknose Dace",61,2.1,0.322219295,1.785329835,"6/6/2023","020502061207 Turtle Creek-West Branch Susquehanna River"
"2863","TC0-BU","Tessellated Darter",53,1.3,0.113943352,1.72427587,"6/6/2023","020502061207 Turtle Creek-West Branch Susquehanna River"
"2864","TC0-BU","Longnose Dace",59,1.6,0.204119983,1.770852012,"6/6/2023","020502061207 Turtle Creek-West Branch Susquehanna River"
"2865","TC0-BU","Blacknose Dace",62,2.3,0.361727836,1.792391689,"6/6/2023","020502061207 Turtle Creek-West Branch Susquehanna River"
"2866","TC0-BU","Blacknose Dace",69,2.5,0.397940009,1.838849091,"6/6/2023","020502061207 Turtle Creek-West Branch Susquehanna River"
"2867","TC0-BU","Blacknose Dace",63,2.4,0.380211242,1.799340549,"6/6/2023","020502061207 Turtle Creek-West Branch Susquehanna River"
"2868","TC0-BU","Creek Chub",51,1.5,0.176091259,1.707570176,"6/6/2023","020502061207 Turtle Creek-West Branch Susquehanna River"
"2869","TC0-BU","Creek Chub",94,8,0.903089987,1.973127854,"6/6/2023","020502061207 Turtle Creek-West Branch Susquehanna River"
"2870","TC0-BU","Creek Chub",87,6.7,0.826074803,1.939519253,"6/6/2023","020502061207 Turtle Creek-West Branch Susquehanna River"
"2871","TC0-BU","Blacknose Dace",59,2.1,0.322219295,1.770852012,"6/6/2023","020502061207 Turtle Creek-West Branch Susquehanna River"
"2872","TC0-BU","Longnose Dace",55,1.5,0.176091259,1.740362689,"6/6/2023","020502061207 Turtle Creek-West Branch Susquehanna River"
"2873","TC0-BU","Blacknose Dace",51,1.6,0.204119983,1.707570176,"6/6/2023","020502061207 Turtle Creek-West Branch Susquehanna River"
"2874","TC0-BU","Blacknose Dace",68,3,0.477121255,1.832508913,"6/6/2023","020502061207 Turtle Creek-West Branch Susquehanna River"
"2875","TC0-BU","Blacknose Dace",65,2.8,0.447158031,1.812913357,"6/6/2023","020502061207 Turtle Creek-West Branch Susquehanna River"
"2876","TC0-BU","Tessellated Darter",47,1.1,0.041392685,1.672097858,"6/6/2023","020502061207 Turtle Creek-West Branch Susquehanna River"
"2877","TC0-BU","Blacknose Dace",60,2,0.301029996,1.77815125,"6/6/2023","020502061207 Turtle Creek-West Branch Susquehanna River"
"2878","TC0-BU","Blacknose Dace",67,2.6,0.414973348,1.826074803,"6/6/2023","020502061207 Turtle Creek-West Branch Susquehanna River"
"2879","TC0-BU","Longnose Dace",78,4.8,0.681241237,1.892094603,"6/6/2023","020502061207 Turtle Creek-West Branch Susquehanna River"
"2880","TC0-BU","Tessellated Darter",52,1.4,0.146128036,1.716003344,"6/6/2023","020502061207 Turtle Creek-West Branch Susquehanna River"
"2881","TC0-BU","Creek Chub",50,1.2,0.079181246,1.698970004,"6/6/2023","020502061207 Turtle Creek-West Branch Susquehanna River"
"2882","TC0-BU","Creek Chub",60,2.4,0.380211242,1.77815125,"6/6/2023","020502061207 Turtle Creek-West Branch Susquehanna River"
"2883","TC0-BU","Creek Chub",92,8.2,0.913813852,1.963787827,"6/6/2023","020502061207 Turtle Creek-West Branch Susquehanna River"
"2884","TC0-BU","Creek Chub",61,2.5,0.397940009,1.785329835,"6/6/2023","020502061207 Turtle Creek-West Branch Susquehanna River"
"2885","TC0-BU","Longnose Dace",54,1.4,0.146128036,1.73239376,"6/6/2023","020502061207 Turtle Creek-West Branch Susquehanna River"
"2886","TC0-BU","Tessellated Darter",52,1.4,0.146128036,1.716003344,"6/6/2023","020502061207 Turtle Creek-West Branch Susquehanna River"
"2887","TC0-BU","Blacknose Dace",63,2.6,0.414973348,1.799340549,"6/6/2023","020502061207 Turtle Creek-West Branch Susquehanna River"
"2888","TC0-BU","Blacknose Dace",68,2.9,0.462397998,1.832508913,"6/6/2023","020502061207 Turtle Creek-West Branch Susquehanna River"
"2889","TC0-BU","Tessellated Darter",57,1.6,0.204119983,1.755874856,"6/6/2023","020502061207 Turtle Creek-West Branch Susquehanna River"
"2890","TC0-BU","Longnose Dace",49,1.1,0.041392685,1.69019608,"6/6/2023","020502061207 Turtle Creek-West Branch Susquehanna River"
"2891","TC0-BU","Creek Chub",89,7.6,0.880813592,1.949390007,"6/6/2023","020502061207 Turtle Creek-West Branch Susquehanna River"
"2892","TC0-BU","Blacknose Dace",53,1.2,0.079181246,1.72427587,"6/6/2023","020502061207 Turtle Creek-West Branch Susquehanna River"
"2893","TC0-BU","Creek Chub",97,9.1,0.959041392,1.986771734,"6/6/2023","020502061207 Turtle Creek-West Branch Susquehanna River"
"2894","TC0-BU","Tessellated Darter",61,2.1,0.322219295,1.785329835,"6/6/2023","020502061207 Turtle Creek-West Branch Susquehanna River"
"2895","TC0-BU","Tessellated Darter",45,0.9,-0.045757491,1.653212514,"6/6/2023","020502061207 Turtle Creek-West Branch Susquehanna River"
"2896","TC0-BU","Blacknose Dace",64,2.5,0.397940009,1.806179974,"6/6/2023","020502061207 Turtle Creek-West Branch Susquehanna River"
"2897","TC0-BU","Tessellated Darter",58,1.8,0.255272505,1.763427994,"6/6/2023","020502061207 Turtle Creek-West Branch Susquehanna River"
"2898","TC0-BU","Blacknose Dace",53,1.3,0.113943352,1.72427587,"6/6/2023","020502061207 Turtle Creek-West Branch Susquehanna River"
"2899","TC0-BU","Creek Chub",78,5.5,0.740362689,1.892094603,"6/6/2023","020502061207 Turtle Creek-West Branch Susquehanna River"
"2900","TC0-BU","Tessellated Darter",30,0.4,-0.397940009,1.477121255,"6/6/2023","020502061207 Turtle Creek-West Branch Susquehanna River"
"2901","TC0-BU","Blacknose Dace",64,2.6,0.414973348,1.806179974,"6/6/2023","020502061207 Turtle Creek-West Branch Susquehanna River"
"2902","TC0-BU","Tessellated Darter",57,1.4,0.146128036,1.755874856,"6/6/2023","020502061207 Turtle Creek-West Branch Susquehanna River"
"2903","TC0-BU","Tessellated Darter",64,2.2,0.342422681,1.806179974,"6/6/2023","020502061207 Turtle Creek-West Branch Susquehanna River"
"2904","TC0-BU","Creek Chub",46,1.1,0.041392685,1.662757832,"6/6/2023","020502061207 Turtle Creek-West Branch Susquehanna River"
"2905","TC0-BU","Longnose Dace",61,2.4,0.380211242,1.785329835,"6/6/2023","020502061207 Turtle Creek-West Branch Susquehanna River"
"2906","TC0-BU","Creek Chub",61,2.4,0.380211242,1.785329835,"6/6/2023","020502061207 Turtle Creek-West Branch Susquehanna River"
"2907","TC0-BU","Creek Chub",58,2,0.301029996,1.763427994,"6/6/2023","020502061207 Turtle Creek-West Branch Susquehanna River"
"2908","TC0-BU","Creek Chub",102,11.8,1.071882007,2.008600172,"6/6/2023","020502061207 Turtle Creek-West Branch Susquehanna River"
"2909","TC0-BU","Blacknose Dace",72,4,0.602059991,1.857332496,"6/6/2023","020502061207 Turtle Creek-West Branch Susquehanna River"
"2910","TC0-BU","Tessellated Darter",60,1.8,0.255272505,1.77815125,"6/6/2023","020502061207 Turtle Creek-West Branch Susquehanna River"
"2911","TC0-BU","Tessellated Darter",42,0.7,-0.15490196,1.62324929,"6/6/2023","020502061207 Turtle Creek-West Branch Susquehanna River"
"2912","TC0-BU","Tessellated Darter",45,1,0,1.653212514,"6/6/2023","020502061207 Turtle Creek-West Branch Susquehanna River"
"2913","TC0-BU","Blacknose Dace",52,1.2,0.079181246,1.716003344,"6/6/2023","020502061207 Turtle Creek-West Branch Susquehanna River"
"2914","TC0-BU","Tessellated Darter",53,1.3,0.113943352,1.72427587,"6/6/2023","020502061207 Turtle Creek-West Branch Susquehanna River"
"2915","TC0-BU","Tessellated Darter",42,0.7,-0.15490196,1.62324929,"6/6/2023","020502061207 Turtle Creek-West Branch Susquehanna River"
"2916","TC0-BU","Blacknose Dace",44,0.9,-0.045757491,1.643452676,"6/6/2023","020502061207 Turtle Creek-West Branch Susquehanna River"
"2917","TC0-BU","Creek Chub",52,1.9,0.278753601,1.716003344,"6/6/2023","020502061207 Turtle Creek-West Branch Susquehanna River"
"2918","TC0-BU","Blacknose Dace",44,0.7,-0.15490196,1.643452676,"6/6/2023","020502061207 Turtle Creek-West Branch Susquehanna River"
"2919","TC0-BU","Creek Chub",64,2.7,0.431363764,1.806179974,"6/6/2023","020502061207 Turtle Creek-West Branch Susquehanna River"
"2920","TC0-BU","Creek Chub",113,15,1.176091259,2.053078443,"6/6/2023","020502061207 Turtle Creek-West Branch Susquehanna River"
"2921","TC0-BU","Longnose Dace",54,1.5,0.176091259,1.73239376,"6/6/2023","020502061207 Turtle Creek-West Branch Susquehanna River"
"2922","TC0-BU","Tessellated Darter",51,1.2,0.079181246,1.707570176,"6/6/2023","020502061207 Turtle Creek-West Branch Susquehanna River"
"2923","TC0-BU","Longnose Dace",49,0.9,-0.045757491,1.69019608,"6/6/2023","020502061207 Turtle Creek-West Branch Susquehanna River"
"2924","TC0-BU","Creek Chub",69,3.5,0.544068044,1.838849091,"6/6/2023","020502061207 Turtle Creek-West Branch Susquehanna River"
"2925","TC0-BU","Tessellated Darter",56,1.8,0.255272505,1.748188027,"6/6/2023","020502061207 Turtle Creek-West Branch Susquehanna River"
"2926","TC0-BU","Tessellated Darter",54,1.5,0.176091259,1.73239376,"6/6/2023","020502061207 Turtle Creek-West Branch Susquehanna River"
"2927","TC0-BU","Blacknose Dace",53,1.5,0.176091259,1.72427587,"6/6/2023","020502061207 Turtle Creek-West Branch Susquehanna River"
"2928","TC0-BU","Longnose Dace",52,1.2,0.079181246,1.716003344,"6/6/2023","020502061207 Turtle Creek-West Branch Susquehanna River"
"2929","TC0-BU","Creek Chub",82,6.4,0.806179974,1.913813852,"6/6/2023","020502061207 Turtle Creek-West Branch Susquehanna River"
"2930","TC0-BU","Tessellated Darter",53,1.2,0.079181246,1.72427587,"6/6/2023","020502061207 Turtle Creek-West Branch Susquehanna River"
"2931","TC0-BU","Blacknose Dace",69,3.3,0.51851394,1.838849091,"6/6/2023","020502061207 Turtle Creek-West Branch Susquehanna River"
"2932","TC0-BU","Tessellated Darter",52,1.6,0.204119983,1.716003344,"6/6/2023","020502061207 Turtle Creek-West Branch Susquehanna River"
"2933","TC0-BU","Tessellated Darter",64,2.4,0.380211242,1.806179974,"6/6/2023","020502061207 Turtle Creek-West Branch Susquehanna River"
"2934","TC0-BU","Tessellated Darter",50,1.3,0.113943352,1.698970004,"6/6/2023","020502061207 Turtle Creek-West Branch Susquehanna River"
"2935","TC0-BU","Creek Chub",54,1.3,0.113943352,1.73239376,"6/6/2023","020502061207 Turtle Creek-West Branch Susquehanna River"
"2936","TC0-BU","Longnose Dace",59,1.8,0.255272505,1.770852012,"6/6/2023","020502061207 Turtle Creek-West Branch Susquehanna River"
"2937","TC0-BU","Creek Chub",86,7.4,0.86923172,1.934498451,"6/6/2023","020502061207 Turtle Creek-West Branch Susquehanna River"
"2938","TC0-BU","Tessellated Darter",50,1.3,0.113943352,1.698970004,"6/6/2023","020502061207 Turtle Creek-West Branch Susquehanna River"
"2939","TC0-BU","Tessellated Darter",57,1.9,0.278753601,1.755874856,"6/6/2023","020502061207 Turtle Creek-West Branch Susquehanna River"
"2940","TC0-BU","Tessellated Darter",51,1.2,0.079181246,1.707570176,"6/6/2023","020502061207 Turtle Creek-West Branch Susquehanna River"
"2941","TC0-BU","Creek Chub",104,13.3,1.123851641,2.017033339,"6/6/2023","020502061207 Turtle Creek-West Branch Susquehanna River"
"2942","TC0-BU","Blacknose Dace",62,2.5,0.397940009,1.792391689,"6/6/2023","020502061207 Turtle Creek-West Branch Susquehanna River"
"2943","TC0-BU","Longnose Dace",49,0.9,-0.045757491,1.69019608,"6/6/2023","020502061207 Turtle Creek-West Branch Susquehanna River"
"2944","TC0-BU","Blacknose Dace",42,0.7,-0.15490196,1.62324929,"6/6/2023","020502061207 Turtle Creek-West Branch Susquehanna River"
"2945","TC0-BU","Longnose Dace",54,1.2,0.079181246,1.73239376,"6/6/2023","020502061207 Turtle Creek-West Branch Susquehanna River"
"2946","TC0-BU","Creek Chub",66,3.7,0.568201724,1.819543936,"6/6/2023","020502061207 Turtle Creek-West Branch Susquehanna River"
"2947","TC0-BU","Creek Chub",66,3.4,0.531478917,1.819543936,"6/6/2023","020502061207 Turtle Creek-West Branch Susquehanna River"
"2948","TC0-BU","Tessellated Darter",60,1.9,0.278753601,1.77815125,"6/6/2023","020502061207 Turtle Creek-West Branch Susquehanna River"
"2949","TC0-BU","Tessellated Darter",53,1.3,0.113943352,1.72427587,"6/6/2023","020502061207 Turtle Creek-West Branch Susquehanna River"
"2950","TC0-BU","Creek Chub",44,0.8,-0.096910013,1.643452676,"6/6/2023","020502061207 Turtle Creek-West Branch Susquehanna River"
"2951","TC0-BU","Creek Chub",139,30.7,1.487138375,2.1430148,"6/6/2023","020502061207 Turtle Creek-West Branch Susquehanna River"
"2952","TC0-BU","Longnose Dace",52,1.2,0.079181246,1.716003344,"6/6/2023","020502061207 Turtle Creek-West Branch Susquehanna River"
"2953","TC0-BU","Blacknose Dace",65,2.4,0.380211242,1.812913357,"6/6/2023","020502061207 Turtle Creek-West Branch Susquehanna River"
"2954","TC0-BU","Longnose Dace",66,2.5,0.397940009,1.819543936,"6/6/2023","020502061207 Turtle Creek-West Branch Susquehanna River"
"2955","TC0-BU","Blacknose Dace",72,3.1,0.491361694,1.857332496,"6/6/2023","020502061207 Turtle Creek-West Branch Susquehanna River"
"2956","TC0-BU","Longnose Dace",48,1.1,0.041392685,1.681241237,"6/6/2023","020502061207 Turtle Creek-West Branch Susquehanna River"
"2957","TC0-BU","Creek Chub",114,16.4,1.214843848,2.056904851,"6/6/2023","020502061207 Turtle Creek-West Branch Susquehanna River"
"2958","TC0-BU","Blacknose Dace",67,3.4,0.531478917,1.826074803,"6/6/2023","020502061207 Turtle Creek-West Branch Susquehanna River"
"2959","TC0-BU","Blacknose Dace",69,2.1,0.322219295,1.838849091,"6/6/2023","020502061207 Turtle Creek-West Branch Susquehanna River"
"2960","TC0-CB-U","Blacknose Dace",72,3.8,0.579783597,1.857332496,"6/7/2023","020502061207 Turtle Creek-West Branch Susquehanna River"
"2961","TC0-CB-U","Tessellated Darter",56,1.8,0.255272505,1.748188027,"6/7/2023","020502061207 Turtle Creek-West Branch Susquehanna River"
"2962","TC0-CB-U","Longnose Dace",76,5.4,0.73239376,1.880813592,"6/7/2023","020502061207 Turtle Creek-West Branch Susquehanna River"
"2963","TC0-CB-U","Blacknose Dace",47,1,0,1.672097858,"6/7/2023","020502061207 Turtle Creek-West Branch Susquehanna River"
"2964","TC0-CB-U","Blacknose Dace",72,4,0.602059991,1.857332496,"6/7/2023","020502061207 Turtle Creek-West Branch Susquehanna River"
"2965","TC0-CB-U","Blacknose Dace",52,1.3,0.113943352,1.716003344,"6/7/2023","020502061207 Turtle Creek-West Branch Susquehanna River"
"2966","TC0-CB-U","Blacknose Dace",56,1.5,0.176091259,1.748188027,"6/7/2023","020502061207 Turtle Creek-West Branch Susquehanna River"
"2967","TC0-CB-U","Blacknose Dace",49,1.3,0.113943352,1.69019608,"6/7/2023","020502061207 Turtle Creek-West Branch Susquehanna River"
"2968","TC0-CB-U","Blacknose Dace",55,1.2,0.079181246,1.740362689,"6/7/2023","020502061207 Turtle Creek-West Branch Susquehanna River"
"2969","TC0-CB-U","Blacknose Dace",48,1.1,0.041392685,1.681241237,"6/7/2023","020502061207 Turtle Creek-West Branch Susquehanna River"
"2970","TC0-CB-U","Longnose Dace",55,1.5,0.176091259,1.740362689,"6/7/2023","020502061207 Turtle Creek-West Branch Susquehanna River"
"2971","TC0-CB-U","Tessellated Darter",58,1.9,0.278753601,1.763427994,"6/7/2023","020502061207 Turtle Creek-West Branch Susquehanna River"
"2972","TC0-CB-U","Creek Chub",69,3.6,0.556302501,1.838849091,"6/7/2023","020502061207 Turtle Creek-West Branch Susquehanna River"
"2973","TC0-CB-U","Creek Chub",94,10.1,1.004321374,1.973127854,"6/7/2023","020502061207 Turtle Creek-West Branch Susquehanna River"
"2974","TC0-CB-U","Creek Chub",54,1.7,0.230448921,1.73239376,"6/7/2023","020502061207 Turtle Creek-West Branch Susquehanna River"
"2975","TC0-CB-U","Longnose Dace",52,1.5,0.176091259,1.716003344,"6/7/2023","020502061207 Turtle Creek-West Branch Susquehanna River"
"2976","TC0-CB-U","Longnose Dace",75,4.8,0.681241237,1.875061263,"6/7/2023","020502061207 Turtle Creek-West Branch Susquehanna River"
"2977","TC0-CB-U","Creek Chub",47,1.2,0.079181246,1.672097858,"6/7/2023","020502061207 Turtle Creek-West Branch Susquehanna River"
"2978","TC0-CB-U","Tessellated Darter",72,4.1,0.612783857,1.857332496,"6/7/2023","020502061207 Turtle Creek-West Branch Susquehanna River"
"2979","TC0-CB-U","Blacknose Dace",53,1.5,0.176091259,1.72427587,"6/7/2023","020502061207 Turtle Creek-West Branch Susquehanna River"
"2980","TC0-CB-U","Longnose Dace",52,1.4,0.146128036,1.716003344,"6/7/2023","020502061207 Turtle Creek-West Branch Susquehanna River"
"2981","TC0-CB-U","Blacknose Dace",66,3.5,0.544068044,1.819543936,"6/7/2023","020502061207 Turtle Creek-West Branch Susquehanna River"
"2982","TC0-CB-U","Tessellated Darter",65,3.8,0.579783597,1.812913357,"6/7/2023","020502061207 Turtle Creek-West Branch Susquehanna River"
"2983","TC0-CB-U","Blacknose Dace",44,0.8,-0.096910013,1.643452676,"6/7/2023","020502061207 Turtle Creek-West Branch Susquehanna River"
"2984","TC0-CB-U","Blacknose Dace",55,1.7,0.230448921,1.740362689,"6/7/2023","020502061207 Turtle Creek-West Branch Susquehanna River"
"2985","TC0-CB-U","Creek Chub",63,2.9,0.462397998,1.799340549,"6/7/2023","020502061207 Turtle Creek-West Branch Susquehanna River"
"2986","TC0-CB-U","Blacknose Dace",55,1.4,0.146128036,1.740362689,"6/7/2023","020502061207 Turtle Creek-West Branch Susquehanna River"
"2987","TC0-CB-U","Tessellated Darter",52,1.2,0.079181246,1.716003344,"6/7/2023","020502061207 Turtle Creek-West Branch Susquehanna River"
"2988","TC0-CB-U","Creek Chub",46,0.9,-0.045757491,1.662757832,"6/7/2023","020502061207 Turtle Creek-West Branch Susquehanna River"
"2989","TC0-CB-U","Blacknose Dace",55,1.6,0.204119983,1.740362689,"6/7/2023","020502061207 Turtle Creek-West Branch Susquehanna River"
"2990","TC0-CB-U","Longnose Dace",55,1.8,0.255272505,1.740362689,"6/7/2023","020502061207 Turtle Creek-West Branch Susquehanna River"
"2991","TC0-CB-U","Longnose Dace",52,1.4,0.146128036,1.716003344,"6/7/2023","020502061207 Turtle Creek-West Branch Susquehanna River"
"2992","TC0-CB-U","Longnose Dace",59,1.8,0.255272505,1.770852012,"6/7/2023","020502061207 Turtle Creek-West Branch Susquehanna River"
"2993","TC0-CB-U","Creek Chub",72,4.4,0.643452676,1.857332496,"6/7/2023","020502061207 Turtle Creek-West Branch Susquehanna River"
"2994","TC0-CB-U","Creek Chub",93,9,0.954242509,1.968482949,"6/7/2023","020502061207 Turtle Creek-West Branch Susquehanna River"
"2995","TC0-CB-U","Tessellated Darter",78,4,0.602059991,1.892094603,"6/7/2023","020502061207 Turtle Creek-West Branch Susquehanna River"
"2996","TC0-CB-U","Tessellated Darter",61,2.2,0.342422681,1.785329835,"6/7/2023","020502061207 Turtle Creek-West Branch Susquehanna River"
"2997","TC0-CB-U","Tessellated Darter",64,3,0.477121255,1.806179974,"6/7/2023","020502061207 Turtle Creek-West Branch Susquehanna River"
"2998","TC0-CB-U","Tessellated Darter",61,2.5,0.397940009,1.785329835,"6/7/2023","020502061207 Turtle Creek-West Branch Susquehanna River"
"2999","TC0-CB-U","Tessellated Darter",65,3.4,0.531478917,1.812913357,"6/7/2023","020502061207 Turtle Creek-West Branch Susquehanna River"
"3000","TC0-CB-U","Tessellated Darter",56,1.7,0.230448921,1.748188027,"6/7/2023","020502061207 Turtle Creek-West Branch Susquehanna River"
"3001","TC0-CB-U","Tessellated Darter",57,1.8,0.255272505,1.755874856,"6/7/2023","020502061207 Turtle Creek-West Branch Susquehanna River"
"3002","TC0-CB-U","Creek Chub",122,16.9,1.227886705,2.086359831,"6/7/2023","020502061207 Turtle Creek-West Branch Susquehanna River"
"3003","TC0-CB-U","Blacknose Dace",64,1,0,1.806179974,"6/7/2023","020502061207 Turtle Creek-West Branch Susquehanna River"
"3004","TC0-CB-U","Tessellated Darter",61,1.8,0.255272505,1.785329835,"6/7/2023","020502061207 Turtle Creek-West Branch Susquehanna River"
"3005","TC0-CB-U","Tessellated Darter",49,1.2,0.079181246,1.69019608,"6/7/2023","020502061207 Turtle Creek-West Branch Susquehanna River"
"3006","TC0-CB-U","Longnose Dace",60,2.7,0.431363764,1.77815125,"6/7/2023","020502061207 Turtle Creek-West Branch Susquehanna River"
"3007","TC0-CB-U","Creek Chub",67,3.5,0.544068044,1.826074803,"6/7/2023","020502061207 Turtle Creek-West Branch Susquehanna River"
"3008","TC0-CB-U","Longnose Dace",59,2.5,0.397940009,1.770852012,"6/7/2023","020502061207 Turtle Creek-West Branch Susquehanna River"
"3009","TC0-CB-U","Tessellated Darter",61,2.2,0.342422681,1.785329835,"6/7/2023","020502061207 Turtle Creek-West Branch Susquehanna River"
"3010","TC0-CB-U","Creek Chub",64,3.2,0.505149978,1.806179974,"6/7/2023","020502061207 Turtle Creek-West Branch Susquehanna River"
"3011","TC0-CB-U","Creek Chub",86,6.9,0.838849091,1.934498451,"6/7/2023","020502061207 Turtle Creek-West Branch Susquehanna River"
"3012","TC0-CB-U","Blacknose Dace",45,1,0,1.653212514,"6/7/2023","020502061207 Turtle Creek-West Branch Susquehanna River"
"3013","TC0-CB-U","Tessellated Darter",50,1.7,0.230448921,1.698970004,"6/7/2023","020502061207 Turtle Creek-West Branch Susquehanna River"
"3014","TC0-CB-U","Creek Chub",120,19.9,1.298853076,2.079181246,"6/7/2023","020502061207 Turtle Creek-West Branch Susquehanna River"
"3015","TC0-CB-U","Creek Chub",61,2.5,0.397940009,1.785329835,"6/7/2023","020502061207 Turtle Creek-West Branch Susquehanna River"
"3016","TC0-CB-U","Tessellated Darter",76,3.7,0.568201724,1.880813592,"6/7/2023","020502061207 Turtle Creek-West Branch Susquehanna River"
"3017","TC0-CB-U","Tessellated Darter",58,2.1,0.322219295,1.763427994,"6/7/2023","020502061207 Turtle Creek-West Branch Susquehanna River"
"3018","TC0-CB-U","Longnose Dace",60,1.9,0.278753601,1.77815125,"6/7/2023","020502061207 Turtle Creek-West Branch Susquehanna River"
"3019","TC0-CB-U","Creek Chub",94,9.1,0.959041392,1.973127854,"6/7/2023","020502061207 Turtle Creek-West Branch Susquehanna River"
"3020","TC0-CB-U","Creek Chub",100,10.9,1.037426498,2,"6/7/2023","020502061207 Turtle Creek-West Branch Susquehanna River"
"3021","TC0-CB-U","Creek Chub",56,1.8,0.255272505,1.748188027,"6/7/2023","020502061207 Turtle Creek-West Branch Susquehanna River"
"3022","TC0-CB-U","Blacknose Dace",53,1.5,0.176091259,1.72427587,"6/7/2023","020502061207 Turtle Creek-West Branch Susquehanna River"
"3023","TC0-CB-U","Blacknose Dace",65,2.6,0.414973348,1.812913357,"6/7/2023","020502061207 Turtle Creek-West Branch Susquehanna River"
"3024","TC0-CB-U","Tessellated Darter",64,2.5,0.397940009,1.806179974,"6/7/2023","020502061207 Turtle Creek-West Branch Susquehanna River"
"3025","TC0-CB-U","Tessellated Darter",59,2.3,0.361727836,1.770852012,"6/7/2023","020502061207 Turtle Creek-West Branch Susquehanna River"
"3026","TC0-CB-U","Creek Chub",83,6.7,0.826074803,1.919078092,"6/7/2023","020502061207 Turtle Creek-West Branch Susquehanna River"
"3027","TC0-CB-U","Tessellated Darter",62,2.1,0.322219295,1.792391689,"6/7/2023","020502061207 Turtle Creek-West Branch Susquehanna River"
"3028","TC0-CB-U","Tessellated Darter",65,2.7,0.431363764,1.812913357,"6/7/2023","020502061207 Turtle Creek-West Branch Susquehanna River"
"3029","TC0-CB-U","Creek Chub",65,3.1,0.491361694,1.812913357,"6/7/2023","020502061207 Turtle Creek-West Branch Susquehanna River"
"3030","TC0-CB-U","Tessellated Darter",61,1.9,0.278753601,1.785329835,"6/7/2023","020502061207 Turtle Creek-West Branch Susquehanna River"
"3031","TC0-CB-U","Tessellated Darter",53,1.3,0.113943352,1.72427587,"6/7/2023","020502061207 Turtle Creek-West Branch Susquehanna River"
"3032","TC0-CB-U","Blacknose Dace",54,1.5,0.176091259,1.73239376,"6/7/2023","020502061207 Turtle Creek-West Branch Susquehanna River"
"3033","TC0-CB-U","Blacknose Dace",43,0.8,-0.096910013,1.633468456,"6/7/2023","020502061207 Turtle Creek-West Branch Susquehanna River"
"3034","TC0-CB-U","Blacknose Dace",50,1.3,0.113943352,1.698970004,"6/7/2023","020502061207 Turtle Creek-West Branch Susquehanna River"
"3035","TC0-CB-U","Creek Chub",89,7.1,0.851258349,1.949390007,"6/7/2023","020502061207 Turtle Creek-West Branch Susquehanna River"
"3036","TC0-CB-U","Blacknose Dace",66,2.5,0.397940009,1.819543936,"6/7/2023","020502061207 Turtle Creek-West Branch Susquehanna River"
"3037","TC0-CB-U","Blacknose Dace",55,1.2,0.079181246,1.740362689,"6/7/2023","020502061207 Turtle Creek-West Branch Susquehanna River"
"3038","TC0-CB-U","Creek Chub",114,17.1,1.23299611,2.056904851,"6/7/2023","020502061207 Turtle Creek-West Branch Susquehanna River"
"3039","TC0-CB-U","Blacknose Dace",56,1.7,0.230448921,1.748188027,"6/7/2023","020502061207 Turtle Creek-West Branch Susquehanna River"
"3040","TC0-CB-U","Tessellated Darter",61,2.4,0.380211242,1.785329835,"6/7/2023","020502061207 Turtle Creek-West Branch Susquehanna River"
"3041","TC0-CB-U","Tessellated Darter",71,3.6,0.556302501,1.851258349,"6/7/2023","020502061207 Turtle Creek-West Branch Susquehanna River"
"3042","TC0-CB-U","Blacknose Dace",75,4.5,0.653212514,1.875061263,"6/7/2023","020502061207 Turtle Creek-West Branch Susquehanna River"
"3043","TC0-CB-U","Tessellated Darter",58,1.9,0.278753601,1.763427994,"6/7/2023","020502061207 Turtle Creek-West Branch Susquehanna River"
"3044","TC0-CB-U","Longnose Dace",52,1.5,0.176091259,1.716003344,"6/7/2023","020502061207 Turtle Creek-West Branch Susquehanna River"
"3045","TC0-CB-U","Longnose Dace",57,1.9,0.278753601,1.755874856,"6/7/2023","020502061207 Turtle Creek-West Branch Susquehanna River"
"3046","TC0-CB-U","Longnose Dace",62,2.4,0.380211242,1.792391689,"6/7/2023","020502061207 Turtle Creek-West Branch Susquehanna River"
"3047","TC0-CB-U","Blacknose Dace",52,1.3,0.113943352,1.716003344,"6/7/2023","020502061207 Turtle Creek-West Branch Susquehanna River"
"3048","TC0-CB-U","Tessellated Darter",59,2.2,0.342422681,1.770852012,"6/7/2023","020502061207 Turtle Creek-West Branch Susquehanna River"
"3049","TC0-CB-U","Blacknose Dace",58,2,0.301029996,1.763427994,"6/7/2023","020502061207 Turtle Creek-West Branch Susquehanna River"
"3050","TC0-CB-U","Blacknose Dace",71,3.3,0.51851394,1.851258349,"6/7/2023","020502061207 Turtle Creek-West Branch Susquehanna River"
"3051","TC0-CB-U","Creek Chub",63,2.8,0.447158031,1.799340549,"6/7/2023","020502061207 Turtle Creek-West Branch Susquehanna River"
"3052","TC0-CB-U","Creek Chub",83,7.2,0.857332496,1.919078092,"6/7/2023","020502061207 Turtle Creek-West Branch Susquehanna River"
"3053","TC0-CB-U","Longnose Dace",59,2,0.301029996,1.770852012,"6/7/2023","020502061207 Turtle Creek-West Branch Susquehanna River"
"3054","TC0-CB-U","Creek Chub",57,2.2,0.342422681,1.755874856,"6/7/2023","020502061207 Turtle Creek-West Branch Susquehanna River"
"3055","TC0-CB-U","Longnose Dace",56,1.9,0.278753601,1.748188027,"6/7/2023","020502061207 Turtle Creek-West Branch Susquehanna River"
"3056","TC0-CB-U","Creek Chub",57,1.9,0.278753601,1.755874856,"6/7/2023","020502061207 Turtle Creek-West Branch Susquehanna River"
"3057","TC0-CB-U","Blacknose Dace",50,1.1,0.041392685,1.698970004,"6/7/2023","020502061207 Turtle Creek-West Branch Susquehanna River"
"3058","TC0-CB-U","Longnose Dace",57,2.3,0.361727836,1.755874856,"6/7/2023","020502061207 Turtle Creek-West Branch Susquehanna River"
"3059","TC0-CB-U","Tessellated Darter",61,2.4,0.380211242,1.785329835,"6/7/2023","020502061207 Turtle Creek-West Branch Susquehanna River"
"3060","TC0-CB-U","Longnose Dace",67,2.7,0.431363764,1.826074803,"6/7/2023","020502061207 Turtle Creek-West Branch Susquehanna River"
"3061","TC0-CB-U","Blacknose Dace",60,2,0.301029996,1.77815125,"6/7/2023","020502061207 Turtle Creek-West Branch Susquehanna River"
"3062","TC0-CB-U","Creek Chub",41,1.1,0.041392685,1.612783857,"6/7/2023","020502061207 Turtle Creek-West Branch Susquehanna River"
"3063","TC0-CB-U","Creek Chub",65,3.1,0.491361694,1.812913357,"6/7/2023","020502061207 Turtle Creek-West Branch Susquehanna River"
"3064","TC0-CB-U","Creek Chub",51,1.1,0.041392685,1.707570176,"6/7/2023","020502061207 Turtle Creek-West Branch Susquehanna River"
"3065","TC0-CB-U","Creek Chub",94,9.2,0.963787827,1.973127854,"6/7/2023","020502061207 Turtle Creek-West Branch Susquehanna River"
"3066","TC0-CB-U","Creek Chub",101,11.5,1.06069784,2.004321374,"6/7/2023","020502061207 Turtle Creek-West Branch Susquehanna River"
"3067","TC0-CB-U","Tessellated Darter",64,2.9,0.462397998,1.806179974,"6/7/2023","020502061207 Turtle Creek-West Branch Susquehanna River"
"3068","TC0-CB-U","Longnose Dace",75,4.6,0.662757832,1.875061263,"6/7/2023","020502061207 Turtle Creek-West Branch Susquehanna River"
"3069","TC0-GU","Tessellated Darter",76,3.8,0.579783597,1.880813592,"6/7/2023","020502061207 Turtle Creek-West Branch Susquehanna River"
"3070","TC0-GU","Creek Chub",44,0.8,-0.096910013,1.643452676,"6/7/2023","020502061207 Turtle Creek-West Branch Susquehanna River"
"3071","TC0-GU","Blacknose Dace",68,3,0.477121255,1.832508913,"6/7/2023","020502061207 Turtle Creek-West Branch Susquehanna River"
"3072","TC0-GU","Blacknose Dace",47,1,0,1.672097858,"6/7/2023","020502061207 Turtle Creek-West Branch Susquehanna River"
"3073","TC0-GU","Blacknose Dace",67,3.1,0.491361694,1.826074803,"6/7/2023","020502061207 Turtle Creek-West Branch Susquehanna River"
"3074","TC0-GU","Blacknose Dace",49,1.2,0.079181246,1.69019608,"6/7/2023","020502061207 Turtle Creek-West Branch Susquehanna River"
"3075","TC0-GU","Blacknose Dace",53,1.5,0.176091259,1.72427587,"6/7/2023","020502061207 Turtle Creek-West Branch Susquehanna River"
"3076","TC0-GU","Tessellated Darter",63,2.2,0.342422681,1.799340549,"6/7/2023","020502061207 Turtle Creek-West Branch Susquehanna River"
"3077","TC0-GU","Tessellated Darter",71,3.1,0.491361694,1.851258349,"6/7/2023","020502061207 Turtle Creek-West Branch Susquehanna River"
"3078","TC0-GU","Tessellated Darter",60,2,0.301029996,1.77815125,"6/7/2023","020502061207 Turtle Creek-West Branch Susquehanna River"
"3079","TC0-GU","Tessellated Darter",54,1.6,0.204119983,1.73239376,"6/7/2023","020502061207 Turtle Creek-West Branch Susquehanna River"
"3080","TC0-GU","Creek Chub",138,31.7,1.501059262,2.139879086,"6/7/2023","020502061207 Turtle Creek-West Branch Susquehanna River"
"3081","TC0-GU","Creek Chub",132,28.2,1.450249108,2.120573931,"6/7/2023","020502061207 Turtle Creek-West Branch Susquehanna River"
"3082","TC0-GU","Longnose Dace",91,7.5,0.875061263,1.959041392,"6/7/2023","020502061207 Turtle Creek-West Branch Susquehanna River"
"3083","TC0-GU","Tessellated Darter",64,2.6,0.414973348,1.806179974,"6/7/2023","020502061207 Turtle Creek-West Branch Susquehanna River"
"3084","TC0-GU","Creek Chub",100,11.2,1.049218023,2,"6/7/2023","020502061207 Turtle Creek-West Branch Susquehanna River"
"3085","TC0-GU","Tessellated Darter",65,2.9,0.462397998,1.812913357,"6/7/2023","020502061207 Turtle Creek-West Branch Susquehanna River"
"3086","TC0-GU","Blacknose Dace",75,4.4,0.643452676,1.875061263,"6/7/2023","020502061207 Turtle Creek-West Branch Susquehanna River"
"3087","TC0-GU","Blacknose Dace",73,3.4,0.531478917,1.86332286,"6/7/2023","020502061207 Turtle Creek-West Branch Susquehanna River"
"3088","TC0-GU","Tessellated Darter",48,1.1,0.041392685,1.681241237,"6/7/2023","020502061207 Turtle Creek-West Branch Susquehanna River"
"3089","TC0-GU","Tessellated Darter",78,4,0.602059991,1.892094603,"6/7/2023","020502061207 Turtle Creek-West Branch Susquehanna River"
"3090","TC0-GU","Longnose Dace",79,4.9,0.69019608,1.897627091,"6/7/2023","020502061207 Turtle Creek-West Branch Susquehanna River"
"3091","TC0-GU","Creek Chub",97,11.2,1.049218023,1.986771734,"6/7/2023","020502061207 Turtle Creek-West Branch Susquehanna River"
"3092","TC0-GU","Creek Chub",126,18.6,1.269512944,2.100370545,"6/7/2023","020502061207 Turtle Creek-West Branch Susquehanna River"
"3093","TC0-GU","Creek Chub",127,26.3,1.419955748,2.103803721,"6/7/2023","020502061207 Turtle Creek-West Branch Susquehanna River"
"3094","TC0-GU","Creek Chub",108,15.1,1.178976947,2.033423755,"6/7/2023","020502061207 Turtle Creek-West Branch Susquehanna River"
"3095","TC0-GU","Creek Chub",100,9.1,0.959041392,2,"6/7/2023","020502061207 Turtle Creek-West Branch Susquehanna River"
"3096","TC0-GU","Tessellated Darter",66,2.7,0.431363764,1.819543936,"6/7/2023","020502061207 Turtle Creek-West Branch Susquehanna River"
"3097","TC0-GU","Creek Chub",102,12,1.079181246,2.008600172,"6/7/2023","020502061207 Turtle Creek-West Branch Susquehanna River"
"3098","TC0-GU","Tessellated Darter",60,2.1,0.322219295,1.77815125,"6/7/2023","020502061207 Turtle Creek-West Branch Susquehanna River"
"3099","TC0-GU","Tessellated Darter",76,3.8,0.579783597,1.880813592,"6/7/2023","020502061207 Turtle Creek-West Branch Susquehanna River"
"3100","TC0-GU","Tessellated Darter",57,1.9,0.278753601,1.755874856,"6/7/2023","020502061207 Turtle Creek-West Branch Susquehanna River"
"3101","TC0-GU","Blacknose Dace",53,1.3,0.113943352,1.72427587,"6/7/2023","020502061207 Turtle Creek-West Branch Susquehanna River"
"3102","TC0-GU","Blacknose Dace",72,4,0.602059991,1.857332496,"6/7/2023","020502061207 Turtle Creek-West Branch Susquehanna River"
"3103","TC0-GU","Blacknose Dace",64,2.5,0.397940009,1.806179974,"6/7/2023","020502061207 Turtle Creek-West Branch Susquehanna River"
"3104","TC0-GU","Blacknose Dace",65,2.4,0.380211242,1.812913357,"6/7/2023","020502061207 Turtle Creek-West Branch Susquehanna River"
"3105","TC0-GU","Tessellated Darter",64,2.5,0.397940009,1.806179974,"6/7/2023","020502061207 Turtle Creek-West Branch Susquehanna River"
"3106","TC0-GU","Creek Chub",110,15,1.176091259,2.041392685,"6/7/2023","020502061207 Turtle Creek-West Branch Susquehanna River"
"3107","TC0-GU","Blacknose Dace",71,3.1,0.491361694,1.851258349,"6/7/2023","020502061207 Turtle Creek-West Branch Susquehanna River"
"3108","TC0-GU","Blacknose Dace",60,2.1,0.322219295,1.77815125,"6/7/2023","020502061207 Turtle Creek-West Branch Susquehanna River"
"3109","TC0-GU","Creek Chub",94,9.1,0.959041392,1.973127854,"6/7/2023","020502061207 Turtle Creek-West Branch Susquehanna River"
"3110","TC0-GU","Tessellated Darter",61,2,0.301029996,1.785329835,"6/7/2023","020502061207 Turtle Creek-West Branch Susquehanna River"
"3111","TC0-GU","Longnose Dace",58,1.8,0.255272505,1.763427994,"6/7/2023","020502061207 Turtle Creek-West Branch Susquehanna River"
"3112","TC0-GU","Blacknose Dace",77,4.5,0.653212514,1.886490725,"6/7/2023","020502061207 Turtle Creek-West Branch Susquehanna River"
"3113","TC0-GU","Blacknose Dace",58,2.1,0.322219295,1.763427994,"6/7/2023","020502061207 Turtle Creek-West Branch Susquehanna River"
"3114","TC0-GU","Tessellated Darter",64,2.9,0.462397998,1.806179974,"6/7/2023","020502061207 Turtle Creek-West Branch Susquehanna River"
"3115","TC0-GU","Blacknose Dace",79,5.4,0.73239376,1.897627091,"6/7/2023","020502061207 Turtle Creek-West Branch Susquehanna River"
"3116","TC0-GU","Blacknose Dace",64,2.6,0.414973348,1.806179974,"6/7/2023","020502061207 Turtle Creek-West Branch Susquehanna River"
"3117","TC0-GU","Tessellated Darter",75,3.9,0.591064607,1.875061263,"6/7/2023","020502061207 Turtle Creek-West Branch Susquehanna River"
"3118","TC0-GU","Creek Chub",67,3.5,0.544068044,1.826074803,"6/7/2023","020502061207 Turtle Creek-West Branch Susquehanna River"
"3119","TC0-GU","Tessellated Darter",52,1.3,0.113943352,1.716003344,"6/7/2023","020502061207 Turtle Creek-West Branch Susquehanna River"
"3120","TC0-GU","Longnose Dace",61,2.4,0.380211242,1.785329835,"6/7/2023","020502061207 Turtle Creek-West Branch Susquehanna River"
"3121","TC0-GU","Creek Chub",105,16.7,1.222716471,2.021189299,"6/7/2023","020502061207 Turtle Creek-West Branch Susquehanna River"
"3122","TC0-GU","Blacknose Dace",70,3.7,0.568201724,1.84509804,"6/7/2023","020502061207 Turtle Creek-West Branch Susquehanna River"
"3123","TC0-GU","Blacknose Dace",53,1.4,0.146128036,1.72427587,"6/7/2023","020502061207 Turtle Creek-West Branch Susquehanna River"
"3124","TC0-GU","Blacknose Dace",64,2.5,0.397940009,1.806179974,"6/7/2023","020502061207 Turtle Creek-West Branch Susquehanna River"
"3125","TC0-GU","Creek Chub",106,14.2,1.152288344,2.025305865,"6/7/2023","020502061207 Turtle Creek-West Branch Susquehanna River"
"3126","TC0-GU","Tessellated Darter",57,1.9,0.278753601,1.755874856,"6/7/2023","020502061207 Turtle Creek-West Branch Susquehanna River"
"3127","TC0-GU","Creek Chub",142,36.2,1.558708571,2.152288344,"6/7/2023","020502061207 Turtle Creek-West Branch Susquehanna River"
"3128","TC0-GU","Creek Chub",107,14.8,1.170261715,2.029383778,"6/7/2023","020502061207 Turtle Creek-West Branch Susquehanna River"
"3129","TC0-GU","Creek Chub",136,27.7,1.442479769,2.133538908,"6/7/2023","020502061207 Turtle Creek-West Branch Susquehanna River"
"3130","TC0-GU","Tessellated Darter",59,2.1,0.322219295,1.770852012,"6/7/2023","020502061207 Turtle Creek-West Branch Susquehanna River"
"3131","TC0-GU","Creek Chub",101,11.4,1.056904851,2.004321374,"6/7/2023","020502061207 Turtle Creek-West Branch Susquehanna River"
"3132","TC0-GU","Longnose Dace",83,5.9,0.770852012,1.919078092,"6/7/2023","020502061207 Turtle Creek-West Branch Susquehanna River"
"3133","TC0-GU","Tessellated Darter",74,3.1,0.491361694,1.86923172,"6/7/2023","020502061207 Turtle Creek-West Branch Susquehanna River"
"3134","TC0-GU","Tessellated Darter",57,1.8,0.255272505,1.755874856,"6/7/2023","020502061207 Turtle Creek-West Branch Susquehanna River"
"3135","TC0-GU","Tessellated Darter",66,2.8,0.447158031,1.819543936,"6/7/2023","020502061207 Turtle Creek-West Branch Susquehanna River"
"3136","TC0-GU","Longnose Dace",72,3,0.477121255,1.857332496,"6/7/2023","020502061207 Turtle Creek-West Branch Susquehanna River"
"3137","TC0-GU","Creek Chub",99,11.7,1.068185862,1.995635195,"6/7/2023","020502061207 Turtle Creek-West Branch Susquehanna River"
"3138","TC0-GU","Blacknose Dace",66,2.4,0.380211242,1.819543936,"6/7/2023","020502061207 Turtle Creek-West Branch Susquehanna River"
"3139","TC0-GU","Creek Chub",142,30.8,1.488550717,2.152288344,"6/7/2023","020502061207 Turtle Creek-West Branch Susquehanna River"
"3140","TC0-GU","Tessellated Darter",68,2.9,0.462397998,1.832508913,"6/7/2023","020502061207 Turtle Creek-West Branch Susquehanna River"
"3141","TC0-GU","Longnose Dace",79,4.2,0.62324929,1.897627091,"6/7/2023","020502061207 Turtle Creek-West Branch Susquehanna River"
"3142","TC0-GU","Creek Chub",100,11.6,1.064457989,2,"6/7/2023","020502061207 Turtle Creek-West Branch Susquehanna River"
"3143","TC0-GU","Tessellated Darter",56,1.9,0.278753601,1.748188027,"6/7/2023","020502061207 Turtle Creek-West Branch Susquehanna River"
"3144","TC0-GU","Creek Chub",40,0.7,-0.15490196,1.602059991,"6/7/2023","020502061207 Turtle Creek-West Branch Susquehanna River"
"3145","TC0-GU","Blacknose Dace",70,3.8,0.579783597,1.84509804,"6/7/2023","020502061207 Turtle Creek-West Branch Susquehanna River"
"3146","TC0-GU","Tessellated Darter",58,2,0.301029996,1.763427994,"6/7/2023","020502061207 Turtle Creek-West Branch Susquehanna River"
"3147","TC0-GU","Creek Chub",113,17.5,1.243038049,2.053078443,"6/7/2023","020502061207 Turtle Creek-West Branch Susquehanna River"
"3148","TC0-GU","Creek Chub",98,10.6,1.025305865,1.991226076,"6/7/2023","020502061207 Turtle Creek-West Branch Susquehanna River"
"3149","TC0-GU","Blacknose Dace",67,2.6,0.414973348,1.826074803,"6/7/2023","020502061207 Turtle Creek-West Branch Susquehanna River"
"3150","TC0-GU","Longnose Dace",64,2.3,0.361727836,1.806179974,"6/7/2023","020502061207 Turtle Creek-West Branch Susquehanna River"
"3151","TC0-GU","Blacknose Dace",73,3.7,0.568201724,1.86332286,"6/7/2023","020502061207 Turtle Creek-West Branch Susquehanna River"
"3152","TC0-GU","Creek Chub",54,1.4,0.146128036,1.73239376,"6/7/2023","020502061207 Turtle Creek-West Branch Susquehanna River"
"3153","TC0-GU","Creek Chub",100,9.5,0.977723605,2,"6/7/2023","020502061207 Turtle Creek-West Branch Susquehanna River"
"3154","TC0-GU","Creek Chub",156,44,1.643452676,2.193124598,"6/7/2023","020502061207 Turtle Creek-West Branch Susquehanna River"
"3155","TC0-GU","Longnose Dace",84,6.1,0.785329835,1.924279286,"6/7/2023","020502061207 Turtle Creek-West Branch Susquehanna River"
"3156","TC0-GU","Tessellated Darter",53,1.5,0.176091259,1.72427587,"6/7/2023","020502061207 Turtle Creek-West Branch Susquehanna River"
"3157","TC0-GU","Tessellated Darter",65,2.5,0.397940009,1.812913357,"6/7/2023","020502061207 Turtle Creek-West Branch Susquehanna River"
"3158","TC0-GU","Blacknose Dace",45,0.7,-0.15490196,1.653212514,"6/7/2023","020502061207 Turtle Creek-West Branch Susquehanna River"
"3159","TC0-GU","Creek Chub",60,2.3,0.361727836,1.77815125,"6/7/2023","020502061207 Turtle Creek-West Branch Susquehanna River"
"3160","TC0-GU","Blacknose Dace",54,1.5,0.176091259,1.73239376,"6/7/2023","020502061207 Turtle Creek-West Branch Susquehanna River"
"3161","TC0-GU","Blacknose Dace",64,2.9,0.462397998,1.806179974,"6/7/2023","020502061207 Turtle Creek-West Branch Susquehanna River"
"3162","TC0-GU","Tessellated Darter",75,3.9,0.591064607,1.875061263,"6/7/2023","020502061207 Turtle Creek-West Branch Susquehanna River"
"3163","TC0-GU","Blacknose Dace",53,1.4,0.146128036,1.72427587,"6/7/2023","020502061207 Turtle Creek-West Branch Susquehanna River"
"3164","TC0-GU","Blacknose Dace",70,3.7,0.568201724,1.84509804,"6/7/2023","020502061207 Turtle Creek-West Branch Susquehanna River"
"3165","TC0-GU","Creek Chub",111,14.3,1.155336037,2.045322979,"6/7/2023","020502061207 Turtle Creek-West Branch Susquehanna River"
"3166","TC0-GU","Tessellated Darter",72,3.4,0.531478917,1.857332496,"6/7/2023","020502061207 Turtle Creek-West Branch Susquehanna River"
"3167","TC0-GU","Blacknose Dace",46,0.8,-0.096910013,1.662757832,"6/7/2023","020502061207 Turtle Creek-West Branch Susquehanna River"
"3168","TC0-SB-U","Longnose Dace",80,5,0.698970004,1.903089987,"6/8/2023","020502061207 Turtle Creek-West Branch Susquehanna River"
"3169","TC0-SB-U","Creek Chub",88,7.1,0.851258349,1.944482672,"6/8/2023","020502061207 Turtle Creek-West Branch Susquehanna River"
"3170","TC0-SB-U","Tessellated Darter",62,2.6,0.414973348,1.792391689,"6/8/2023","020502061207 Turtle Creek-West Branch Susquehanna River"
"3171","TC0-SB-U","Tessellated Darter",64,2.3,0.361727836,1.806179974,"6/8/2023","020502061207 Turtle Creek-West Branch Susquehanna River"
"3172","TC0-SB-U","Creek Chub",110,12.4,1.093421685,2.041392685,"6/8/2023","020502061207 Turtle Creek-West Branch Susquehanna River"
"3173","TC0-SB-U","Creek Chub",51,1.8,0.255272505,1.707570176,"6/8/2023","020502061207 Turtle Creek-West Branch Susquehanna River"
"3174","TC0-SB-U","Creek Chub",142,31.6,1.499687083,2.152288344,"6/8/2023","020502061207 Turtle Creek-West Branch Susquehanna River"
"3175","TC0-SB-U","Blacknose Dace",63,2.1,0.322219295,1.799340549,"6/8/2023","020502061207 Turtle Creek-West Branch Susquehanna River"
"3176","TC0-SB-U","Blacknose Dace",66,2.9,0.462397998,1.819543936,"6/8/2023","020502061207 Turtle Creek-West Branch Susquehanna River"
"3177","TC0-SB-U","Blacknose Dace",49,1,0,1.69019608,"6/8/2023","020502061207 Turtle Creek-West Branch Susquehanna River"
"3178","TC0-SB-U","Tessellated Darter",60,2.2,0.342422681,1.77815125,"6/8/2023","020502061207 Turtle Creek-West Branch Susquehanna River"
"3179","TC0-SB-U","Blacknose Dace",71,3.2,0.505149978,1.851258349,"6/8/2023","020502061207 Turtle Creek-West Branch Susquehanna River"
"3180","TC0-SB-U","Creek Chub",74,4.5,0.653212514,1.86923172,"6/8/2023","020502061207 Turtle Creek-West Branch Susquehanna River"
"3181","TC0-SB-U","Blacknose Dace",71,3.6,0.556302501,1.851258349,"6/8/2023","020502061207 Turtle Creek-West Branch Susquehanna River"
"3182","TC0-SB-U","Tessellated Darter",60,1.9,0.278753601,1.77815125,"6/8/2023","020502061207 Turtle Creek-West Branch Susquehanna River"
"3183","TC0-SB-U","Blacknose Dace",73,4.1,0.612783857,1.86332286,"6/8/2023","020502061207 Turtle Creek-West Branch Susquehanna River"
"3184","TC0-SB-U","Creek Chub",126,21.6,1.334453751,2.100370545,"6/8/2023","020502061207 Turtle Creek-West Branch Susquehanna River"
"3185","TC0-SB-U","Tessellated Darter",59,1.9,0.278753601,1.770852012,"6/8/2023","020502061207 Turtle Creek-West Branch Susquehanna River"
"3186","TC0-SB-U","Tessellated Darter",62,2.3,0.361727836,1.792391689,"6/8/2023","020502061207 Turtle Creek-West Branch Susquehanna River"
"3187","TC0-SB-U","Creek Chub",86,6.3,0.799340549,1.934498451,"6/8/2023","020502061207 Turtle Creek-West Branch Susquehanna River"
"3188","TC0-SB-U","Creek Chub",82,5.4,0.73239376,1.913813852,"6/8/2023","020502061207 Turtle Creek-West Branch Susquehanna River"
"3189","TC0-SB-U","Tessellated Darter",59,1.9,0.278753601,1.770852012,"6/8/2023","020502061207 Turtle Creek-West Branch Susquehanna River"
"3190","TC0-SB-U","Blacknose Dace",66,2.8,0.447158031,1.819543936,"6/8/2023","020502061207 Turtle Creek-West Branch Susquehanna River"
"3191","TC0-SB-U","Creek Chub",52,1.4,0.146128036,1.716003344,"6/8/2023","020502061207 Turtle Creek-West Branch Susquehanna River"
"3192","TC0-SB-U","Tessellated Darter",50,1.2,0.079181246,1.698970004,"6/8/2023","020502061207 Turtle Creek-West Branch Susquehanna River"
"3193","TC0-SB-U","Creek Chub",60,2.4,0.380211242,1.77815125,"6/8/2023","020502061207 Turtle Creek-West Branch Susquehanna River"
"3194","TC0-SB-U","Blacknose Dace",77,4.4,0.643452676,1.886490725,"6/8/2023","020502061207 Turtle Creek-West Branch Susquehanna River"
"3195","TC0-SB-U","Creek Chub",96,9.3,0.968482949,1.982271233,"6/8/2023","020502061207 Turtle Creek-West Branch Susquehanna River"
"3196","TC0-SB-U","Creek Chub",147,41.5,1.618048097,2.167317335,"6/8/2023","020502061207 Turtle Creek-West Branch Susquehanna River"
"3197","TC0-SB-U","Blacknose Dace",54,1.5,0.176091259,1.73239376,"6/8/2023","020502061207 Turtle Creek-West Branch Susquehanna River"
"3198","TC0-SB-U","Blacknose Dace",66,2.8,0.447158031,1.819543936,"6/8/2023","020502061207 Turtle Creek-West Branch Susquehanna River"
"3199","TC0-SB-U","Creek Chub",57,1.9,0.278753601,1.755874856,"6/8/2023","020502061207 Turtle Creek-West Branch Susquehanna River"
"3200","TC0-SB-U","Tessellated Darter",66,3,0.477121255,1.819543936,"6/8/2023","020502061207 Turtle Creek-West Branch Susquehanna River"
"3201","TC0-SB-U","Creek Chub",129,27,1.431363764,2.11058971,"6/8/2023","020502061207 Turtle Creek-West Branch Susquehanna River"
"3202","TC0-SB-U","Blacknose Dace",71,3.7,0.568201724,1.851258349,"6/8/2023","020502061207 Turtle Creek-West Branch Susquehanna River"
"3203","TC0-SB-U","Blacknose Dace",70,3.1,0.491361694,1.84509804,"6/8/2023","020502061207 Turtle Creek-West Branch Susquehanna River"
"3204","TC0-SB-U","Creek Chub",156,33.8,1.5289167,2.193124598,"6/8/2023","020502061207 Turtle Creek-West Branch Susquehanna River"
"3205","TC0-SB-U","Tessellated Darter",56,1.8,0.255272505,1.748188027,"6/8/2023","020502061207 Turtle Creek-West Branch Susquehanna River"
"3206","TC0-SB-U","Tessellated Darter",58,1.8,0.255272505,1.763427994,"6/8/2023","020502061207 Turtle Creek-West Branch Susquehanna River"
"3207","TC0-SB-U","Blacknose Dace",62,2.4,0.380211242,1.792391689,"6/8/2023","020502061207 Turtle Creek-West Branch Susquehanna River"
"3208","TC0-SB-U","Longnose Dace",58,1.9,0.278753601,1.763427994,"6/8/2023","020502061207 Turtle Creek-West Branch Susquehanna River"
"3209","TC0-SB-U","Creek Chub",62,2.5,0.397940009,1.792391689,"6/8/2023","020502061207 Turtle Creek-West Branch Susquehanna River"
"3210","TC0-SB-U","Creek Chub",64,2.6,0.414973348,1.806179974,"6/8/2023","020502061207 Turtle Creek-West Branch Susquehanna River"
"3211","TC0-SB-U","Blacknose Dace",53,1.4,0.146128036,1.72427587,"6/8/2023","020502061207 Turtle Creek-West Branch Susquehanna River"
"3212","TC0-SB-U","Creek Chub",136,27.1,1.432969291,2.133538908,"6/8/2023","020502061207 Turtle Creek-West Branch Susquehanna River"
"3213","TC0-SB-U","Tessellated Darter",63,2.5,0.397940009,1.799340549,"6/8/2023","020502061207 Turtle Creek-West Branch Susquehanna River"
"3214","TC0-SB-U","Creek Chub",107,12.1,1.08278537,2.029383778,"6/8/2023","020502061207 Turtle Creek-West Branch Susquehanna River"
"3215","TC0-SB-U","Tessellated Darter",62,2.7,0.431363764,1.792391689,"6/8/2023","020502061207 Turtle Creek-West Branch Susquehanna River"
"3216","TC0-SB-U","Tessellated Darter",57,1.9,0.278753601,1.755874856,"6/8/2023","020502061207 Turtle Creek-West Branch Susquehanna River"
"3217","TC0-SB-U","Tessellated Darter",60,2.1,0.322219295,1.77815125,"6/8/2023","020502061207 Turtle Creek-West Branch Susquehanna River"
"3218","TC0-SB-U","Tessellated Darter",51,1.2,0.079181246,1.707570176,"6/8/2023","020502061207 Turtle Creek-West Branch Susquehanna River"
"3219","TC0-SB-U","Blacknose Dace",53,1.3,0.113943352,1.72427587,"6/8/2023","020502061207 Turtle Creek-West Branch Susquehanna River"
"3220","TC0-SB-U","Tessellated Darter",51,1.3,0.113943352,1.707570176,"6/8/2023","020502061207 Turtle Creek-West Branch Susquehanna River"
"3221","TC0-SB-U","Tessellated Darter",61,2.2,0.342422681,1.785329835,"6/8/2023","020502061207 Turtle Creek-West Branch Susquehanna River"
"3222","TC0-SB-U","Blacknose Dace",51,1.5,0.176091259,1.707570176,"6/8/2023","020502061207 Turtle Creek-West Branch Susquehanna River"
"3223","TC0-SB-U","Blacknose Dace",51,1.2,0.079181246,1.707570176,"6/8/2023","020502061207 Turtle Creek-West Branch Susquehanna River"
"3224","TC0-SB-U","Creek Chub",90,8.2,0.913813852,1.954242509,"6/8/2023","020502061207 Turtle Creek-West Branch Susquehanna River"
"3225","TC0-SB-U","Creek Chub",121,17.5,1.243038049,2.08278537,"6/8/2023","020502061207 Turtle Creek-West Branch Susquehanna River"
"3226","TC0-SB-U","Tessellated Darter",57,2,0.301029996,1.755874856,"6/8/2023","020502061207 Turtle Creek-West Branch Susquehanna River"
"3227","TC0-SB-U","Tessellated Darter",58,1.8,0.255272505,1.763427994,"6/8/2023","020502061207 Turtle Creek-West Branch Susquehanna River"
"3228","TC0-SB-U","Creek Chub",87,7.8,0.892094603,1.939519253,"6/8/2023","020502061207 Turtle Creek-West Branch Susquehanna River"
"3229","TC0-SB-U","Blacknose Dace",62,2.8,0.447158031,1.792391689,"6/8/2023","020502061207 Turtle Creek-West Branch Susquehanna River"
"3230","TC0-SB-U","Creek Chub",136,28.7,1.457881897,2.133538908,"6/8/2023","020502061207 Turtle Creek-West Branch Susquehanna River"
"3231","TC0-SB-U","Blacknose Dace",48,1,0,1.681241237,"6/8/2023","020502061207 Turtle Creek-West Branch Susquehanna River"
"3232","TC0-SB-U","Blacknose Dace",43,0.7,-0.15490196,1.633468456,"6/8/2023","020502061207 Turtle Creek-West Branch Susquehanna River"
"3233","TC0-SB-U","Tessellated Darter",66,2.5,0.397940009,1.819543936,"6/8/2023","020502061207 Turtle Creek-West Branch Susquehanna River"
"3234","TC0-SB-U","Creek Chub",89,9.8,0.991226076,1.949390007,"6/8/2023","020502061207 Turtle Creek-West Branch Susquehanna River"
"3235","TC0-SB-U","Blacknose Dace",70,3.3,0.51851394,1.84509804,"6/8/2023","020502061207 Turtle Creek-West Branch Susquehanna River"
"3236","TC0-SB-U","Tessellated Darter",62,2.3,0.361727836,1.792391689,"6/8/2023","020502061207 Turtle Creek-West Branch Susquehanna River"
"3237","TC0-SB-U","Blacknose Dace",72,3.5,0.544068044,1.857332496,"6/8/2023","020502061207 Turtle Creek-West Branch Susquehanna River"
"3238","TC0-SB-U","Creek Chub",84,5.6,0.748188027,1.924279286,"6/8/2023","020502061207 Turtle Creek-West Branch Susquehanna River"
"3239","TC0-SB-U","Tessellated Darter",57,1.8,0.255272505,1.755874856,"6/8/2023","020502061207 Turtle Creek-West Branch Susquehanna River"
"3240","TC0-SB-U","Tessellated Darter",76,4,0.602059991,1.880813592,"6/8/2023","020502061207 Turtle Creek-West Branch Susquehanna River"
"3241","TC0-SB-U","Tessellated Darter",54,1.7,0.230448921,1.73239376,"6/8/2023","020502061207 Turtle Creek-West Branch Susquehanna River"
"3242","TC0-SB-U","Blacknose Dace",71,3.8,0.579783597,1.851258349,"6/8/2023","020502061207 Turtle Creek-West Branch Susquehanna River"
"3243","TC0-SB-U","Blacknose Dace",52,1.3,0.113943352,1.716003344,"6/8/2023","020502061207 Turtle Creek-West Branch Susquehanna River"
"3244","TC0-SB-U","Tessellated Darter",65,2.3,0.361727836,1.812913357,"6/8/2023","020502061207 Turtle Creek-West Branch Susquehanna River"
"3245","TC0-SB-U","Creek Chub",140,27.5,1.439332694,2.146128036,"6/8/2023","020502061207 Turtle Creek-West Branch Susquehanna River"
"3246","TC0-SB-U","Tessellated Darter",59,2.2,0.342422681,1.770852012,"6/8/2023","020502061207 Turtle Creek-West Branch Susquehanna River"
"3247","TC0-SB-U","Creek Chub",98,10.8,1.033423755,1.991226076,"6/8/2023","020502061207 Turtle Creek-West Branch Susquehanna River"
"3248","TC0-SB-U","Blacknose Dace",54,1.4,0.146128036,1.73239376,"6/8/2023","020502061207 Turtle Creek-West Branch Susquehanna River"
"3249","TC0-SB-U","Tessellated Darter",62,2.4,0.380211242,1.792391689,"6/8/2023","020502061207 Turtle Creek-West Branch Susquehanna River"
"3250","TC0-SB-U","Tessellated Darter",63,2.4,0.380211242,1.799340549,"6/8/2023","020502061207 Turtle Creek-West Branch Susquehanna River"
"3251","TC0-SB-U","Blacknose Dace",74,3.5,0.544068044,1.86923172,"6/8/2023","020502061207 Turtle Creek-West Branch Susquehanna River"
"3252","TC0-SB-U","Blacknose Dace",56,1.6,0.204119983,1.748188027,"6/8/2023","020502061207 Turtle Creek-West Branch Susquehanna River"
"3253","TC0-SB-U","Longnose Dace",87,7,0.84509804,1.939519253,"6/8/2023","020502061207 Turtle Creek-West Branch Susquehanna River"
"3254","TC0-SB-U","Blacknose Dace",65,2.4,0.380211242,1.812913357,"6/8/2023","020502061207 Turtle Creek-West Branch Susquehanna River"
"3255","TC0-SB-U","Creek Chub",104,11,1.041392685,2.017033339,"6/8/2023","020502061207 Turtle Creek-West Branch Susquehanna River"
"3256","TC0-SB-U","Creek Chub",91,8.4,0.924279286,1.959041392,"6/8/2023","020502061207 Turtle Creek-West Branch Susquehanna River"
"3257","TC0-SB-U","Blacknose Dace",64,2.4,0.380211242,1.806179974,"6/8/2023","020502061207 Turtle Creek-West Branch Susquehanna River"
"3258","TC0-SB-U","Blacknose Dace",53,1.2,0.079181246,1.72427587,"6/8/2023","020502061207 Turtle Creek-West Branch Susquehanna River"
"3259","TC0-SB-U","Tessellated Darter",54,1.4,0.146128036,1.73239376,"6/8/2023","020502061207 Turtle Creek-West Branch Susquehanna River"
"3260","TC0-SB-U","Creek Chub",93,7.6,0.880813592,1.968482949,"6/8/2023","020502061207 Turtle Creek-West Branch Susquehanna River"
"3261","UNTEastWallisRM261.EastWallis","Longnose Dace",81,4.8,0.681241237,1.908485019,"6/28/2023","020502060506 Wallis Run"
"3262","UNTEastWallisRM261.EastWallis","Longnose Dace",86,5.4,0.73239376,1.934498451,"6/28/2023","020502060506 Wallis Run"
"3263","UNTEastWallisRM261.EastWallis","Blacknose Dace",66,2.3,0.361727836,1.819543936,"6/28/2023","020502060506 Wallis Run"
"3264","UNTEastWallisRM261.EastWallis","Blacknose Dace",50,1.2,0.079181246,1.698970004,"6/28/2023","020502060506 Wallis Run"
"3265","UNTEastWallisRM261.EastWallis","Blacknose Dace",56,1.6,0.204119983,1.748188027,"6/28/2023","020502060506 Wallis Run"
"3266","UNTEastWallisRM261.EastWallis","Blacknose Dace",59,1.8,0.255272505,1.770852012,"6/28/2023","020502060506 Wallis Run"
"3267","UNTEastWallisRM261.EastWallis","Blacknose Dace",74,3.5,0.544068044,1.86923172,"6/28/2023","020502060506 Wallis Run"
"3268","UNTEastWallisRM261.EastWallis","Blacknose Dace",60,2.1,0.322219295,1.77815125,"6/28/2023","020502060506 Wallis Run"
"3269","UNTEastWallisRM261.EastWallis","Blacknose Dace",70,2.9,0.462397998,1.84509804,"6/28/2023","020502060506 Wallis Run"
"3270","UNTEastWallisRM261.EastWallis","Blacknose Dace",56,1.5,0.176091259,1.748188027,"6/28/2023","020502060506 Wallis Run"
"3271","UNTEastWallisRM261.EastWallis","Blacknose Dace",52,1.7,0.230448921,1.716003344,"6/28/2023","020502060506 Wallis Run"
"3272","UNTEastWallisRM261.EastWallis","Blacknose Dace",56,1.5,0.176091259,1.748188027,"6/28/2023","020502060506 Wallis Run"
"3273","UNTEastWallisRM261.EastWallis","Blacknose Dace",60,3.1,0.491361694,1.77815125,"6/28/2023","020502060506 Wallis Run"
"3274","UNTEastWallisRM261.EastWallis","Blacknose Dace",51,1.2,0.079181246,1.707570176,"6/28/2023","020502060506 Wallis Run"
"3275","UNTEastWallisRM261.EastWallis","Blacknose Dace",66,2.7,0.431363764,1.819543936,"6/28/2023","020502060506 Wallis Run"
"3276","UNTEastWallisRM261.EastWallis","Blacknose Dace",45,0.9,-0.045757491,1.653212514,"6/28/2023","020502060506 Wallis Run"
"3277","UNTEastWallisRM261.EastWallis","Blacknose Dace",68,2.7,0.431363764,1.832508913,"6/28/2023","020502060506 Wallis Run"
"3278","UNTEastWallisRM261.EastWallis","Blacknose Dace",56,1.7,0.230448921,1.748188027,"6/28/2023","020502060506 Wallis Run"
"3279","UNTEastWallisRM261.EastWallis","Longnose Dace",87,5,0.698970004,1.939519253,"6/28/2023","020502060506 Wallis Run"
"3280","UNTEastWallisRM261.EastWallis","Blacknose Dace",74,2.9,0.462397998,1.86923172,"6/28/2023","020502060506 Wallis Run"
"3281","UNTEastWallisRM261.EastWallis","Blacknose Dace",68,2.8,0.447158031,1.832508913,"6/28/2023","020502060506 Wallis Run"
"3282","UNTEastWallisRM261.EastWallis","Blacknose Dace",50,1.3,0.113943352,1.698970004,"6/28/2023","020502060506 Wallis Run"
"3283","UNTEastWallisRM261.EastWallis","Longnose Dace",84,6.2,0.792391689,1.924279286,"6/28/2023","020502060506 Wallis Run"
"3284","UNTEastWallisRM261.EastWallis","Blacknose Dace",57,1.6,0.204119983,1.755874856,"6/28/2023","020502060506 Wallis Run"
"3285","UNTEastWallisRM261.EastWallis","Blacknose Dace",53,1.3,0.113943352,1.72427587,"6/28/2023","020502060506 Wallis Run"
"3286","UNTEastWallisRM261.EastWallis","Longnose Dace",84,4.8,0.681241237,1.924279286,"6/28/2023","020502060506 Wallis Run"
"3287","UNTEastWallisRM261.EastWallis","Blacknose Dace",45,0.8,-0.096910013,1.653212514,"6/28/2023","020502060506 Wallis Run"
"3288","UNTEastWallisRM261.EastWallis","Blacknose Dace",71,3,0.477121255,1.851258349,"6/28/2023","020502060506 Wallis Run"
"3289","UNTEastWallisRM261.EastWallis","Blacknose Dace",66,2.4,0.380211242,1.819543936,"6/28/2023","020502060506 Wallis Run"
"3290","UNTEastWallisRM261.EastWallis","Blacknose Dace",45,0.8,-0.096910013,1.653212514,"6/28/2023","020502060506 Wallis Run"
"3291","UNTEastWallisRM261.EastWallis","Blacknose Dace",63,2.6,0.414973348,1.799340549,"6/28/2023","020502060506 Wallis Run"
"3292","UNTEastWallisRM261.EastWallis","Blacknose Dace",62,1.8,0.255272505,1.792391689,"6/28/2023","020502060506 Wallis Run"
"3293","UNTEastWallisRM261.EastWallis","Blacknose Dace",56,1.6,0.204119983,1.748188027,"6/28/2023","020502060506 Wallis Run"
"3294","UNTEastWallisRM261.EastWallis","Blacknose Dace",75,3.3,0.51851394,1.875061263,"6/28/2023","020502060506 Wallis Run"
"3295","UNTEastWallisRM261.EastWallis","Longnose Dace",75,4.2,0.62324929,1.875061263,"6/28/2023","020502060506 Wallis Run"
"3296","UNTEastWallisRM261.EastWallis","Blacknose Dace",40,0.4,-0.397940009,1.602059991,"6/28/2023","020502060506 Wallis Run"
"3297","UNTGlassRM242.Glass","Blacknose Dace",60,1.86,0.269512944,1.77815125,"6/25/2025","020502060302 Glass Creek-Loyalsock Creek"
"3298","UNTGlassRM242.Glass","Blacknose Dace",61,2.07,0.315970345,1.785329835,"6/25/2025","020502060302 Glass Creek-Loyalsock Creek"
"3299","UNTGlassRM242.Glass","Blacknose Dace",59,1.87,0.271841607,1.770852012,"6/25/2025","020502060302 Glass Creek-Loyalsock Creek"
"3300","UNTGlassRM242.Glass","Blacknose Dace",53,1.22,0.086359831,1.72427587,"6/25/2025","020502060302 Glass Creek-Loyalsock Creek"
"3301","UNTGlassRM242.Glass","Blacknose Dace",60,1.95,0.290034611,1.77815125,"6/25/2025","020502060302 Glass Creek-Loyalsock Creek"
"3302","UNTGlassRM242.Glass","Blacknose Dace",62,2.16,0.334453751,1.792391689,"6/25/2025","020502060302 Glass Creek-Loyalsock Creek"
"3303","UNTGlassRM242.Glass","Creek Chub",82,5.63,0.750508395,1.913813852,"6/25/2025","020502060302 Glass Creek-Loyalsock Creek"
"3304","UNTGlassRM242.Glass","Blacknose Dace",64,2.33,0.367355921,1.806179974,"6/25/2025","020502060302 Glass Creek-Loyalsock Creek"
"3305","UNTGlassRM242.Glass","Blacknose Dace",66,2.49,0.396199347,1.819543936,"6/25/2025","020502060302 Glass Creek-Loyalsock Creek"
"3306","UNTGlassRM242.Glass","Blacknose Dace",65,2.28,0.357934847,1.812913357,"6/25/2025","020502060302 Glass Creek-Loyalsock Creek"
"3307","UNTGlassRM242.Glass","Creek Chub",62,2.06,0.31386722,1.792391689,"6/25/2025","020502060302 Glass Creek-Loyalsock Creek"
"3308","UNTGlassRM242.Glass","Blacknose Dace",63,2.15,0.33243846,1.799340549,"6/25/2025","020502060302 Glass Creek-Loyalsock Creek"
"3309","UNTGlassRM242.Glass","Blacknose Dace",55,1.57,0.195899652,1.740362689,"6/25/2025","020502060302 Glass Creek-Loyalsock Creek"
"3310","UNTGlassRM242.Glass","Creek Chub",65,2.5,0.397940009,1.812913357,"6/25/2025","020502060302 Glass Creek-Loyalsock Creek"
"3311","UNTGlassRM242.Glass","Blacknose Dace",62,2.14,0.330413773,1.792391689,"6/25/2025","020502060302 Glass Creek-Loyalsock Creek"
"3312","UNTGlassRM242.Glass","Creek Chub",167,45.72,1.660106222,2.222716471,"6/25/2025","020502060302 Glass Creek-Loyalsock Creek"
"3313","UNTGlassRM242.Glass","Blacknose Dace",33,0.45,-0.346787486,1.51851394,"6/25/2025","020502060302 Glass Creek-Loyalsock Creek"
"3314","UNTGlassRM242.Glass","Blacknose Dace",60,2.13,0.328379603,1.77815125,"6/25/2025","020502060302 Glass Creek-Loyalsock Creek"
"3315","UNTHopperHouseRM090.HopperHouse","Creek Chub",91,9.54,0.979548375,1.959041392,"7/12/2024","020502050102 Wetmore Run-West Branch Pine Creek"
"3316","UNTWattlesRM147.Wattles","Blacknose Dace",47,0.89,-0.050609993,1.672097858,"7/17/2024","020502050207 Long Run"
"3317","UNTWattlesRM147.Wattles","Creek Chub",81,5.35,0.728353782,1.908485019,"7/17/2024","020502050207 Long Run"
"3318","UNTWattlesRM147.Wattles","Blacknose Dace",72,3.35,0.525044807,1.857332496,"7/17/2024","020502050207 Long Run"
"3319","UNTWattlesRM147.Wattles","Blacknose Dace",66,2.85,0.45484486,1.819543936,"7/17/2024","020502050207 Long Run"
"3320","UNTWattlesRM147.Wattles","Blacknose Dace",29,0.23,-0.638272164,1.462397998,"7/17/2024","020502050207 Long Run"
"3321","UNTWattlesRM147.Wattles","Creek Chub",80,5.11,0.7084209,1.903089987,"7/17/2024","020502050207 Long Run"
"3322","UNTWattlesRM147.Wattles","Blacknose Dace",48,1.06,0.025305865,1.681241237,"7/17/2024","020502050207 Long Run"
"3323","UNTWattlesRM147.Wattles","Blacknose Dace",67,2.72,0.434568904,1.826074803,"7/17/2024","020502050207 Long Run"
"3324","UNTWattlesRM147.Wattles","Blacknose Dace",62,2.23,0.348304863,1.792391689,"7/17/2024","020502050207 Long Run"
"3325","UNTWattlesRM147.Wattles","Creek Chub",100,9.2,0.963787827,2,"7/17/2024","020502050207 Long Run"
"3326","UNTWattlesRM147.Wattles","Blacknose Dace",68,2.85,0.45484486,1.832508913,"7/17/2024","020502050207 Long Run"
"3327","UNTWattlesRM147.Wattles","Blacknose Dace",66,2.51,0.399673721,1.819543936,"7/17/2024","020502050207 Long Run"
"3328","UNTWattlesRM147.Wattles","Blacknose Dace",64,2.25,0.352182518,1.806179974,"7/17/2024","020502050207 Long Run"
"3329","UNTWattlesRM147.Wattles","Creek Chub",84,5.74,0.758911892,1.924279286,"7/17/2024","020502050207 Long Run"
"3330","UNTWattlesRM147.Wattles","Blacknose Dace",57,1.62,0.209515015,1.755874856,"7/17/2024","020502050207 Long Run"
"3331","Walters.Kettle","Longnose Dace",104,9.82,0.992111488,2.017033339,"7/8/2024","020502030106 Lower Kettle Creek"
"3332","Walters.Kettle","Blacknose Dace",63,1.94,0.28780173,1.799340549,"7/8/2024","020502030106 Lower Kettle Creek"
"3333","Walters.Kettle","Longnose Dace",75,3.38,0.5289167,1.875061263,"7/8/2024","020502030106 Lower Kettle Creek"
"3334","Walters.Kettle","Blacknose Dace",50,1,0,1.698970004,"7/8/2024","020502030106 Lower Kettle Creek"
"3335","Walters.Kettle","Blacknose Dace",57,1.55,0.190331698,1.755874856,"7/8/2024","020502030106 Lower Kettle Creek"
"3336","Walters.Kettle","Blacknose Dace",65,2.32,0.365487985,1.812913357,"7/8/2024","020502030106 Lower Kettle Creek"
"3337","Walters.Kettle","Blacknose Dace",60,1.85,0.267171728,1.77815125,"7/8/2024","020502030106 Lower Kettle Creek"
"3338","Walters.Kettle","Longnose Dace",101,9.27,0.967079734,2.004321374,"7/8/2024","020502030106 Lower Kettle Creek"
"3339","Walters.Kettle","Blacknose Dace",54,2.22,0.346352974,1.73239376,"7/8/2024","020502030106 Lower Kettle Creek"
"3340","Walters.Kettle","Longnose Dace",86,4.98,0.697229343,1.934498451,"7/8/2024","020502030106 Lower Kettle Creek"
"3341","Walters.Kettle","Blacknose Dace",72,3.06,0.485721426,1.857332496,"7/8/2024","020502030106 Lower Kettle Creek"
"3342","Walters.Kettle","Longnose Dace",42,0.68,-0.167491087,1.62324929,"7/8/2024","020502030106 Lower Kettle Creek"
"3343","Walters.Kettle","Longnose Dace",78,4.33,0.636487896,1.892094603,"7/8/2024","020502030106 Lower Kettle Creek"
"3344","Walters.Kettle","Longnose Dace",76,3.58,0.553883027,1.880813592,"7/8/2024","020502030106 Lower Kettle Creek"
"3345","Walters.Kettle","Blacknose Dace",47,0.84,-0.075720714,1.672097858,"7/8/2024","020502030106 Lower Kettle Creek"
"3346","Walters.Kettle","Longnose Dace",82,4.23,0.626340367,1.913813852,"7/8/2024","020502030106 Lower Kettle Creek"
"3347","Walters.Kettle","Blacknose Dace",66,2.45,0.389166084,1.819543936,"7/8/2024","020502030106 Lower Kettle Creek"
"3348","Walters.Kettle","Longnose Dace",93,6.6,0.819543936,1.968482949,"7/8/2024","020502030106 Lower Kettle Creek"
"3349","Walters.Kettle","Blacknose Dace",69,2.79,0.445604203,1.838849091,"7/8/2024","020502030106 Lower Kettle Creek"
"3350","Walters.Kettle","Longnose Dace",70,2.79,0.445604203,1.84509804,"7/8/2024","020502030106 Lower Kettle Creek"
"3351","Walters.Kettle","Longnose Dace",68,2.36,0.372912003,1.832508913,"7/8/2024","020502030106 Lower Kettle Creek"
"3352","Walters.Kettle","Longnose Dace",68,2.4,0.380211242,1.832508913,"7/8/2024","020502030106 Lower Kettle Creek"
"3353","Walters.Kettle","Longnose Dace",66,2.16,0.334453751,1.819543936,"7/8/2024","020502030106 Lower Kettle Creek"
"3354","Walters.Kettle","Longnose Dace",78,3.64,0.561101384,1.892094603,"7/8/2024","020502030106 Lower Kettle Creek"
"3355","Walters.Kettle","Longnose Dace",66,2.51,0.399673721,1.819543936,"7/8/2024","020502030106 Lower Kettle Creek"
"3356","Walters.Kettle","Blacknose Dace",72,2.93,0.46686762,1.857332496,"7/8/2024","020502030106 Lower Kettle Creek"
"3357","Walters.Kettle","Blacknose Dace",59,1.94,0.28780173,1.770852012,"7/8/2024","020502030106 Lower Kettle Creek"
"3358","Walters.Kettle","Blacknose Dace",67,2.46,0.390935107,1.826074803,"7/8/2024","020502030106 Lower Kettle Creek"
"3359","Walters.Kettle","Longnose Dace",133,18.53,1.267875419,2.123851641,"7/8/2024","020502030106 Lower Kettle Creek"
"3360","Walters.Kettle","Blacknose Dace",63,2.73,0.436162647,1.799340549,"7/8/2024","020502030106 Lower Kettle Creek"
"3361","Walters.Kettle","Blacknose Dace",28,0.2,-0.698970004,1.447158031,"7/8/2024","020502030106 Lower Kettle Creek"
"3362","Walters.Kettle","Blacknose Dace",53,1.27,0.103803721,1.72427587,"7/8/2024","020502030106 Lower Kettle Creek"
"3363","Walters.Kettle","Longnose Dace",63,2.12,0.326335861,1.799340549,"7/8/2024","020502030106 Lower Kettle Creek"
"3364","Walters.Kettle","Longnose Dace",73,3.31,0.519827994,1.86332286,"7/8/2024","020502030106 Lower Kettle Creek"
"3365","Walters.Kettle","Longnose Dace",69,2.82,0.450249108,1.838849091,"7/8/2024","020502030106 Lower Kettle Creek"
"3366","Walters.Kettle","Blacknose Dace",29,0.23,-0.638272164,1.462397998,"7/8/2024","020502030106 Lower Kettle Creek"
"3367","Walters.Kettle","Blacknose Dace",74,3.1,0.491361694,1.86923172,"7/8/2024","020502030106 Lower Kettle Creek"
"3368","Walters.Kettle","Blacknose Dace",53,1.34,0.127104798,1.72427587,"7/8/2024","020502030106 Lower Kettle Creek"
"3369","Walters.Kettle","Blacknose Dace",61,1.97,0.294466226,1.785329835,"7/8/2024","020502030106 Lower Kettle Creek"
"3370","Walters.Kettle","Blacknose Dace",69,3.13,0.495544338,1.838849091,"7/8/2024","020502030106 Lower Kettle Creek"
"3371","Walters.Kettle","Blacknose Dace",65,2.5,0.397940009,1.812913357,"7/8/2024","020502030106 Lower Kettle Creek"
"3372","Walters.Kettle","Longnose Dace",71,2.94,0.46834733,1.851258349,"7/8/2024","020502030106 Lower Kettle Creek"
"3373","Walters.Kettle","Blacknose Dace",56,1.33,0.123851641,1.748188027,"7/8/2024","020502030106 Lower Kettle Creek"
"3374","Walters.Kettle","Longnose Dace",82,4.27,0.630427875,1.913813852,"7/8/2024","020502030106 Lower Kettle Creek"
"3375","Walters.Kettle","Blacknose Dace",53,1.27,0.103803721,1.72427587,"7/8/2024","020502030106 Lower Kettle Creek"
"3376","Walters.Kettle","Longnose Dace",67,2.65,0.423245874,1.826074803,"7/8/2024","020502030106 Lower Kettle Creek"
"3377","Walters.Kettle","Longnose Dace",76,3.51,0.545307116,1.880813592,"7/8/2024","020502030106 Lower Kettle Creek"
"3378","Walters.Kettle","Blacknose Dace",61,2.17,0.336459734,1.785329835,"7/8/2024","020502030106 Lower Kettle Creek"
"3379","Walters.Kettle","Longnose Dace",70,3.19,0.503790683,1.84509804,"7/8/2024","020502030106 Lower Kettle Creek"
"3380","Walters.Kettle","Longnose Dace",86,4.99,0.698100546,1.934498451,"7/8/2024","020502030106 Lower Kettle Creek"
"3381","Walters.Kettle","Longnose Dace",35,0.38,-0.420216403,1.544068044,"7/8/2024","020502030106 Lower Kettle Creek"
"3382","Walters.Kettle","Longnose Dace",86,5.16,0.712649702,1.934498451,"7/8/2024","020502030106 Lower Kettle Creek"
"3383","Walters.Kettle","Longnose Dace",74,3.53,0.547774705,1.86923172,"7/8/2024","020502030106 Lower Kettle Creek"
"3384","Walters.Kettle","Blacknose Dace",59,1.66,0.220108088,1.770852012,"7/8/2024","020502030106 Lower Kettle Creek"
"3385","Walters.Kettle","Longnose Dace",78,4.02,0.604226053,1.892094603,"7/8/2024","020502030106 Lower Kettle Creek"
"3386","Walters.Kettle","Blacknose Dace",43,1.27,0.103803721,1.633468456,"7/8/2024","020502030106 Lower Kettle Creek"
"3387","Walters.Kettle","Blacknose Dace",68,2.93,0.46686762,1.832508913,"7/8/2024","020502030106 Lower Kettle Creek"
"3388","Walters.Kettle","Blacknose Dace",62,2.23,0.348304863,1.792391689,"7/8/2024","020502030106 Lower Kettle Creek"
"3389","Walters.Kettle","Longnose Dace",71,3.17,0.501059262,1.851258349,"7/8/2024","020502030106 Lower Kettle Creek"
"3390","Walters.Kettle","Blacknose Dace",45,0.73,-0.13667714,1.653212514,"7/8/2024","020502030106 Lower Kettle Creek"
"3391","WF0-AM","Blacknose Dace",73,3.23,0.509202522,1.86332286,"6/3/2025","020502061207 Turtle Creek-West Branch Susquehanna River"
"3392","WF0-AM","Creek Chub",55,2.07,0.315970345,1.740362689,"6/3/2025","020502061207 Turtle Creek-West Branch Susquehanna River"
"3393","WF0-AM","Blacknose Dace",46,1.09,0.037426498,1.662757832,"6/3/2025","020502061207 Turtle Creek-West Branch Susquehanna River"
"3394","WF0-AM","Blacknose Dace",61,2.02,0.305351369,1.785329835,"6/3/2025","020502061207 Turtle Creek-West Branch Susquehanna River"
"3395","WF0-AM","Blacknose Dace",56,1.74,0.240549248,1.748188027,"6/3/2025","020502061207 Turtle Creek-West Branch Susquehanna River"
"3396","WF0-AM","Creek Chub",53,1.84,0.264817823,1.72427587,"6/3/2025","020502061207 Turtle Creek-West Branch Susquehanna River"
"3397","WF0-AM","Creek Chub",61,2.58,0.411619706,1.785329835,"6/3/2025","020502061207 Turtle Creek-West Branch Susquehanna River"
"3398","WF0-AM","Creek Chub",57,2.46,0.390935107,1.755874856,"6/3/2025","020502061207 Turtle Creek-West Branch Susquehanna River"
"3399","WF0-AM","Creek Chub",57,2.17,0.336459734,1.755874856,"6/3/2025","020502061207 Turtle Creek-West Branch Susquehanna River"
"3400","WF0-AM","Blacknose Dace",47,1.14,0.056904851,1.672097858,"6/3/2025","020502061207 Turtle Creek-West Branch Susquehanna River"
"3401","WF0-AM","Blacknose Dace",67,2.84,0.45331834,1.826074803,"6/3/2025","020502061207 Turtle Creek-West Branch Susquehanna River"
"3402","WF0-AM","Blacknose Dace",56,1.63,0.212187604,1.748188027,"6/3/2025","020502061207 Turtle Creek-West Branch Susquehanna River"
"3403","WF0-AM","Blacknose Dace",52,1.49,0.173186268,1.716003344,"6/3/2025","020502061207 Turtle Creek-West Branch Susquehanna River"
"3404","WF0-AM","Blacknose Dace",44,0.82,-0.086186148,1.643452676,"6/3/2025","020502061207 Turtle Creek-West Branch Susquehanna River"
"3405","WF0-AM","Blacknose Dace",71,4.07,0.609594409,1.851258349,"6/3/2025","020502061207 Turtle Creek-West Branch Susquehanna River"
"3406","WF0-AM","Blacknose Dace",52,1.26,0.100370545,1.716003344,"6/3/2025","020502061207 Turtle Creek-West Branch Susquehanna River"
"3407","WF0-AM","Creek Chub",88,7.43,0.870988814,1.944482672,"6/3/2025","020502061207 Turtle Creek-West Branch Susquehanna River"
"3408","WF0-AM","Creek Chub",47,1.1,0.041392685,1.672097858,"6/3/2025","020502061207 Turtle Creek-West Branch Susquehanna River"
"3409","WF0-AM","Creek Chub",101,11.95,1.077367905,2.004321374,"6/3/2025","020502061207 Turtle Creek-West Branch Susquehanna River"
"3410","WF0-AM","Creek Chub",62,2.91,0.463892989,1.792391689,"6/3/2025","020502061207 Turtle Creek-West Branch Susquehanna River"
"3411","WF0-AM","Blacknose Dace",61,2.84,0.45331834,1.785329835,"6/3/2025","020502061207 Turtle Creek-West Branch Susquehanna River"
"3412","WF0-AM","Creek Chub",57,2.45,0.389166084,1.755874856,"6/3/2025","020502061207 Turtle Creek-West Branch Susquehanna River"
"3413","WF0-AM","Creek Chub",52,1.68,0.225309282,1.716003344,"6/3/2025","020502061207 Turtle Creek-West Branch Susquehanna River"
"3414","WF0-AM","Blacknose Dace",50,1.22,0.086359831,1.698970004,"6/3/2025","020502061207 Turtle Creek-West Branch Susquehanna River"
"3415","WF0-AM","Creek Chub",90,8.98,0.953276337,1.954242509,"6/3/2025","020502061207 Turtle Creek-West Branch Susquehanna River"
"3416","WF0-AM","Blacknose Dace",67,3.24,0.51054501,1.826074803,"6/3/2025","020502061207 Turtle Creek-West Branch Susquehanna River"
"3417","WF0-AM","Creek Chub",54,2.78,0.444044796,1.73239376,"6/3/2025","020502061207 Turtle Creek-West Branch Susquehanna River"
"3418","WF0-AM","Blacknose Dace",63,2.42,0.383815366,1.799340549,"6/3/2025","020502061207 Turtle Creek-West Branch Susquehanna River"
"3419","WF0-AM","Blacknose Dace",47,1.2,0.079181246,1.672097858,"6/3/2025","020502061207 Turtle Creek-West Branch Susquehanna River"
"3420","WF0-AM","Creek Chub",62,2.24,0.350248018,1.792391689,"6/3/2025","020502061207 Turtle Creek-West Branch Susquehanna River"
"3421","WF0-AM","Creek Chub",72,4.23,0.626340367,1.857332496,"6/3/2025","020502061207 Turtle Creek-West Branch Susquehanna River"
"3422","WF0-AM","Blacknose Dace",56,1.65,0.217483944,1.748188027,"6/3/2025","020502061207 Turtle Creek-West Branch Susquehanna River"
"3423","WF0-AM","Creek Chub",52,1.43,0.155336037,1.716003344,"6/3/2025","020502061207 Turtle Creek-West Branch Susquehanna River"
"3424","WF0-AM","Creek Chub",57,2.14,0.330413773,1.755874856,"6/3/2025","020502061207 Turtle Creek-West Branch Susquehanna River"
"3425","WF0-AM","Blacknose Dace",50,1.21,0.08278537,1.698970004,"6/3/2025","020502061207 Turtle Creek-West Branch Susquehanna River"
"3426","WF0-AM","Creek Chub",55,2.03,0.307496038,1.740362689,"6/3/2025","020502061207 Turtle Creek-West Branch Susquehanna River"
"3427","WF0-AM","Blacknose Dace",57,1.04,0.017033339,1.755874856,"6/3/2025","020502061207 Turtle Creek-West Branch Susquehanna River"
"3428","WF0-AM","Creek Chub",61,2.66,0.424881637,1.785329835,"6/3/2025","020502061207 Turtle Creek-West Branch Susquehanna River"
"3429","WF0-AM","Creek Chub",63,2.94,0.46834733,1.799340549,"6/3/2025","020502061207 Turtle Creek-West Branch Susquehanna River"
"3430","WF0-AM","Creek Chub",70,4.07,0.609594409,1.84509804,"6/3/2025","020502061207 Turtle Creek-West Branch Susquehanna River"
"3431","WF0-AM","Blacknose Dace",45,0.87,-0.060480747,1.653212514,"6/3/2025","020502061207 Turtle Creek-West Branch Susquehanna River"
"3432","WF0-AM","Tessellated Darter",60,2.22,0.346352974,1.77815125,"6/3/2025","020502061207 Turtle Creek-West Branch Susquehanna River"
"3433","WF0-AM","Blacknose Dace",51,1.45,0.161368002,1.707570176,"6/3/2025","020502061207 Turtle Creek-West Branch Susquehanna River"
"3434","WF0-AM","Creek Chub",75,5.37,0.729974286,1.875061263,"6/3/2025","020502061207 Turtle Creek-West Branch Susquehanna River"
"3435","WF0-AM","Blacknose Dace",42,0.82,-0.086186148,1.62324929,"6/3/2025","020502061207 Turtle Creek-West Branch Susquehanna River"
"3436","WF0-AM","Creek Chub",68,4.01,0.603144373,1.832508913,"6/3/2025","020502061207 Turtle Creek-West Branch Susquehanna River"
"3437","WF0-AM","Creek Chub",58,2.36,0.372912003,1.763427994,"6/3/2025","020502061207 Turtle Creek-West Branch Susquehanna River"
"3438","WF0-AM","Blacknose Dace",58,2.01,0.303196057,1.763427994,"6/3/2025","020502061207 Turtle Creek-West Branch Susquehanna River"
"3439","WF0-AM","Blacknose Dace",49,1.19,0.075546961,1.69019608,"6/3/2025","020502061207 Turtle Creek-West Branch Susquehanna River"
"3440","WF0-AM","Blacknose Dace",57,1.74,0.240549248,1.755874856,"6/3/2025","020502061207 Turtle Creek-West Branch Susquehanna River"
"3441","WF0-AM","Blacknose Dace",40,0.6,-0.22184875,1.602059991,"6/3/2025","020502061207 Turtle Creek-West Branch Susquehanna River"
"3442","WF0-AM","Blacknose Dace",24,0.14,-0.853871964,1.380211242,"6/3/2025","020502061207 Turtle Creek-West Branch Susquehanna River"
"3443","WF0-AM","Blacknose Dace",51,1.45,0.161368002,1.707570176,"6/3/2025","020502061207 Turtle Creek-West Branch Susquehanna River"
"3444","WF0-AM","Creek Chub",54,2.04,0.309630167,1.73239376,"6/3/2025","020502061207 Turtle Creek-West Branch Susquehanna River"
"3445","WF0-AM","Creek Chub",56,2.02,0.305351369,1.748188027,"6/3/2025","020502061207 Turtle Creek-West Branch Susquehanna River"
"3446","WF0-AM","Blacknose Dace",51,1.3,0.113943352,1.707570176,"6/3/2025","020502061207 Turtle Creek-West Branch Susquehanna River"
"3447","WF0-AM","Creek Chub",51,1.56,0.193124598,1.707570176,"6/3/2025","020502061207 Turtle Creek-West Branch Susquehanna River"
"3448","WF0-AM","Creek Chub",68,4.46,0.649334859,1.832508913,"6/3/2025","020502061207 Turtle Creek-West Branch Susquehanna River"
"3449","WF0-AM","Creek Chub",73,4.8,0.681241237,1.86332286,"6/3/2025","020502061207 Turtle Creek-West Branch Susquehanna River"
"3450","WF0-AM","Blacknose Dace",49,1.2,0.079181246,1.69019608,"6/3/2025","020502061207 Turtle Creek-West Branch Susquehanna River"
"3451","WF0-FL","Creek Chub",55,2.1,0.322219295,1.740362689,"6/14/2022","020502061207 Turtle Creek-West Branch Susquehanna River"
"3452","WF0-FL","Blacknose Dace",61,2.8,0.447158031,1.785329835,"6/14/2022","020502061207 Turtle Creek-West Branch Susquehanna River"
"3453","WF0-FL","Creek Chub",47,1.2,0.079181246,1.672097858,"6/14/2022","020502061207 Turtle Creek-West Branch Susquehanna River"
"3454","WF0-FL","Creek Chub",61,2.7,0.431363764,1.785329835,"6/14/2022","020502061207 Turtle Creek-West Branch Susquehanna River"
"3455","WF0-FL","Creek Chub",54,2.1,0.322219295,1.73239376,"6/14/2022","020502061207 Turtle Creek-West Branch Susquehanna River"
"3456","WF0-FL","Creek Chub",68,3.8,0.579783597,1.832508913,"6/14/2022","020502061207 Turtle Creek-West Branch Susquehanna River"
"3457","WF0-FL","Creek Chub",76,4.4,0.643452676,1.880813592,"6/14/2022","020502061207 Turtle Creek-West Branch Susquehanna River"
"3458","WF0-FL","Creek Chub",62,3.3,0.51851394,1.792391689,"6/14/2022","020502061207 Turtle Creek-West Branch Susquehanna River"
"3459","WF0-FL","Creek Chub",46,0.8,-0.096910013,1.662757832,"6/14/2022","020502061207 Turtle Creek-West Branch Susquehanna River"
"3460","WF0-FL","Creek Chub",85,9,0.954242509,1.929418926,"6/14/2022","020502061207 Turtle Creek-West Branch Susquehanna River"
"3461","WF0-FL","Creek Chub",58,1.5,0.176091259,1.763427994,"6/14/2022","020502061207 Turtle Creek-West Branch Susquehanna River"
"3462","WF0-FL","Creek Chub",60,2.5,0.397940009,1.77815125,"6/14/2022","020502061207 Turtle Creek-West Branch Susquehanna River"
"3463","WF0-FL","Creek Chub",66,3.4,0.531478917,1.819543936,"6/14/2022","020502061207 Turtle Creek-West Branch Susquehanna River"
"3464","WF0-FL","Blacknose Dace",75,4.4,0.643452676,1.875061263,"6/14/2022","020502061207 Turtle Creek-West Branch Susquehanna River"
"3465","WF0-FL","Blacknose Dace",53,1.4,0.146128036,1.72427587,"6/14/2022","020502061207 Turtle Creek-West Branch Susquehanna River"
"3466","WF0-FL","Blacknose Dace",65,2.7,0.431363764,1.812913357,"6/14/2022","020502061207 Turtle Creek-West Branch Susquehanna River"
"3467","WF0-FL","Creek Chub",68,3.4,0.531478917,1.832508913,"6/14/2022","020502061207 Turtle Creek-West Branch Susquehanna River"
"3468","WF0-FL","Creek Chub",88,7.6,0.880813592,1.944482672,"6/14/2022","020502061207 Turtle Creek-West Branch Susquehanna River"
"3469","WF0-FL","Blacknose Dace",65,2.7,0.431363764,1.812913357,"6/14/2022","020502061207 Turtle Creek-West Branch Susquehanna River"
"3470","WF0-FL","Blacknose Dace",58,1.9,0.278753601,1.763427994,"6/14/2022","020502061207 Turtle Creek-West Branch Susquehanna River"
"3471","WF0-FL","Blacknose Dace",59,2,0.301029996,1.770852012,"6/14/2022","020502061207 Turtle Creek-West Branch Susquehanna River"
"3472","WF0-FL","Creek Chub",67,3.4,0.531478917,1.826074803,"6/14/2022","020502061207 Turtle Creek-West Branch Susquehanna River"
"3473","WF0-FL","Creek Chub",54,1.7,0.230448921,1.73239376,"6/14/2022","020502061207 Turtle Creek-West Branch Susquehanna River"
"3474","WF0-FL","Creek Chub",51,2.9,0.462397998,1.707570176,"6/14/2022","020502061207 Turtle Creek-West Branch Susquehanna River"
"3475","WF0-FL","Creek Chub",56,2.2,0.342422681,1.748188027,"6/14/2022","020502061207 Turtle Creek-West Branch Susquehanna River"
"3476","WF0-FL","Creek Chub",79,6.2,0.792391689,1.897627091,"6/14/2022","020502061207 Turtle Creek-West Branch Susquehanna River"
"3477","WF0-FL","Blacknose Dace",62,2.6,0.414973348,1.792391689,"6/14/2022","020502061207 Turtle Creek-West Branch Susquehanna River"
"3478","WF0-FL","Creek Chub",49,1.3,0.113943352,1.69019608,"6/14/2022","020502061207 Turtle Creek-West Branch Susquehanna River"
"3479","WF0-FL","Creek Chub",65,3.2,0.505149978,1.812913357,"6/14/2022","020502061207 Turtle Creek-West Branch Susquehanna River"
"3480","WF0-FL","Blacknose Dace",37,0.6,-0.22184875,1.568201724,"6/14/2022","020502061207 Turtle Creek-West Branch Susquehanna River"
"3481","WF0-FL","Blacknose Dace",74,3.9,0.591064607,1.86923172,"6/14/2022","020502061207 Turtle Creek-West Branch Susquehanna River"
"3482","WF0-FL","Creek Chub",50,1.9,0.278753601,1.698970004,"6/14/2022","020502061207 Turtle Creek-West Branch Susquehanna River"
"3483","WF0-FL","Creek Chub",81,7.1,0.851258349,1.908485019,"6/14/2022","020502061207 Turtle Creek-West Branch Susquehanna River"
"3484","WF0-FL","Creek Chub",101,15.4,1.187520721,2.004321374,"6/14/2022","020502061207 Turtle Creek-West Branch Susquehanna River"
"3485","WF0-FL","Creek Chub",53,2,0.301029996,1.72427587,"6/14/2022","020502061207 Turtle Creek-West Branch Susquehanna River"
"3486","WF0-FL","Blacknose Dace",74,3.8,0.579783597,1.86923172,"6/14/2022","020502061207 Turtle Creek-West Branch Susquehanna River"
"3487","WF0-FL","Blacknose Dace",62,2.5,0.397940009,1.792391689,"6/14/2022","020502061207 Turtle Creek-West Branch Susquehanna River"
"3488","WF0-FL","Creek Chub",56,2.1,0.322219295,1.748188027,"6/14/2022","020502061207 Turtle Creek-West Branch Susquehanna River"
"3489","WF0-FL","Blacknose Dace",77,4.4,0.643452676,1.886490725,"6/14/2022","020502061207 Turtle Creek-West Branch Susquehanna River"
"3490","WF0-FL","Creek Chub",58,2.8,0.447158031,1.763427994,"6/14/2022","020502061207 Turtle Creek-West Branch Susquehanna River"
"3491","WF0-FL","Creek Chub",57,2.3,0.361727836,1.755874856,"6/14/2022","020502061207 Turtle Creek-West Branch Susquehanna River"
"3492","WF0-FL","Creek Chub",80,6.1,0.785329835,1.903089987,"6/14/2022","020502061207 Turtle Creek-West Branch Susquehanna River"
"3493","WF0-FL","Blacknose Dace",67,2.8,0.447158031,1.826074803,"6/14/2022","020502061207 Turtle Creek-West Branch Susquehanna River"
"3494","WF0-FL","Creek Chub",83,6.9,0.838849091,1.919078092,"6/14/2022","020502061207 Turtle Creek-West Branch Susquehanna River"
"3495","WF0-FL","Blacknose Dace",69,3,0.477121255,1.838849091,"6/14/2022","020502061207 Turtle Creek-West Branch Susquehanna River"
"3496","WF0-FL","Blacknose Dace",48,1.03,0.012837225,1.681241237,"6/3/2025","020502061207 Turtle Creek-West Branch Susquehanna River"
"3497","WF0-FL","Creek Chub",45,1.13,0.053078443,1.653212514,"6/3/2025","020502061207 Turtle Creek-West Branch Susquehanna River"
"3498","WF0-FL","Blacknose Dace",74,4.36,0.639486489,1.86923172,"6/3/2025","020502061207 Turtle Creek-West Branch Susquehanna River"
"3499","WF0-FL","Creek Chub",45,1.08,0.033423755,1.653212514,"6/3/2025","020502061207 Turtle Creek-West Branch Susquehanna River"
"3500","WF0-FL","Blacknose Dace",51,1.8,0.255272505,1.707570176,"6/4/2024","020502061207 Turtle Creek-West Branch Susquehanna River"
"3501","WF0-FL","Blacknose Dace",36,0.35,-0.455931956,1.556302501,"6/4/2024","020502061207 Turtle Creek-West Branch Susquehanna River"
"3502","WF0-FL","Creek Chub",77,5.16,0.712649702,1.886490725,"6/4/2024","020502061207 Turtle Creek-West Branch Susquehanna River"
"3503","WF0-FL","Creek Chub",86,7.78,0.890979597,1.934498451,"6/4/2024","020502061207 Turtle Creek-West Branch Susquehanna River"
"3504","WF0-FL","Creek Chub",62,2.62,0.418301291,1.792391689,"6/4/2024","020502061207 Turtle Creek-West Branch Susquehanna River"
"3505","WF0-FL","Creek Chub",126,26.29,1.419790586,2.100370545,"6/4/2024","020502061207 Turtle Creek-West Branch Susquehanna River"
"3506","WF0-FL","Creek Chub",142,45.13,1.654465334,2.152288344,"6/4/2024","020502061207 Turtle Creek-West Branch Susquehanna River"
"3507","WF0-FL","Blacknose Dace",25,0.14,-0.853871964,1.397940009,"6/4/2024","020502061207 Turtle Creek-West Branch Susquehanna River"
"3508","WF0-FL","Blacknose Dace",58,1.93,0.285557309,1.763427994,"6/4/2024","020502061207 Turtle Creek-West Branch Susquehanna River"
"3509","WF0-FL","Blacknose Dace",67,3.03,0.481442629,1.826074803,"6/3/2025","020502061207 Turtle Creek-West Branch Susquehanna River"
"3510","WF0-FL","Creek Chub",109,17.9,1.252853031,2.037426498,"6/3/2025","020502061207 Turtle Creek-West Branch Susquehanna River"
"3511","WF0-FL","Creek Chub",61,2.82,0.450249108,1.785329835,"6/3/2025","020502061207 Turtle Creek-West Branch Susquehanna River"
"3512","WF0-FL","Blacknose Dace",44,0.86,-0.065501549,1.643452676,"6/3/2025","020502061207 Turtle Creek-West Branch Susquehanna River"
"3513","WF0-FL","Blacknose Dace",44,0.86,-0.065501549,1.643452676,"6/3/2025","020502061207 Turtle Creek-West Branch Susquehanna River"
"3514","WF0-FL","Blacknose Dace",58,1.79,0.252853031,1.763427994,"6/3/2025","020502061207 Turtle Creek-West Branch Susquehanna River"
"3515","WF0-FL","Blacknose Dace",60,2.29,0.359835482,1.77815125,"6/3/2025","020502061207 Turtle Creek-West Branch Susquehanna River"
"3516","WF0-FL","Blacknose Dace",69,3.08,0.488550717,1.838849091,"6/3/2025","020502061207 Turtle Creek-West Branch Susquehanna River"
"3517","WF0-FL","Blacknose Dace",44,1.87,0.271841607,1.643452676,"6/3/2025","020502061207 Turtle Creek-West Branch Susquehanna River"
"3518","WF0-FL","Blacknose Dace",49,1.32,0.120573931,1.69019608,"6/3/2025","020502061207 Turtle Creek-West Branch Susquehanna River"
"3519","WF0-FL","Creek Chub",58,2.33,0.367355921,1.763427994,"6/3/2025","020502061207 Turtle Creek-West Branch Susquehanna River"
"3520","WF0-FL","Creek Chub",55,1.85,0.267171728,1.740362689,"6/3/2025","020502061207 Turtle Creek-West Branch Susquehanna River"
"3521","WF0-FL","Creek Chub",45,1.05,0.021189299,1.653212514,"6/3/2025","020502061207 Turtle Creek-West Branch Susquehanna River"
"3522","WF0-FL","Blacknose Dace",50,1.25,0.096910013,1.698970004,"6/3/2025","020502061207 Turtle Creek-West Branch Susquehanna River"
"3523","WF0-FL","Blacknose Dace",63,2.49,0.396199347,1.799340549,"6/3/2025","020502061207 Turtle Creek-West Branch Susquehanna River"
"3524","WF0-FL","Blacknose Dace",44,0.96,-0.017728767,1.643452676,"6/3/2025","020502061207 Turtle Creek-West Branch Susquehanna River"
"3525","WF0-FL","Blacknose Dace",54,1.55,0.190331698,1.73239376,"6/3/2025","020502061207 Turtle Creek-West Branch Susquehanna River"
"3526","WF0-FL","Creek Chub",49,1.72,0.235528447,1.69019608,"6/3/2025","020502061207 Turtle Creek-West Branch Susquehanna River"
"3527","WF0-FL","Creek Chub",49,1.59,0.201397124,1.69019608,"6/3/2025","020502061207 Turtle Creek-West Branch Susquehanna River"
"3528","WF0-FL","Creek Chub",69,4.43,0.646403726,1.838849091,"6/3/2025","020502061207 Turtle Creek-West Branch Susquehanna River"
"3529","WF0-FL","Blacknose Dace",48,1.1,0.041392685,1.681241237,"6/3/2025","020502061207 Turtle Creek-West Branch Susquehanna River"
"3530","WF0-FL","Creek Chub",66,4.11,0.613841822,1.819543936,"6/3/2025","020502061207 Turtle Creek-West Branch Susquehanna River"
"3531","WF0-FL","Creek Chub",50,1.4,0.146128036,1.698970004,"6/3/2025","020502061207 Turtle Creek-West Branch Susquehanna River"
"3532","WF0-FL","Creek Chub",115,21.21,1.326540669,2.06069784,"6/4/2024","020502061207 Turtle Creek-West Branch Susquehanna River"
"3533","WF0-FL","Creek Chub",173,65.64,1.817168572,2.238046103,"6/4/2024","020502061207 Turtle Creek-West Branch Susquehanna River"
"3534","WF0-FL","Blacknose Dace",55,1.65,0.217483944,1.740362689,"6/4/2024","020502061207 Turtle Creek-West Branch Susquehanna River"
"3535","WF0-FL","Blacknose Dace",32,0.29,-0.537602002,1.505149978,"6/4/2024","020502061207 Turtle Creek-West Branch Susquehanna River"
"3536","WF0-FL","Creek Chub",86,6.8,0.832508913,1.934498451,"6/4/2024","020502061207 Turtle Creek-West Branch Susquehanna River"
"3537","WF0-FL","Blacknose Dace",55,1.47,0.167317335,1.740362689,"6/4/2024","020502061207 Turtle Creek-West Branch Susquehanna River"
"3538","WF0-FL","Blacknose Dace",56,1.68,0.225309282,1.748188027,"6/4/2024","020502061207 Turtle Creek-West Branch Susquehanna River"
"3539","WF0-FL","Blacknose Dace",58,1.93,0.285557309,1.763427994,"6/4/2024","020502061207 Turtle Creek-West Branch Susquehanna River"
"3540","WF0-FL","Blacknose Dace",49,1.27,0.103803721,1.69019608,"6/4/2024","020502061207 Turtle Creek-West Branch Susquehanna River"
"3541","WF0-FL","Creek Chub",88,7.91,0.898176483,1.944482672,"6/4/2024","020502061207 Turtle Creek-West Branch Susquehanna River"
"3542","WF0-FL","Blacknose Dace",29,0.25,-0.602059991,1.462397998,"6/4/2024","020502061207 Turtle Creek-West Branch Susquehanna River"
"3543","WF0-FL","Blacknose Dace",52,1.25,0.096910013,1.716003344,"6/4/2024","020502061207 Turtle Creek-West Branch Susquehanna River"
"3544","WF0-FL","Creek Chub",65,3.45,0.537819095,1.812913357,"6/4/2024","020502061207 Turtle Creek-West Branch Susquehanna River"
"3545","WF0-FL","Blacknose Dace",34,0.3,-0.522878745,1.531478917,"6/4/2024","020502061207 Turtle Creek-West Branch Susquehanna River"
"3546","WF0-FL","Blacknose Dace",61,1.9,0.278753601,1.785329835,"6/4/2024","020502061207 Turtle Creek-West Branch Susquehanna River"
"3547","WF0-FL","Creek Chub",74,4.86,0.686636269,1.86923172,"6/4/2024","020502061207 Turtle Creek-West Branch Susquehanna River"
"3548","WF0-FL","Blacknose Dace",28,0.17,-0.769551079,1.447158031,"6/4/2024","020502061207 Turtle Creek-West Branch Susquehanna River"
"3549","WF0-FL","Creek Chub",85,7.35,0.866287339,1.929418926,"6/4/2024","020502061207 Turtle Creek-West Branch Susquehanna River"
"3550","WF0-FL","Blacknose Dace",55,1.58,0.198657087,1.740362689,"6/4/2024","020502061207 Turtle Creek-West Branch Susquehanna River"
"3551","WF0-FL","Blacknose Dace",62,2.48,0.394451681,1.792391689,"6/4/2024","020502061207 Turtle Creek-West Branch Susquehanna River"
"3552","WF0-FL","Creek Chub",114,17.18,1.235023159,2.056904851,"6/4/2024","020502061207 Turtle Creek-West Branch Susquehanna River"
"3553","WF0-FL","Blacknose Dace",23,0.12,-0.920818754,1.361727836,"6/4/2024","020502061207 Turtle Creek-West Branch Susquehanna River"
"3554","WF0-FL","Blacknose Dace",61,2.29,0.359835482,1.785329835,"6/4/2024","020502061207 Turtle Creek-West Branch Susquehanna River"
"3555","WF0-FL","Creek Chub",92,9.3,0.968482949,1.963787827,"6/4/2024","020502061207 Turtle Creek-West Branch Susquehanna River"
"3556","WF0-FL","Blacknose Dace",73,3.78,0.5774918,1.86332286,"6/4/2024","020502061207 Turtle Creek-West Branch Susquehanna River"
"3557","WF0-FL","Blacknose Dace",50,1.17,0.068185862,1.698970004,"6/4/2024","020502061207 Turtle Creek-West Branch Susquehanna River"
"3558","WF0-FL","Creek Chub",86,7.5,0.875061263,1.934498451,"6/4/2024","020502061207 Turtle Creek-West Branch Susquehanna River"
"3559","WF0-FL","Creek Chub",111,15.21,1.182129214,2.045322979,"6/4/2024","020502061207 Turtle Creek-West Branch Susquehanna River"
"3560","WF0-FL","Creek Chub",62,2.91,0.463892989,1.792391689,"6/4/2024","020502061207 Turtle Creek-West Branch Susquehanna River"
"3561","WF0-FL","Blacknose Dace",58,1.8,0.255272505,1.763427994,"6/4/2024","020502061207 Turtle Creek-West Branch Susquehanna River"
"3562","WF0-FL","Blacknose Dace",33,0.3,-0.522878745,1.51851394,"6/4/2024","020502061207 Turtle Creek-West Branch Susquehanna River"
"3563","WF0-FL","Blacknose Dace",31,0.23,-0.638272164,1.491361694,"6/4/2024","020502061207 Turtle Creek-West Branch Susquehanna River"
"3564","WF0-FL","Creek Chub",91,10.58,1.024485668,1.959041392,"6/4/2024","020502061207 Turtle Creek-West Branch Susquehanna River"
"3565","WF0-FL","Creek Chub",61,2.98,0.474216264,1.785329835,"6/3/2025","020502061207 Turtle Creek-West Branch Susquehanna River"
"3566","WF0-FL","Creek Chub",39,0.57,-0.244125144,1.591064607,"6/3/2025","020502061207 Turtle Creek-West Branch Susquehanna River"
"3567","WF0-FL","Creek Chub",51,1.75,0.243038049,1.707570176,"6/3/2025","020502061207 Turtle Creek-West Branch Susquehanna River"
"3568","WF0-FL","Creek Chub",54,1.88,0.274157849,1.73239376,"6/3/2025","020502061207 Turtle Creek-West Branch Susquehanna River"
"3569","WF0-FL","Blacknose Dace",57,1.59,0.201397124,1.755874856,"6/4/2024","020502061207 Turtle Creek-West Branch Susquehanna River"
"3570","WF0-FL","Blacknose Dace",53,1.5,0.176091259,1.72427587,"6/4/2024","020502061207 Turtle Creek-West Branch Susquehanna River"
"3571","WF0-FL","Creek Chub",57,2.43,0.385606274,1.755874856,"6/3/2025","020502061207 Turtle Creek-West Branch Susquehanna River"
"3572","WF0-FL","Creek Chub",57,2.44,0.387389826,1.755874856,"6/3/2025","020502061207 Turtle Creek-West Branch Susquehanna River"
"3573","WF0-FL","Creek Chub",56,2.22,0.346352974,1.748188027,"6/3/2025","020502061207 Turtle Creek-West Branch Susquehanna River"
"3574","WF0-FL","Blacknose Dace",43,0.8,-0.096910013,1.633468456,"6/3/2025","020502061207 Turtle Creek-West Branch Susquehanna River"
"3575","WF0-FL","Blacknose Dace",46,1.04,0.017033339,1.662757832,"6/3/2025","020502061207 Turtle Creek-West Branch Susquehanna River"
"3576","WF0-FL","Blacknose Dace",53,1.66,0.220108088,1.72427587,"6/3/2025","020502061207 Turtle Creek-West Branch Susquehanna River"
"3577","WF0-FL","Blacknose Dace",46,0.92,-0.036212173,1.662757832,"6/3/2025","020502061207 Turtle Creek-West Branch Susquehanna River"
"3578","WF0-FL","Creek Chub",56,2.11,0.324282455,1.748188027,"6/3/2025","020502061207 Turtle Creek-West Branch Susquehanna River"
"3579","WF0-FL","Blacknose Dace",45,1.17,0.068185862,1.653212514,"6/3/2025","020502061207 Turtle Creek-West Branch Susquehanna River"
"3580","WF0-FL","Creek Chub",61,2.42,0.383815366,1.785329835,"6/3/2025","020502061207 Turtle Creek-West Branch Susquehanna River"
"3581","WF0-FL","Creek Chub",59,1.79,0.252853031,1.770852012,"6/3/2025","020502061207 Turtle Creek-West Branch Susquehanna River"
"3582","WF0-FL","Blacknose Dace",66,2.9,0.462397998,1.819543936,"6/3/2025","020502061207 Turtle Creek-West Branch Susquehanna River"
"3583","WF0-FL","Blacknose Dace",49,1.04,0.017033339,1.69019608,"6/3/2025","020502061207 Turtle Creek-West Branch Susquehanna River"
"3584","WF0-FL","Blacknose Dace",56,1.64,0.214843848,1.748188027,"6/4/2024","020502061207 Turtle Creek-West Branch Susquehanna River"
"3585","WF0-FL","Blacknose Dace",68,3.02,0.480006943,1.832508913,"6/4/2024","020502061207 Turtle Creek-West Branch Susquehanna River"
"3586","WF0-FL","Blacknose Dace",61,1.99,0.298853076,1.785329835,"6/4/2024","020502061207 Turtle Creek-West Branch Susquehanna River"
"3587","WF0-FL","Blacknose Dace",57,2,0.301029996,1.755874856,"6/3/2025","020502061207 Turtle Creek-West Branch Susquehanna River"
"3588","WF0-FL","Blacknose Dace",47,1.18,0.071882007,1.672097858,"6/3/2025","020502061207 Turtle Creek-West Branch Susquehanna River"
"3589","WF0-FL","Creek Chub",53,1.88,0.274157849,1.72427587,"6/3/2025","020502061207 Turtle Creek-West Branch Susquehanna River"
"3590","WF0-FL","Creek Chub",47,1.28,0.10720997,1.672097858,"6/3/2025","020502061207 Turtle Creek-West Branch Susquehanna River"
"3591","WF0-FL","Blacknose Dace",59,2.08,0.318063335,1.770852012,"6/3/2025","020502061207 Turtle Creek-West Branch Susquehanna River"
"3592","WF0-FL","Creek Chub",54,1.83,0.26245109,1.73239376,"6/3/2025","020502061207 Turtle Creek-West Branch Susquehanna River"
"3593","WF0-FL","Blacknose Dace",82,5.42,0.733999287,1.913813852,"6/3/2025","020502061207 Turtle Creek-West Branch Susquehanna River"
"3594","WF0-FL","Creek Chub",59,2.56,0.408239965,1.770852012,"6/3/2025","020502061207 Turtle Creek-West Branch Susquehanna River"
"3595","WF0-FL","Creek Chub",57,2.11,0.324282455,1.755874856,"6/3/2025","020502061207 Turtle Creek-West Branch Susquehanna River"
"3596","WF0-FL","Creek Chub",47,0.9,-0.045757491,1.672097858,"6/3/2025","020502061207 Turtle Creek-West Branch Susquehanna River"
"3597","WF0-FL","Creek Chub",68,3.96,0.597695186,1.832508913,"6/3/2025","020502061207 Turtle Creek-West Branch Susquehanna River"
"3598","WF0-FL","Blacknose Dace",67,2.59,0.413299764,1.826074803,"6/3/2025","020502061207 Turtle Creek-West Branch Susquehanna River"
"3599","WF0-FL","Blacknose Dace",59,2.03,0.307496038,1.770852012,"6/3/2025","020502061207 Turtle Creek-West Branch Susquehanna River"
"3600","WF0-FL","Creek Chub",82,7.27,0.861534411,1.913813852,"6/3/2025","020502061207 Turtle Creek-West Branch Susquehanna River"
"3601","WF0-FL","Blacknose Dace",64,2.72,0.434568904,1.806179974,"6/3/2025","020502061207 Turtle Creek-West Branch Susquehanna River"
"3602","WF0-FL","Blacknose Dace",67,3.5,0.544068044,1.826074803,"6/3/2025","020502061207 Turtle Creek-West Branch Susquehanna River"
"3603","WF0-NW","Blacknose Dace",68,3.2,0.505149978,1.832508913,"6/13/2022","020502061207 Turtle Creek-West Branch Susquehanna River"
"3604","WF0-NW","Creek Chub",49,1.1,0.041392685,1.69019608,"6/13/2022","020502061207 Turtle Creek-West Branch Susquehanna River"
"3605","WF0-NW","Creek Chub",74,4.2,0.62324929,1.86923172,"6/13/2022","020502061207 Turtle Creek-West Branch Susquehanna River"
"3606","WF0-NW","Creek Chub",114,15.4,1.187520721,2.056904851,"6/13/2022","020502061207 Turtle Creek-West Branch Susquehanna River"
"3607","WF0-NW","Creek Chub",110,15.9,1.201397124,2.041392685,"6/13/2022","020502061207 Turtle Creek-West Branch Susquehanna River"
"3608","WF0-NW","Creek Chub",39,0.66,-0.180456064,1.591064607,"6/4/2024","020502061207 Turtle Creek-West Branch Susquehanna River"
"3609","WF0-NW","Creek Chub",60,2.23,0.348304863,1.77815125,"6/4/2024","020502061207 Turtle Creek-West Branch Susquehanna River"
"3610","WF0-NW","Creek Chub",41,0.77,-0.113509275,1.612783857,"6/4/2024","020502061207 Turtle Creek-West Branch Susquehanna River"
"3611","WF0-NW","Creek Chub",57,2.4,0.380211242,1.755874856,"6/13/2022","020502061207 Turtle Creek-West Branch Susquehanna River"
"3612","WF0-NW","Creek Chub",43,0.8,-0.096910013,1.633468456,"6/13/2022","020502061207 Turtle Creek-West Branch Susquehanna River"
"3613","WF0-NW","Creek Chub",54,1.6,0.204119983,1.73239376,"6/13/2022","020502061207 Turtle Creek-West Branch Susquehanna River"
"3614","WF0-NW","Blacknose Dace",55,1.3,0.113943352,1.740362689,"6/13/2022","020502061207 Turtle Creek-West Branch Susquehanna River"
"3615","WF0-NW","Blacknose Dace",58,1.7,0.230448921,1.763427994,"6/13/2022","020502061207 Turtle Creek-West Branch Susquehanna River"
"3616","WF0-NW","Creek Chub",62,2.4,0.380211242,1.792391689,"6/13/2022","020502061207 Turtle Creek-West Branch Susquehanna River"
"3617","WF0-NW","Blacknose Dace",51,1.3,0.113943352,1.707570176,"6/13/2022","020502061207 Turtle Creek-West Branch Susquehanna River"
"3618","WF0-NW","Blacknose Dace",48,0.9,-0.045757491,1.681241237,"6/13/2022","020502061207 Turtle Creek-West Branch Susquehanna River"
"3619","WF0-NW","Blacknose Dace",71,3.5,0.544068044,1.851258349,"6/13/2022","020502061207 Turtle Creek-West Branch Susquehanna River"
"3620","WF0-NW","Creek Chub",59,2.35,0.371067862,1.770852012,"6/4/2024","020502061207 Turtle Creek-West Branch Susquehanna River"
"3621","WF0-NW","Creek Chub",41,0.91,-0.040958608,1.612783857,"6/4/2024","020502061207 Turtle Creek-West Branch Susquehanna River"
"3622","WF0-NW","Blacknose Dace",55,1.29,0.11058971,1.740362689,"6/4/2024","020502061207 Turtle Creek-West Branch Susquehanna River"
"3623","WF0-NW","Blacknose Dace",55,1.6,0.204119983,1.740362689,"6/13/2022","020502061207 Turtle Creek-West Branch Susquehanna River"
"3624","WF0-NW","Creek Chub",63,3.1,0.491361694,1.799340549,"6/13/2022","020502061207 Turtle Creek-West Branch Susquehanna River"
"3625","WF0-NW","Blacknose Dace",41,0.7,-0.15490196,1.612783857,"6/13/2022","020502061207 Turtle Creek-West Branch Susquehanna River"
"3626","WF0-NW","Blacknose Dace",67,3.03,0.481442629,1.826074803,"6/4/2024","020502061207 Turtle Creek-West Branch Susquehanna River"
"3627","WF0-NW","Creek Chub",51,1.4,0.146128036,1.707570176,"6/4/2024","020502061207 Turtle Creek-West Branch Susquehanna River"
"3628","WF0-NW","Creek Chub",47,1.27,0.103803721,1.672097858,"6/4/2024","020502061207 Turtle Creek-West Branch Susquehanna River"
"3629","WF0-NW","Blacknose Dace",58,2.09,0.320146286,1.763427994,"6/4/2024","020502061207 Turtle Creek-West Branch Susquehanna River"
"3630","WF0-NW","Creek Chub",46,1.35,0.130333768,1.662757832,"6/4/2024","020502061207 Turtle Creek-West Branch Susquehanna River"
"3631","WF0-NW","Blacknose Dace",47,0.83,-0.080921908,1.672097858,"6/4/2024","020502061207 Turtle Creek-West Branch Susquehanna River"
"3632","WF0-NW","Blacknose Dace",56,0.74,-0.13076828,1.748188027,"6/4/2024","020502061207 Turtle Creek-West Branch Susquehanna River"
"3633","WF0-NW","Creek Chub",49,0.65,-0.187086643,1.69019608,"6/4/2024","020502061207 Turtle Creek-West Branch Susquehanna River"
"3634","WF0-NW","Blacknose Dace",51,1.23,0.089905111,1.707570176,"6/4/2024","020502061207 Turtle Creek-West Branch Susquehanna River"
"3635","WF0-NW","Blacknose Dace",46,1.12,0.049218023,1.662757832,"6/4/2024","020502061207 Turtle Creek-West Branch Susquehanna River"
"3636","WF0-NW","Creek Chub",41,0.7,-0.15490196,1.612783857,"6/4/2024","020502061207 Turtle Creek-West Branch Susquehanna River"
"3637","WF0-NW","Blacknose Dace",65,2.72,0.434568904,1.812913357,"6/4/2024","020502061207 Turtle Creek-West Branch Susquehanna River"
"3638","WF0-NW","Blacknose Dace",59,0.97,-0.013228266,1.770852012,"6/4/2024","020502061207 Turtle Creek-West Branch Susquehanna River"
"3639","WF0-NW","Creek Chub",54,1.27,0.103803721,1.73239376,"6/4/2024","020502061207 Turtle Creek-West Branch Susquehanna River"
"3640","WF0-NW","Blacknose Dace",50,1.13,0.053078443,1.698970004,"6/4/2024","020502061207 Turtle Creek-West Branch Susquehanna River"
"3641","WF0-NW","Creek Chub",64,3.03,0.481442629,1.806179974,"6/4/2024","020502061207 Turtle Creek-West Branch Susquehanna River"
"3642","WF0-NW","Creek Chub",51,1.45,0.161368002,1.707570176,"6/4/2024","020502061207 Turtle Creek-West Branch Susquehanna River"
"3643","WF0-NW","Creek Chub",40,0.82,-0.086186148,1.602059991,"6/4/2024","020502061207 Turtle Creek-West Branch Susquehanna River"
"3644","WF0-NW","Creek Chub",96,9.4,0.973127854,1.982271233,"6/13/2022","020502061207 Turtle Creek-West Branch Susquehanna River"
"3645","WF0-NW","Blacknose Dace",51,1.1,0.041392685,1.707570176,"6/13/2022","020502061207 Turtle Creek-West Branch Susquehanna River"
"3646","WF0-NW","Blacknose Dace",54,2.3,0.361727836,1.73239376,"6/13/2022","020502061207 Turtle Creek-West Branch Susquehanna River"
"3647","WF0-NW","Creek Chub",68,3.9,0.591064607,1.832508913,"6/13/2022","020502061207 Turtle Creek-West Branch Susquehanna River"
"3648","WF0-NW","Blacknose Dace",59,1.8,0.255272505,1.770852012,"6/13/2022","020502061207 Turtle Creek-West Branch Susquehanna River"
"3649","WF0-NW","Creek Chub",116,15.6,1.193124598,2.064457989,"6/13/2022","020502061207 Turtle Creek-West Branch Susquehanna River"
"3650","WF0-NW","Blacknose Dace",58,1.53,0.184691431,1.763427994,"6/4/2024","020502061207 Turtle Creek-West Branch Susquehanna River"
"3651","WF0-NW","Creek Chub",38,0.17,-0.769551079,1.579783597,"6/4/2024","020502061207 Turtle Creek-West Branch Susquehanna River"
"3652","WF0-NW","Blacknose Dace",67,2.9,0.462397998,1.826074803,"6/4/2024","020502061207 Turtle Creek-West Branch Susquehanna River"
"3653","WF0-NW","Creek Chub",39,0.7,-0.15490196,1.591064607,"6/4/2024","020502061207 Turtle Creek-West Branch Susquehanna River"
"3654","WF0-NW","Blacknose Dace",67,3.13,0.495544338,1.826074803,"6/4/2024","020502061207 Turtle Creek-West Branch Susquehanna River"
"3655","WF0-NW","Creek Chub",135,25.34,1.403806611,2.130333768,"6/4/2024","020502061207 Turtle Creek-West Branch Susquehanna River"
"3656","WF0-NW","Blacknose Dace",69,3.13,0.495544338,1.838849091,"6/4/2024","020502061207 Turtle Creek-West Branch Susquehanna River"
"3657","WF0-NW","Creek Chub",65,3.33,0.522444234,1.812913357,"6/4/2024","020502061207 Turtle Creek-West Branch Susquehanna River"
"3658","WF0-NW","Blacknose Dace",66,2.41,0.382017043,1.819543936,"6/4/2024","020502061207 Turtle Creek-West Branch Susquehanna River"
"3659","WF0-NW","Creek Chub",50,1.27,0.103803721,1.698970004,"6/4/2024","020502061207 Turtle Creek-West Branch Susquehanna River"
"3660","WF0-NW","Creek Chub",41,0.75,-0.124938737,1.612783857,"6/4/2024","020502061207 Turtle Creek-West Branch Susquehanna River"
"3661","WF0-NW","Creek Chub",57,2,0.301029996,1.755874856,"6/13/2022","020502061207 Turtle Creek-West Branch Susquehanna River"
"3662","WF0-NW","Blacknose Dace",53,1.2,0.079181246,1.72427587,"6/13/2022","020502061207 Turtle Creek-West Branch Susquehanna River"
"3663","WF0-NW","Creek Chub",88,6.9,0.838849091,1.944482672,"6/13/2022","020502061207 Turtle Creek-West Branch Susquehanna River"
"3664","WF0-NW","Blacknose Dace",50,1.2,0.079181246,1.698970004,"6/13/2022","020502061207 Turtle Creek-West Branch Susquehanna River"
"3665","WF0-NW","Blacknose Dace",56,1.5,0.176091259,1.748188027,"6/13/2022","020502061207 Turtle Creek-West Branch Susquehanna River"
"3666","WF0-NW","Blacknose Dace",68,3.4,0.531478917,1.832508913,"6/13/2022","020502061207 Turtle Creek-West Branch Susquehanna River"
"3667","WF0-NW","Blacknose Dace",58,1.6,0.204119983,1.763427994,"6/13/2022","020502061207 Turtle Creek-West Branch Susquehanna River"
"3668","WF0-NW","Blacknose Dace",65,2.5,0.397940009,1.812913357,"6/13/2022","020502061207 Turtle Creek-West Branch Susquehanna River"
"3669","WF0-NW","Creek Chub",88,7.8,0.892094603,1.944482672,"6/13/2022","020502061207 Turtle Creek-West Branch Susquehanna River"
"3670","WF0-NW","Creek Chub",69,3.6,0.556302501,1.838849091,"6/13/2022","020502061207 Turtle Creek-West Branch Susquehanna River"
"3671","WF0-NW","Blacknose Dace",70,3.2,0.505149978,1.84509804,"6/13/2022","020502061207 Turtle Creek-West Branch Susquehanna River"
"3672","WF0-NW","Creek Chub",49,1.1,0.041392685,1.69019608,"6/13/2022","020502061207 Turtle Creek-West Branch Susquehanna River"
"3673","WF0-NW","Blacknose Dace",51,1.1,0.041392685,1.707570176,"6/13/2022","020502061207 Turtle Creek-West Branch Susquehanna River"
"3674","WF0-NW","Creek Chub",66,3.1,0.491361694,1.819543936,"6/13/2022","020502061207 Turtle Creek-West Branch Susquehanna River"
"3675","WF0-NW","Blacknose Dace",77,4.4,0.643452676,1.886490725,"6/13/2022","020502061207 Turtle Creek-West Branch Susquehanna River"
"3676","WF0-NW","Creek Chub",47,0.9,-0.045757491,1.672097858,"6/13/2022","020502061207 Turtle Creek-West Branch Susquehanna River"
"3677","WF0-NW","Creek Chub",49,1.1,0.041392685,1.69019608,"6/13/2022","020502061207 Turtle Creek-West Branch Susquehanna River"
"3678","WF0-NW","Blacknose Dace",63,2.5,0.397940009,1.799340549,"6/13/2022","020502061207 Turtle Creek-West Branch Susquehanna River"
"3679","WF0-NW","Creek Chub",140,27.5,1.439332694,2.146128036,"6/13/2022","020502061207 Turtle Creek-West Branch Susquehanna River"
"3680","WF0-NW","Creek Chub",91,10.3,1.012837225,1.959041392,"6/13/2022","020502061207 Turtle Creek-West Branch Susquehanna River"
"3681","WF0-NW","Creek Chub",49,1.2,0.079181246,1.69019608,"6/13/2022","020502061207 Turtle Creek-West Branch Susquehanna River"
"3682","WF0-NW","Creek Chub",60,2.4,0.380211242,1.77815125,"6/13/2022","020502061207 Turtle Creek-West Branch Susquehanna River"
"3683","WF0-NW","Blacknose Dace",62,2.3,0.361727836,1.792391689,"6/13/2022","020502061207 Turtle Creek-West Branch Susquehanna River"
"3684","WF0-NW","Blacknose Dace",30,0.23,-0.638272164,1.477121255,"6/5/2025","020502061207 Turtle Creek-West Branch Susquehanna River"
"3685","WF0-NW","Blacknose Dace",43,0.64,-0.193820026,1.633468456,"6/5/2025","020502061207 Turtle Creek-West Branch Susquehanna River"
"3686","WF0-NW","Blacknose Dace",60,1.81,0.257678575,1.77815125,"6/5/2025","020502061207 Turtle Creek-West Branch Susquehanna River"
"3687","WF0-NW","Blacknose Dace",29,0.21,-0.677780705,1.462397998,"6/5/2025","020502061207 Turtle Creek-West Branch Susquehanna River"
"3688","WF0-NW","Creek Chub",81,5.1,0.707570176,1.908485019,"6/5/2025","020502061207 Turtle Creek-West Branch Susquehanna River"
"3689","WF0-NW","Blacknose Dace",51,1.33,0.123851641,1.707570176,"6/5/2025","020502061207 Turtle Creek-West Branch Susquehanna River"
"3690","WF0-NW","Creek Chub",58,2.3,0.361727836,1.763427994,"6/5/2025","020502061207 Turtle Creek-West Branch Susquehanna River"
"3691","WF0-NW","Creek Chub",61,2.4,0.380211242,1.785329835,"6/5/2025","020502061207 Turtle Creek-West Branch Susquehanna River"
"3692","WF0-NW","Blacknose Dace",35,0.4,-0.397940009,1.544068044,"6/5/2025","020502061207 Turtle Creek-West Branch Susquehanna River"
"3693","WF0-NW","Creek Chub",46,1,0,1.662757832,"6/5/2025","020502061207 Turtle Creek-West Branch Susquehanna River"
"3694","WF0-NW","Creek Chub",57,2,0.301029996,1.755874856,"6/5/2025","020502061207 Turtle Creek-West Branch Susquehanna River"
"3695","WF0-NW","Blacknose Dace",31,0.3,-0.522878745,1.491361694,"6/5/2025","020502061207 Turtle Creek-West Branch Susquehanna River"
"3696","WF0-NW","Blacknose Dace",69,3.08,0.488550717,1.838849091,"6/5/2025","020502061207 Turtle Creek-West Branch Susquehanna River"
"3697","WF0-NW","Creek Chub",91,6.5,0.812913357,1.959041392,"6/5/2025","020502061207 Turtle Creek-West Branch Susquehanna River"
"3698","WF0-NW","Creek Chub",82,5.7,0.755874856,1.913813852,"6/5/2025","020502061207 Turtle Creek-West Branch Susquehanna River"
"3699","WF0-NW","Creek Chub",68,3.4,0.531478917,1.832508913,"6/5/2025","020502061207 Turtle Creek-West Branch Susquehanna River"
"3700","WF0-NW","Blacknose Dace",38,0.58,-0.236572006,1.579783597,"6/5/2025","020502061207 Turtle Creek-West Branch Susquehanna River"
"3701","WF0-NW","Blacknose Dace",39,0.39,-0.408935393,1.591064607,"6/5/2025","020502061207 Turtle Creek-West Branch Susquehanna River"
"3702","WF0-NW","Creek Chub",50,1.3,0.113943352,1.698970004,"6/5/2025","020502061207 Turtle Creek-West Branch Susquehanna River"
"3703","WF0-NW","Blacknose Dace",53,0.5,-0.301029996,1.72427587,"6/5/2025","020502061207 Turtle Creek-West Branch Susquehanna River"
"3704","WF0-NW","Blacknose Dace",38,0.56,-0.251811973,1.579783597,"6/5/2025","020502061207 Turtle Creek-West Branch Susquehanna River"
"3705","WF0-NW","Creek Chub",73,4.68,0.670245853,1.86332286,"6/5/2025","020502061207 Turtle Creek-West Branch Susquehanna River"
"3706","WF0-NW","Blacknose Dace",30,0.23,-0.638272164,1.477121255,"6/5/2025","020502061207 Turtle Creek-West Branch Susquehanna River"
"3707","WF0-NW","Creek Chub",73,4.28,0.631443769,1.86332286,"6/5/2025","020502061207 Turtle Creek-West Branch Susquehanna River"
"3708","WF0-NW","Creek Chub",69,3.6,0.556302501,1.838849091,"6/5/2025","020502061207 Turtle Creek-West Branch Susquehanna River"
"3709","WF0-NW","Blacknose Dace",43,0.68,-0.167491087,1.633468456,"6/5/2025","020502061207 Turtle Creek-West Branch Susquehanna River"
"3710","WF0-NW","Blacknose Dace",34,0.4,-0.397940009,1.531478917,"6/5/2025","020502061207 Turtle Creek-West Branch Susquehanna River"
"3711","WF0-NW","Creek Chub",50,1.5,0.176091259,1.698970004,"6/5/2025","020502061207 Turtle Creek-West Branch Susquehanna River"
"3712","WF0-NW","Blacknose Dace",40,0.59,-0.229147988,1.602059991,"6/5/2025","020502061207 Turtle Creek-West Branch Susquehanna River"
"3713","WF0-NW","Blacknose Dace",51,1.32,0.120573931,1.707570176,"6/5/2025","020502061207 Turtle Creek-West Branch Susquehanna River"
"3714","WF0-NW","Blacknose Dace",54,1.66,0.220108088,1.73239376,"6/5/2025","020502061207 Turtle Creek-West Branch Susquehanna River"
"3715","WF0-NW","Blacknose Dace",71,3.5,0.544068044,1.851258349,"6/5/2025","020502061207 Turtle Creek-West Branch Susquehanna River"
"3716","WF0-NW","Creek Chub",64,2.6,0.414973348,1.806179974,"6/5/2025","020502061207 Turtle Creek-West Branch Susquehanna River"
"3717","WF0-NW","Blacknose Dace",41,0.66,-0.180456064,1.612783857,"6/5/2025","020502061207 Turtle Creek-West Branch Susquehanna River"
"3718","WF0-NW","Blacknose Dace",34,0.36,-0.443697499,1.531478917,"6/5/2025","020502061207 Turtle Creek-West Branch Susquehanna River"
"3719","WF0-NW","Creek Chub",54,1.55,0.190331698,1.73239376,"6/5/2025","020502061207 Turtle Creek-West Branch Susquehanna River"
"3720","WF0-NW","Blacknose Dace",60,1.8,0.255272505,1.77815125,"6/5/2025","020502061207 Turtle Creek-West Branch Susquehanna River"
"3721","WF0-NW","Creek Chub",42,0.7,-0.15490196,1.62324929,"6/5/2025","020502061207 Turtle Creek-West Branch Susquehanna River"
"3722","WF0-NW","Blacknose Dace",34,0.34,-0.468521083,1.531478917,"6/5/2025","020502061207 Turtle Creek-West Branch Susquehanna River"
"3723","WF0-NW","Blacknose Dace",67,2.72,0.434568904,1.826074803,"6/5/2025","020502061207 Turtle Creek-West Branch Susquehanna River"
"3724","WF0-NW","Creek Chub",45,0.9,-0.045757491,1.653212514,"6/5/2025","020502061207 Turtle Creek-West Branch Susquehanna River"
"3725","WF0-NW","Creek Chub",98,8.94,0.951337519,1.991226076,"6/5/2025","020502061207 Turtle Creek-West Branch Susquehanna River"
"3726","WF0-NW","Creek Chub",101,15.9,1.201397124,2.004321374,"6/5/2025","020502061207 Turtle Creek-West Branch Susquehanna River"
"3727","WF0-NW","Creek Chub",117,14.34,1.156549151,2.068185862,"6/5/2025","020502061207 Turtle Creek-West Branch Susquehanna River"
"3728","WF0-NW","Blacknose Dace",47,1.12,0.049218023,1.672097858,"6/5/2025","020502061207 Turtle Creek-West Branch Susquehanna River"
"3729","WF0-NW","Creek Chub",80,5.2,0.716003344,1.903089987,"6/5/2025","020502061207 Turtle Creek-West Branch Susquehanna River"
"3730","WF0-NW","Creek Chub",47,1.3,0.113943352,1.672097858,"6/5/2025","020502061207 Turtle Creek-West Branch Susquehanna River"
"3731","WF0-NW","Creek Chub",58,2.4,0.380211242,1.763427994,"6/5/2025","020502061207 Turtle Creek-West Branch Susquehanna River"
"3732","WF0-NW","Blacknose Dace",37,0.49,-0.30980392,1.568201724,"6/5/2025","020502061207 Turtle Creek-West Branch Susquehanna River"
"3733","WF0-NW","Blacknose Dace",64,2.36,0.372912003,1.806179974,"6/5/2025","020502061207 Turtle Creek-West Branch Susquehanna River"
"3734","WF0-NW","Creek Chub",59,2.3,0.361727836,1.770852012,"6/5/2025","020502061207 Turtle Creek-West Branch Susquehanna River"
"3735","WF0-NW","Creek Chub",102,15.7,1.195899652,2.008600172,"6/5/2025","020502061207 Turtle Creek-West Branch Susquehanna River"
"3736","WF0-NW","Blacknose Dace",59,2.04,0.309630167,1.770852012,"6/5/2025","020502061207 Turtle Creek-West Branch Susquehanna River"
"3737","WF0-NW","Creek Chub",100,14.7,1.167317335,2,"6/5/2025","020502061207 Turtle Creek-West Branch Susquehanna River"
"3738","WF0-NW","Blacknose Dace",31,0.26,-0.585026652,1.491361694,"6/5/2025","020502061207 Turtle Creek-West Branch Susquehanna River"
"3739","WF0-NW","Creek Chub",78,5.4,0.73239376,1.892094603,"6/5/2025","020502061207 Turtle Creek-West Branch Susquehanna River"
"3740","WF0-NW","Blacknose Dace",63,2.4,0.380211242,1.799340549,"6/13/2022","020502061207 Turtle Creek-West Branch Susquehanna River"
"3741","WF0-NW","Blacknose Dace",38,0.6,-0.22184875,1.579783597,"6/13/2022","020502061207 Turtle Creek-West Branch Susquehanna River"
"3742","WF0-NW","Creek Chub",55,1.82,0.260071388,1.740362689,"6/4/2024","020502061207 Turtle Creek-West Branch Susquehanna River"
"3743","WF0-NW","Blacknose Dace",51,1.36,0.133538908,1.707570176,"6/4/2024","020502061207 Turtle Creek-West Branch Susquehanna River"
"3744","WF0-NW","Blacknose Dace",65,3.03,0.481442629,1.812913357,"6/4/2024","020502061207 Turtle Creek-West Branch Susquehanna River"
"3745","WF0-NW","Blacknose Dace",71,3.99,0.600972896,1.851258349,"6/4/2024","020502061207 Turtle Creek-West Branch Susquehanna River"
"3746","WF0-NW","Creek Chub",50,1.38,0.139879086,1.698970004,"6/4/2024","020502061207 Turtle Creek-West Branch Susquehanna River"
"3747","WF0-NW","Blacknose Dace",54,1.38,0.139879086,1.73239376,"6/4/2024","020502061207 Turtle Creek-West Branch Susquehanna River"
"3748","WF0-NW","Blacknose Dace",57,1.79,0.252853031,1.755874856,"6/4/2024","020502061207 Turtle Creek-West Branch Susquehanna River"
"3749","WF0-NW","Creek Chub",73,5.1,0.707570176,1.86332286,"6/4/2024","020502061207 Turtle Creek-West Branch Susquehanna River"
"3750","WF0-NW","Creek Chub",40,0.55,-0.259637311,1.602059991,"6/4/2024","020502061207 Turtle Creek-West Branch Susquehanna River"
"3751","WF0-NW","Blacknose Dace",41,0.62,-0.207608311,1.612783857,"6/4/2024","020502061207 Turtle Creek-West Branch Susquehanna River"
"3752","WF0-NW","Creek Chub",48,1.13,0.053078443,1.681241237,"6/4/2024","020502061207 Turtle Creek-West Branch Susquehanna River"
"3753","WF0-NW","Blacknose Dace",55,1.53,0.184691431,1.740362689,"6/4/2024","020502061207 Turtle Creek-West Branch Susquehanna River"
"3754","WF0-NW","Creek Chub",40,0.71,-0.148741651,1.602059991,"6/4/2024","020502061207 Turtle Creek-West Branch Susquehanna River"
"3755","WF0-NW","Blacknose Dace",76,3.9,0.591064607,1.880813592,"6/4/2024","020502061207 Turtle Creek-West Branch Susquehanna River"
"3756","WF0-NW","Blacknose Dace",46,0.99,-0.004364805,1.662757832,"6/4/2024","020502061207 Turtle Creek-West Branch Susquehanna River"
"3757","WF0-NW","Blacknose Dace",64,1.96,0.292256071,1.806179974,"6/4/2024","020502061207 Turtle Creek-West Branch Susquehanna River"
"3758","WF0-NW","Creek Chub",42,0.79,-0.102372909,1.62324929,"6/4/2024","020502061207 Turtle Creek-West Branch Susquehanna River"
"3759","WF0-NW","Blacknose Dace",53,1.23,0.089905111,1.72427587,"6/4/2024","020502061207 Turtle Creek-West Branch Susquehanna River"
"3760","WF0-NW","Creek Chub",45,0.96,-0.017728767,1.653212514,"6/4/2024","020502061207 Turtle Creek-West Branch Susquehanna River"
"3761","WF0-NW","Blacknose Dace",52,1.49,0.173186268,1.716003344,"6/4/2024","020502061207 Turtle Creek-West Branch Susquehanna River"
"3762","WF0-NW","Blacknose Dace",65,2.54,0.404833717,1.812913357,"6/4/2024","020502061207 Turtle Creek-West Branch Susquehanna River"
"3763","WF0-NW","Blacknose Dace",68,2.95,0.469822016,1.832508913,"6/4/2024","020502061207 Turtle Creek-West Branch Susquehanna River"
"3764","WF0-NW","Blacknose Dace",51,1.36,0.133538908,1.707570176,"6/4/2024","020502061207 Turtle Creek-West Branch Susquehanna River"
"3765","WF0-NW","Creek Chub",31,0.27,-0.568636236,1.491361694,"6/4/2024","020502061207 Turtle Creek-West Branch Susquehanna River"
"3766","WF0-NW","Creek Chub",56,1.8,0.255272505,1.748188027,"6/13/2022","020502061207 Turtle Creek-West Branch Susquehanna River"
"3767","WF0-NW","Blacknose Dace",66,2.4,0.380211242,1.819543936,"6/13/2022","020502061207 Turtle Creek-West Branch Susquehanna River"
"3768","WF0-NW","Creek Chub",112,13.9,1.1430148,2.049218023,"6/13/2022","020502061207 Turtle Creek-West Branch Susquehanna River"
"3769","WF0-NW","Creek Chub",76,5,0.698970004,1.880813592,"6/13/2022","020502061207 Turtle Creek-West Branch Susquehanna River"
"3770","WF0-NW","Creek Chub",51,1.2,0.079181246,1.707570176,"6/13/2022","020502061207 Turtle Creek-West Branch Susquehanna River"
"3771","WF0-NW","Creek Chub",156,42.2,1.625312451,2.193124598,"6/13/2022","020502061207 Turtle Creek-West Branch Susquehanna River"
"3772","WF0-NW","Creek Chub",94,9.1,0.959041392,1.973127854,"6/13/2022","020502061207 Turtle Creek-West Branch Susquehanna River"
"3773","WF0-NW","Blacknose Dace",63,2.3,0.361727836,1.799340549,"6/13/2022","020502061207 Turtle Creek-West Branch Susquehanna River"
"3774","WF0-NW","Blacknose Dace",65,2.7,0.431363764,1.812913357,"6/13/2022","020502061207 Turtle Creek-West Branch Susquehanna River"
"3775","WF0-NW","Blacknose Dace",49,1.1,0.041392685,1.69019608,"6/13/2022","020502061207 Turtle Creek-West Branch Susquehanna River"
"3776","WF0-NW","Blacknose Dace",65,3,0.477121255,1.812913357,"6/13/2022","020502061207 Turtle Creek-West Branch Susquehanna River"
"3777","WF0-NW","Blacknose Dace",56,1.9,0.278753601,1.748188027,"6/13/2022","020502061207 Turtle Creek-West Branch Susquehanna River"
"3778","WF0-SW","Creek Chub",45,0.3,-0.522878745,1.653212514,"6/7/2024","020502061207 Turtle Creek-West Branch Susquehanna River"
"3779","WF0-SW","Blacknose Dace",59,2.28,0.357934847,1.770852012,"6/7/2024","020502061207 Turtle Creek-West Branch Susquehanna River"
"3780","WF0-SW","Creek Chub",51,1.4,0.146128036,1.707570176,"6/13/2022","020502061207 Turtle Creek-West Branch Susquehanna River"
"3781","WF0-SW","Blacknose Dace",48,1.2,0.079181246,1.681241237,"6/13/2022","020502061207 Turtle Creek-West Branch Susquehanna River"
"3782","WF0-SW","Blacknose Dace",48,1.1,0.041392685,1.681241237,"6/13/2022","020502061207 Turtle Creek-West Branch Susquehanna River"
"3783","WF0-SW","Creek Chub",56,1.9,0.278753601,1.748188027,"6/13/2022","020502061207 Turtle Creek-West Branch Susquehanna River"
"3784","WF0-SW","Blacknose Dace",50,1.5,0.176091259,1.698970004,"6/13/2022","020502061207 Turtle Creek-West Branch Susquehanna River"
"3785","WF0-SW","Creek Chub",113,17.6,1.245512668,2.053078443,"6/13/2022","020502061207 Turtle Creek-West Branch Susquehanna River"
"3786","WF0-SW","Blacknose Dace",54,1.4,0.146128036,1.73239376,"6/13/2022","020502061207 Turtle Creek-West Branch Susquehanna River"
"3787","WF0-SW","Blacknose Dace",43,0.7,-0.15490196,1.633468456,"6/13/2022","020502061207 Turtle Creek-West Branch Susquehanna River"
"3788","WF0-SW","Blacknose Dace",52,1.2,0.079181246,1.716003344,"6/13/2022","020502061207 Turtle Creek-West Branch Susquehanna River"
"3789","WF0-SW","Creek Chub",59,2.2,0.342422681,1.770852012,"6/13/2022","020502061207 Turtle Creek-West Branch Susquehanna River"
"3790","WF0-SW","Creek Chub",50,1.5,0.176091259,1.698970004,"6/13/2022","020502061207 Turtle Creek-West Branch Susquehanna River"
"3791","WF0-SW","Creek Chub",65,3.1,0.491361694,1.812913357,"6/13/2022","020502061207 Turtle Creek-West Branch Susquehanna River"
"3792","WF0-SW","Blacknose Dace",55,1.4,0.146128036,1.740362689,"6/13/2022","020502061207 Turtle Creek-West Branch Susquehanna River"
"3793","WF0-SW","Blacknose Dace",48,0.8,-0.096910013,1.681241237,"6/13/2022","020502061207 Turtle Creek-West Branch Susquehanna River"
"3794","WF0-SW","Blacknose Dace",39,0.6,-0.22184875,1.591064607,"6/13/2022","020502061207 Turtle Creek-West Branch Susquehanna River"
"3795","WF0-SW","Blacknose Dace",50,1.3,0.113943352,1.698970004,"6/13/2022","020502061207 Turtle Creek-West Branch Susquehanna River"
"3796","WF0-SW","Blacknose Dace",54,1.6,0.204119983,1.73239376,"6/13/2022","020502061207 Turtle Creek-West Branch Susquehanna River"
"3797","WF0-SW","Creek Chub",51,1.3,0.113943352,1.707570176,"6/13/2022","020502061207 Turtle Creek-West Branch Susquehanna River"
"3798","WF0-SW","Blacknose Dace",46,0.8,-0.096910013,1.662757832,"6/13/2022","020502061207 Turtle Creek-West Branch Susquehanna River"
"3799","WF0-SW","Blacknose Dace",50,1,0,1.698970004,"6/13/2022","020502061207 Turtle Creek-West Branch Susquehanna River"
"3800","WF0-SW","Creek Chub",158,47.5,1.67669361,2.198657087,"6/13/2022","020502061207 Turtle Creek-West Branch Susquehanna River"
"3801","WF0-SW","Blacknose Dace",51,1.2,0.079181246,1.707570176,"6/13/2022","020502061207 Turtle Creek-West Branch Susquehanna River"
"3802","WF0-SW","Creek Chub",57,1.9,0.278753601,1.755874856,"6/13/2022","020502061207 Turtle Creek-West Branch Susquehanna River"
"3803","WF0-SW","Blacknose Dace",60,1.9,0.278753601,1.77815125,"6/13/2022","020502061207 Turtle Creek-West Branch Susquehanna River"
"3804","WF0-SW","Blacknose Dace",52,1.4,0.146128036,1.716003344,"6/13/2022","020502061207 Turtle Creek-West Branch Susquehanna River"
"3805","WF0-SW","Creek Chub",50,1.4,0.146128036,1.698970004,"6/13/2022","020502061207 Turtle Creek-West Branch Susquehanna River"
"3806","WF0-SW","Creek Chub",42,0.8,-0.096910013,1.62324929,"6/13/2022","020502061207 Turtle Creek-West Branch Susquehanna River"
"3807","WF0-SW","Blacknose Dace",68,2.9,0.462397998,1.832508913,"6/13/2022","020502061207 Turtle Creek-West Branch Susquehanna River"
"3808","WF0-SW","Creek Chub",85,6.4,0.806179974,1.929418926,"6/13/2022","020502061207 Turtle Creek-West Branch Susquehanna River"
"3809","WF0-SW","Blacknose Dace",54,1.5,0.176091259,1.73239376,"6/13/2022","020502061207 Turtle Creek-West Branch Susquehanna River"
"3810","WF0-SW","Creek Chub",60,2.2,0.342422681,1.77815125,"6/13/2022","020502061207 Turtle Creek-West Branch Susquehanna River"
"3811","WF0-SW","Creek Chub",76,4.2,0.62324929,1.880813592,"6/13/2022","020502061207 Turtle Creek-West Branch Susquehanna River"
"3812","WF0-SW","Blacknose Dace",47,0.8,-0.096910013,1.672097858,"6/13/2022","020502061207 Turtle Creek-West Branch Susquehanna River"
"3813","WF0-SW","Creek Chub",56,1.8,0.255272505,1.748188027,"6/13/2022","020502061207 Turtle Creek-West Branch Susquehanna River"
"3814","WF0-SW","Blacknose Dace",45,0.8,-0.096910013,1.653212514,"6/13/2022","020502061207 Turtle Creek-West Branch Susquehanna River"
"3815","WF0-SW","Blacknose Dace",48,1,0,1.681241237,"6/13/2022","020502061207 Turtle Creek-West Branch Susquehanna River"
"3816","WF0-SW","Blacknose Dace",51,1.4,0.146128036,1.707570176,"6/13/2022","020502061207 Turtle Creek-West Branch Susquehanna River"
"3817","WF0-SW","Creek Chub",60,1.9,0.278753601,1.77815125,"6/13/2022","020502061207 Turtle Creek-West Branch Susquehanna River"
"3818","WF0-SW","Creek Chub",43,0.8,-0.096910013,1.633468456,"6/13/2022","020502061207 Turtle Creek-West Branch Susquehanna River"
"3819","WF0-SW","Creek Chub",55,1.9,0.278753601,1.740362689,"6/13/2022","020502061207 Turtle Creek-West Branch Susquehanna River"
"3820","WF0-SW","Creek Chub",42,1,0,1.62324929,"6/13/2022","020502061207 Turtle Creek-West Branch Susquehanna River"
"3821","WF0-SW","Creek Chub",63,2.85,0.45484486,1.799340549,"6/7/2024","020502061207 Turtle Creek-West Branch Susquehanna River"
"3822","WF0-SW","Creek Chub",94,7.92,0.898725182,1.973127854,"6/7/2024","020502061207 Turtle Creek-West Branch Susquehanna River"
"3823","WF0-SW","Blacknose Dace",54,1.57,0.195899652,1.73239376,"6/7/2024","020502061207 Turtle Creek-West Branch Susquehanna River"
"3824","WF0-SW","Blacknose Dace",52,1.26,0.100370545,1.716003344,"6/7/2024","020502061207 Turtle Creek-West Branch Susquehanna River"
"3825","WF0-SW","Blacknose Dace",54,1.52,0.181843588,1.73239376,"6/7/2024","020502061207 Turtle Creek-West Branch Susquehanna River"
"3826","WF0-SW","Creek Chub",84,6.46,0.810232518,1.924279286,"6/7/2024","020502061207 Turtle Creek-West Branch Susquehanna River"
"3827","WF0-SW","Creek Chub",61,2.2,0.342422681,1.785329835,"6/7/2024","020502061207 Turtle Creek-West Branch Susquehanna River"
"3828","WF0-SW","Creek Chub",59,2.14,0.330413773,1.770852012,"6/7/2024","020502061207 Turtle Creek-West Branch Susquehanna River"
"3829","WF0-SW","Creek Chub",75,4.44,0.64738297,1.875061263,"6/7/2024","020502061207 Turtle Creek-West Branch Susquehanna River"
"3830","WF0-SW","Blacknose Dace",52,1.37,0.136720567,1.716003344,"6/7/2024","020502061207 Turtle Creek-West Branch Susquehanna River"
"3831","WF0-SW","Blacknose Dace",56,1.6,0.204119983,1.748188027,"6/7/2024","020502061207 Turtle Creek-West Branch Susquehanna River"
"3832","WF0-SW","Creek Chub",65,3.03,0.481442629,1.812913357,"6/7/2024","020502061207 Turtle Creek-West Branch Susquehanna River"
"3833","WF0-SW","Creek Chub",70,3.64,0.561101384,1.84509804,"6/7/2024","020502061207 Turtle Creek-West Branch Susquehanna River"
"3834","WF0-SW","Blacknose Dace",53,1.29,0.11058971,1.72427587,"6/7/2024","020502061207 Turtle Creek-West Branch Susquehanna River"
"3835","WF0-SW","Blacknose Dace",49,1.06,0.025305865,1.69019608,"6/7/2024","020502061207 Turtle Creek-West Branch Susquehanna River"
"3836","WF0-SW","Blacknose Dace",49,2.22,0.346352974,1.69019608,"6/7/2024","020502061207 Turtle Creek-West Branch Susquehanna River"
"3837","WF0-SW","Creek Chub",66,3.41,0.532754379,1.819543936,"6/7/2024","020502061207 Turtle Creek-West Branch Susquehanna River"
"3838","WF0-SW","Creek Chub",70,3.42,0.534026106,1.84509804,"6/7/2024","020502061207 Turtle Creek-West Branch Susquehanna River"
"3839","WF0-SW","Creek Chub",71,4.08,0.610660163,1.851258349,"6/7/2024","020502061207 Turtle Creek-West Branch Susquehanna River"
"3840","WF0-SW","Blacknose Dace",50,1.37,0.136720567,1.698970004,"6/7/2024","020502061207 Turtle Creek-West Branch Susquehanna River"
"3841","WF0-SW","Blacknose Dace",54,1.52,0.181843588,1.73239376,"6/7/2024","020502061207 Turtle Creek-West Branch Susquehanna River"
"3842","WF0-SW","Creek Chub",146,35,1.544068044,2.164352856,"6/7/2024","020502061207 Turtle Creek-West Branch Susquehanna River"
"3843","WF0-SW","Creek Chub",63,3.39,0.530199698,1.799340549,"6/7/2024","020502061207 Turtle Creek-West Branch Susquehanna River"
"3844","WF0-SW","Blacknose Dace",67,2.69,0.42975228,1.826074803,"6/7/2024","020502061207 Turtle Creek-West Branch Susquehanna River"
"3845","WF0-SW","Blacknose Dace",55,1.53,0.184691431,1.740362689,"6/7/2024","020502061207 Turtle Creek-West Branch Susquehanna River"
"3846","WF0-SW","Creek Chub",56,1.58,0.198657087,1.748188027,"6/7/2024","020502061207 Turtle Creek-West Branch Susquehanna River"
"3847","WF0-SW","Creek Chub",46,0.96,-0.017728767,1.662757832,"6/7/2024","020502061207 Turtle Creek-West Branch Susquehanna River"
"3848","WF0-SW","Creek Chub",72,3.99,0.600972896,1.857332496,"6/7/2024","020502061207 Turtle Creek-West Branch Susquehanna River"
"3849","WF0-SW","Creek Chub",51,1.36,0.133538908,1.707570176,"6/7/2024","020502061207 Turtle Creek-West Branch Susquehanna River"
"3850","WF0-SW","Blacknose Dace",56,1.47,0.167317335,1.748188027,"6/7/2024","020502061207 Turtle Creek-West Branch Susquehanna River"
"3851","WF0-SW","Blacknose Dace",54,1.59,0.201397124,1.73239376,"6/7/2024","020502061207 Turtle Creek-West Branch Susquehanna River"
"3852","WF0-SW","Blacknose Dace",56,1.67,0.222716471,1.748188027,"6/7/2024","020502061207 Turtle Creek-West Branch Susquehanna River"
"3853","WF0-SW","Blacknose Dace",38,0.46,-0.337242168,1.579783597,"6/7/2024","020502061207 Turtle Creek-West Branch Susquehanna River"
"3854","WF0-SW","Creek Chub",60,2.34,0.369215857,1.77815125,"6/7/2024","020502061207 Turtle Creek-West Branch Susquehanna River"
"3855","WF0-SW","Creek Chub",57,2.31,0.36361198,1.755874856,"6/7/2024","020502061207 Turtle Creek-West Branch Susquehanna River"
"3856","WF0-SW","Blacknose Dace",51,1.24,0.093421685,1.707570176,"6/7/2024","020502061207 Turtle Creek-West Branch Susquehanna River"
"3857","WF0-SW","Blacknose Dace",57,1.65,0.217483944,1.755874856,"6/7/2024","020502061207 Turtle Creek-West Branch Susquehanna River"
"3858","WF0-SW","Creek Chub",72,4.87,0.687528961,1.857332496,"6/7/2024","020502061207 Turtle Creek-West Branch Susquehanna River"
"3859","WF0-SW","Blacknose Dace",33,0.24,-0.619788758,1.51851394,"6/7/2024","020502061207 Turtle Creek-West Branch Susquehanna River"
"3860","WF0-SW","Blacknose Dace",32,0.35,-0.455931956,1.505149978,"6/7/2024","020502061207 Turtle Creek-West Branch Susquehanna River"
"3861","WF0-SW","Creek Chub",154,44.46,1.647969458,2.187520721,"6/7/2024","020502061207 Turtle Creek-West Branch Susquehanna River"
"3862","WF0-SW","Blacknose Dace",58,1.76,0.245512668,1.763427994,"6/7/2024","020502061207 Turtle Creek-West Branch Susquehanna River"
"3863","WF0-SW","Blacknose Dace",55,1.59,0.201397124,1.740362689,"6/7/2024","020502061207 Turtle Creek-West Branch Susquehanna River"
"3864","WF0-SW","Creek Chub",57,1.91,0.281033367,1.755874856,"6/7/2024","020502061207 Turtle Creek-West Branch Susquehanna River"
"3865","WF0-SW","Blacknose Dace",64,2.57,0.409933123,1.806179974,"6/7/2024","020502061207 Turtle Creek-West Branch Susquehanna River"
"3866","WF0-SW","Blacknose Dace",52,1.43,0.155336037,1.716003344,"6/7/2024","020502061207 Turtle Creek-West Branch Susquehanna River"
"3867","WF0-SW","Blacknose Dace",56,1.72,0.235528447,1.748188027,"6/7/2024","020502061207 Turtle Creek-West Branch Susquehanna River"
"3868","WF0-SW","Blacknose Dace",60,2.17,0.336459734,1.77815125,"6/7/2024","020502061207 Turtle Creek-West Branch Susquehanna River"
"3869","WF0-SW","Creek Chub",62,2.88,0.459392488,1.792391689,"6/7/2024","020502061207 Turtle Creek-West Branch Susquehanna River"
"3870","WF0-SW","Blacknose Dace",59,1.99,0.298853076,1.770852012,"6/7/2024","020502061207 Turtle Creek-West Branch Susquehanna River"
"3871","WF0-SW","Blacknose Dace",54,1.58,0.198657087,1.73239376,"6/7/2024","020502061207 Turtle Creek-West Branch Susquehanna River"
"3872","WF0-SW","Creek Chub",132,28.36,1.452706227,2.120573931,"6/7/2024","020502061207 Turtle Creek-West Branch Susquehanna River"
"3873","WF0-SW","Creek Chub",125,20.42,1.310055738,2.096910013,"6/7/2024","020502061207 Turtle Creek-West Branch Susquehanna River"
"3874","WF0-SW","Blacknose Dace",54,1.57,0.195899652,1.73239376,"6/7/2024","020502061207 Turtle Creek-West Branch Susquehanna River"
"3875","WF0-SW","Creek Chub",129,19.72,1.294906911,2.11058971,"6/7/2024","020502061207 Turtle Creek-West Branch Susquehanna River"
"3876","WF0-SW","Blacknose Dace",49,1.5,0.176091259,1.69019608,"6/9/2025","020502061207 Turtle Creek-West Branch Susquehanna River"
"3877","WF0-SW","Creek Chub",64,3.14,0.496929648,1.806179974,"6/9/2025","020502061207 Turtle Creek-West Branch Susquehanna River"
"3878","WF0-SW","Creek Chub",52,1.4,0.146128036,1.716003344,"6/13/2022","020502061207 Turtle Creek-West Branch Susquehanna River"
"3879","WF0-SW","Blacknose Dace",52,1.3,0.113943352,1.716003344,"6/13/2022","020502061207 Turtle Creek-West Branch Susquehanna River"
"3880","WF0-SW","Blacknose Dace",50,1.3,0.113943352,1.698970004,"6/13/2022","020502061207 Turtle Creek-West Branch Susquehanna River"
"3881","WF0-SW","Creek Chub",67,3.7,0.568201724,1.826074803,"6/13/2022","020502061207 Turtle Creek-West Branch Susquehanna River"
"3882","WF0-SW","Blacknose Dace",53,1.3,0.113943352,1.72427587,"6/13/2022","020502061207 Turtle Creek-West Branch Susquehanna River"
"3883","WF0-SW","Creek Chub",97,10.2,1.008600172,1.986771734,"6/13/2022","020502061207 Turtle Creek-West Branch Susquehanna River"
"3884","WF0-SW","Creek Chub",58,1.9,0.278753601,1.763427994,"6/13/2022","020502061207 Turtle Creek-West Branch Susquehanna River"
"3885","WF0-SW","Blacknose Dace",45,0.8,-0.096910013,1.653212514,"6/13/2022","020502061207 Turtle Creek-West Branch Susquehanna River"
"3886","WF0-SW","Creek Chub",51,1.7,0.230448921,1.707570176,"6/13/2022","020502061207 Turtle Creek-West Branch Susquehanna River"
"3887","WF0-SW","Creek Chub",85,5.1,0.707570176,1.929418926,"6/13/2022","020502061207 Turtle Creek-West Branch Susquehanna River"
"3888","WF0-SW","Blacknose Dace",45,0.8,-0.096910013,1.653212514,"6/13/2022","020502061207 Turtle Creek-West Branch Susquehanna River"
"3889","WF0-SW","Blacknose Dace",54,1.4,0.146128036,1.73239376,"6/13/2022","020502061207 Turtle Creek-West Branch Susquehanna River"
"3890","WF0-SW","Creek Chub",39,0.7,-0.15490196,1.591064607,"6/13/2022","020502061207 Turtle Creek-West Branch Susquehanna River"
"3891","WF0-SW","Blacknose Dace",57,1.8,0.255272505,1.755874856,"6/13/2022","020502061207 Turtle Creek-West Branch Susquehanna River"
"3892","WF0-SW","Creek Chub",86,6.9,0.838849091,1.934498451,"6/13/2022","020502061207 Turtle Creek-West Branch Susquehanna River"
"3893","WF0-SW","Creek Chub",56,1.7,0.230448921,1.748188027,"6/13/2022","020502061207 Turtle Creek-West Branch Susquehanna River"
"3894","WF0-SW","Creek Chub",95,8.2,0.913813852,1.977723605,"6/13/2022","020502061207 Turtle Creek-West Branch Susquehanna River"
"3895","WF0-SW","Creek Chub",35,0.3,-0.522878745,1.544068044,"6/13/2022","020502061207 Turtle Creek-West Branch Susquehanna River"
"3896","WF0-SW","Blacknose Dace",60,2,0.301029996,1.77815125,"6/13/2022","020502061207 Turtle Creek-West Branch Susquehanna River"
"3897","WF0-SW","Creek Chub",79,5.7,0.755874856,1.897627091,"6/7/2024","020502061207 Turtle Creek-West Branch Susquehanna River"
"3898","WF0-SW","Creek Chub",71,3.83,0.583198774,1.851258349,"6/7/2024","020502061207 Turtle Creek-West Branch Susquehanna River"
"3899","WF0-SW","Creek Chub",78,5.3,0.72427587,1.892094603,"6/7/2024","020502061207 Turtle Creek-West Branch Susquehanna River"
"3900","WF0-SW","Creek Chub",58,2.19,0.340444115,1.763427994,"6/9/2025","020502061207 Turtle Creek-West Branch Susquehanna River"
"3901","WF0-SW","Creek Chub",52,1.33,0.123851641,1.716003344,"6/9/2025","020502061207 Turtle Creek-West Branch Susquehanna River"
"3902","WF0-SW","Creek Chub",92,9.98,0.999130541,1.963787827,"6/9/2025","020502061207 Turtle Creek-West Branch Susquehanna River"
"3903","WF0-SW","Blacknose Dace",43,0.65,-0.187086643,1.633468456,"6/9/2025","020502061207 Turtle Creek-West Branch Susquehanna River"
"3904","WF0-SW","Creek Chub",60,2.3,0.361727836,1.77815125,"6/9/2025","020502061207 Turtle Creek-West Branch Susquehanna River"
"3905","WF0-SW","Creek Chub",84,7.02,0.846337112,1.924279286,"6/9/2025","020502061207 Turtle Creek-West Branch Susquehanna River"
"3906","WF0-SW","Creek Chub",101,3.06,0.485721426,2.004321374,"6/9/2025","020502061207 Turtle Creek-West Branch Susquehanna River"
"3907","WF0-SW","Blacknose Dace",54,1.62,0.209515015,1.73239376,"6/9/2025","020502061207 Turtle Creek-West Branch Susquehanna River"
"3908","WF0-SW","Blacknose Dace",45,0.71,-0.148741651,1.653212514,"6/9/2025","020502061207 Turtle Creek-West Branch Susquehanna River"
"3909","WF0-SW","Creek Chub",66,4.2,0.62324929,1.819543936,"6/9/2025","020502061207 Turtle Creek-West Branch Susquehanna River"
"3910","WF0-SW","Creek Chub",56,2.04,0.309630167,1.748188027,"6/9/2025","020502061207 Turtle Creek-West Branch Susquehanna River"
"3911","WF0-SW","Creek Chub",55,2.13,0.328379603,1.740362689,"6/9/2025","020502061207 Turtle Creek-West Branch Susquehanna River"
"3912","WF0-SW","Creek Chub",60,2.44,0.387389826,1.77815125,"6/9/2025","020502061207 Turtle Creek-West Branch Susquehanna River"
"3913","WF0-SW","Blacknose Dace",63,2.41,0.382017043,1.799340549,"6/9/2025","020502061207 Turtle Creek-West Branch Susquehanna River"
"3914","WF0-SW","Creek Chub",66,3.34,0.523746467,1.819543936,"6/9/2025","020502061207 Turtle Creek-West Branch Susquehanna River"
"3915","WF0-SW","Creek Chub",142,36.58,1.563243701,2.152288344,"6/9/2025","020502061207 Turtle Creek-West Branch Susquehanna River"
"3916","WF0-SW","Blacknose Dace",56,1.1,0.041392685,1.748188027,"6/9/2025","020502061207 Turtle Creek-West Branch Susquehanna River"
"3917","WF0-SW","Creek Chub",136,34.94,1.543322901,2.133538908,"6/9/2025","020502061207 Turtle Creek-West Branch Susquehanna River"
"3918","WF0-SW","Creek Chub",52,1.42,0.152288344,1.716003344,"6/9/2025","020502061207 Turtle Creek-West Branch Susquehanna River"
"3919","WF0-SW","Blacknose Dace",44,0.92,-0.036212173,1.643452676,"6/9/2025","020502061207 Turtle Creek-West Branch Susquehanna River"
"3920","WF0-SW","Blacknose Dace",47,1.03,0.012837225,1.672097858,"6/9/2025","020502061207 Turtle Creek-West Branch Susquehanna River"
"3921","WF0-SW","Creek Chub",54,1.65,0.217483944,1.73239376,"6/9/2025","020502061207 Turtle Creek-West Branch Susquehanna River"
"3922","WF0-SW","Blacknose Dace",50,1.69,0.227886705,1.698970004,"6/9/2025","020502061207 Turtle Creek-West Branch Susquehanna River"
"3923","WF0-SW","Creek Chub",67,3.72,0.57054294,1.826074803,"6/9/2025","020502061207 Turtle Creek-West Branch Susquehanna River"
"3924","WF0-SW","Blacknose Dace",61,2.29,0.359835482,1.785329835,"6/9/2025","020502061207 Turtle Creek-West Branch Susquehanna River"
"3925","WF0-SW","Blacknose Dace",57,2.21,0.344392274,1.755874856,"6/9/2025","020502061207 Turtle Creek-West Branch Susquehanna River"
"3926","WF0-SW","Blacknose Dace",51,1.29,0.11058971,1.707570176,"6/9/2025","020502061207 Turtle Creek-West Branch Susquehanna River"
"3927","WF0-SW","Creek Chub",134,34.64,1.539577883,2.127104798,"6/9/2025","020502061207 Turtle Creek-West Branch Susquehanna River"
"3928","WF0-SW","Blacknose Dace",61,2.21,0.344392274,1.785329835,"6/9/2025","020502061207 Turtle Creek-West Branch Susquehanna River"
"3929","WF0-SW","Creek Chub",142,42.91,1.632558515,2.152288344,"6/9/2025","020502061207 Turtle Creek-West Branch Susquehanna River"
"3930","WF0-SW","Creek Chub",54,2.11,0.324282455,1.73239376,"6/9/2025","020502061207 Turtle Creek-West Branch Susquehanna River"
"3931","WF0-SW","Blacknose Dace",47,1.12,0.049218023,1.672097858,"6/9/2025","020502061207 Turtle Creek-West Branch Susquehanna River"
"3932","WF0-SW","Creek Chub",103,14.68,1.166726056,2.012837225,"6/9/2025","020502061207 Turtle Creek-West Branch Susquehanna River"
"3933","WF0-SW","Blacknose Dace",54,1.74,0.240549248,1.73239376,"6/9/2025","020502061207 Turtle Creek-West Branch Susquehanna River"
"3934","WF0-SW","Blacknose Dace",47,0.96,-0.017728767,1.672097858,"6/9/2025","020502061207 Turtle Creek-West Branch Susquehanna River"
"3935","WF0-SW","Blacknose Dace",45,0.93,-0.031517051,1.653212514,"6/9/2025","020502061207 Turtle Creek-West Branch Susquehanna River"
"3936","WF0-SW","Blacknose Dace",48,0.96,-0.017728767,1.681241237,"6/9/2025","020502061207 Turtle Creek-West Branch Susquehanna River"
"3937","WF0-SW","Creek Chub",50,1.4,0.146128036,1.698970004,"6/9/2025","020502061207 Turtle Creek-West Branch Susquehanna River"
"3938","WF0-SW","Blacknose Dace",59,2.1,0.322219295,1.770852012,"6/9/2025","020502061207 Turtle Creek-West Branch Susquehanna River"
"3939","WF0-SW","Blacknose Dace",43,0.68,-0.167491087,1.633468456,"6/9/2025","020502061207 Turtle Creek-West Branch Susquehanna River"
"3940","WF0-SW","Creek Chub",71,4.5,0.653212514,1.851258349,"6/9/2025","020502061207 Turtle Creek-West Branch Susquehanna River"
"3941","WF0-SW","Blacknose Dace",47,1,0,1.672097858,"6/9/2025","020502061207 Turtle Creek-West Branch Susquehanna River"
"3942","WF0-SW","Blacknose Dace",50,1.13,0.053078443,1.698970004,"6/9/2025","020502061207 Turtle Creek-West Branch Susquehanna River"
"3943","WF0-SW","Blacknose Dace",58,2.4,0.380211242,1.763427994,"6/9/2025","020502061207 Turtle Creek-West Branch Susquehanna River"
"3944","WF0-SW","Creek Chub",84,8.05,0.90579588,1.924279286,"6/9/2025","020502061207 Turtle Creek-West Branch Susquehanna River"
"3945","WF0-SW","Creek Chub",55,2,0.301029996,1.740362689,"6/9/2025","020502061207 Turtle Creek-West Branch Susquehanna River"
"3946","WF0-SW","Blacknose Dace",52,1.64,0.214843848,1.716003344,"6/9/2025","020502061207 Turtle Creek-West Branch Susquehanna River"
"3947","WF0-SW","Blacknose Dace",55,1.57,0.195899652,1.740362689,"6/9/2025","020502061207 Turtle Creek-West Branch Susquehanna River"
"3948","WF0-SW","Creek Chub",50,1.58,0.198657087,1.698970004,"6/9/2025","020502061207 Turtle Creek-West Branch Susquehanna River"
"3949","WF0-SW","Creek Chub",60,2.41,0.382017043,1.77815125,"6/9/2025","020502061207 Turtle Creek-West Branch Susquehanna River"
"3950","WF0-SW","Creek Chub",74,4.92,0.691965103,1.86923172,"6/9/2025","020502061207 Turtle Creek-West Branch Susquehanna River"
"3951","WF0-SW","Blacknose Dace",55,1.05,0.021189299,1.740362689,"6/9/2025","020502061207 Turtle Creek-West Branch Susquehanna River"
"3952","WF0-SW","Blacknose Dace",37,0.46,-0.337242168,1.568201724,"6/9/2025","020502061207 Turtle Creek-West Branch Susquehanna River"
"3953","WF0-SW","Creek Chub",56,1.68,0.225309282,1.748188027,"6/9/2025","020502061207 Turtle Creek-West Branch Susquehanna River"
"3954","WF0-SW","Creek Chub",74,4.62,0.664641976,1.86923172,"6/9/2025","020502061207 Turtle Creek-West Branch Susquehanna River"
"3955","WF0-SW","Blacknose Dace",44,0.75,-0.124938737,1.643452676,"6/9/2025","020502061207 Turtle Creek-West Branch Susquehanna River"
"3956","WF0-SW","Blacknose Dace",60,2.21,0.344392274,1.77815125,"6/9/2025","020502061207 Turtle Creek-West Branch Susquehanna River"
"3957","WF0-SW","Blacknose Dace",51,1.4,0.146128036,1.707570176,"6/9/2025","020502061207 Turtle Creek-West Branch Susquehanna River"
"3958","Windfall.CrossFork","Longnose Dace",115,13.5,1.130333768,2.06069784,"7/17/2023","020502030103 Cross Fork"
"3959","Windfall.CrossFork","Blacknose Dace",56,1.8,0.255272505,1.748188027,"7/17/2023","020502030103 Cross Fork"
"3960","Windfall.CrossFork","Longnose Dace",118,17.6,1.245512668,2.071882007,"7/17/2023","020502030103 Cross Fork"
"3961","Windfall.CrossFork","Blacknose Dace",64,1.9,0.278753601,1.806179974,"7/17/2023","020502030103 Cross Fork"
"3962","Windfall.CrossFork","Blacknose Dace",64,2.5,0.397940009,1.806179974,"7/17/2023","020502030103 Cross Fork"
"3963","Windfall.CrossFork","Blacknose Dace",57,1.7,0.230448921,1.755874856,"7/17/2023","020502030103 Cross Fork"
"3964","Windfall.CrossFork","Blacknose Dace",56,1.7,0.230448921,1.748188027,"7/17/2023","020502030103 Cross Fork"
"3965","Windfall.CrossFork","Longnose Dace",107,10.6,1.025305865,2.029383778,"7/17/2023","020502030103 Cross Fork"
"3966","Windfall.CrossFork","Blacknose Dace",44,0.6,-0.22184875,1.643452676,"7/17/2023","020502030103 Cross Fork"
"3967","Windfall.CrossFork","Longnose Dace",127,18.4,1.264817823,2.103803721,"7/17/2023","020502030103 Cross Fork"
"3968","Windfall.CrossFork","Longnose Dace",84,5.2,0.716003344,1.924279286,"7/17/2023","020502030103 Cross Fork"
"3969","Windfall.CrossFork","Blacknose Dace",73,3.6,0.556302501,1.86332286,"7/17/2023","020502030103 Cross Fork"
"3970","Windfall.CrossFork","Blacknose Dace",56,1.7,0.230448921,1.748188027,"7/17/2023","020502030103 Cross Fork"
"3971","Windfall.CrossFork","Blacknose Dace",66,2.7,0.431363764,1.819543936,"7/17/2023","020502030103 Cross Fork"
"3972","Windfall.CrossFork","Blacknose Dace",82,4.4,0.643452676,1.913813852,"7/17/2023","020502030103 Cross Fork"
"3973","Windfall.CrossFork","Blacknose Dace",61,2.4,0.380211242,1.785329835,"7/17/2023","020502030103 Cross Fork"
"3974","Windfall.CrossFork","Blacknose Dace",58,1.7,0.230448921,1.763427994,"7/17/2023","020502030103 Cross Fork"
"3975","Windfall.CrossFork","Longnose Dace",71,3.5,0.544068044,1.851258349,"7/17/2023","020502030103 Cross Fork"
"3976","Windfall.CrossFork","Blacknose Dace",60,1.9,0.278753601,1.77815125,"7/17/2023","020502030103 Cross Fork"
"3977","Windfall.CrossFork","Blacknose Dace",65,2.3,0.361727836,1.812913357,"7/17/2023","020502030103 Cross Fork"
"3978","Windfall.CrossFork","Longnose Dace",102,9.7,0.986771734,2.008600172,"7/17/2023","020502030103 Cross Fork"
"3979","Windfall.CrossFork","Blacknose Dace",73,3.9,0.591064607,1.86332286,"7/17/2023","020502030103 Cross Fork"
"3980","Windfall.CrossFork","Blacknose Dace",49,1.2,0.079181246,1.69019608,"7/17/2023","020502030103 Cross Fork"
"3981","Windfall.CrossFork","Blacknose Dace",42,0.7,-0.15490196,1.62324929,"7/17/2023","020502030103 Cross Fork"
"3982","Windfall.CrossFork","Blacknose Dace",45,0.8,-0.096910013,1.653212514,"7/17/2023","020502030103 Cross Fork"
"3983","Windfall.CrossFork","Longnose Dace",101,9.3,0.968482949,2.004321374,"7/17/2023","020502030103 Cross Fork"
"3984","Windfall.CrossFork","Blacknose Dace",72,3.3,0.51851394,1.857332496,"7/17/2023","020502030103 Cross Fork"
"3985","Windfall.CrossFork","Blacknose Dace",66,2.5,0.397940009,1.819543936,"7/17/2023","020502030103 Cross Fork"
"3986","Windfall.CrossFork","Longnose Dace",97,8.1,0.908485019,1.986771734,"7/17/2023","020502030103 Cross Fork"
"3987","Windfall.CrossFork","Blacknose Dace",68,3.2,0.505149978,1.832508913,"7/17/2023","020502030103 Cross Fork"
"3988","Windfall.CrossFork","Blacknose Dace",65,2.6,0.414973348,1.812913357,"7/17/2023","020502030103 Cross Fork"
"3989","Windfall.CrossFork","Blacknose Dace",69,2.6,0.414973348,1.838849091,"7/17/2023","020502030103 Cross Fork"
"3990","Windfall.CrossFork","Blacknose Dace",64,2.4,0.380211242,1.806179974,"7/17/2023","020502030103 Cross Fork"
"3991","Windfall.CrossFork","Blacknose Dace",45,2.5,0.397940009,1.653212514,"7/17/2023","020502030103 Cross Fork"
"3992","Windfall.CrossFork","Blacknose Dace",61,2.1,0.322219295,1.785329835,"7/17/2023","020502030103 Cross Fork"
"3993","Windfall.CrossFork","Blacknose Dace",58,1.9,0.278753601,1.763427994,"7/17/2023","020502030103 Cross Fork"
"3994","Windfall.CrossFork","Blacknose Dace",67,2.9,0.462397998,1.826074803,"7/17/2023","020502030103 Cross Fork"
"3995","Windfall.CrossFork","Blacknose Dace",59,1.6,0.204119983,1.770852012,"7/17/2023","020502030103 Cross Fork"
"3996","Windfall.CrossFork","Blacknose Dace",55,1.5,0.176091259,1.740362689,"7/17/2023","020502030103 Cross Fork"
