"","SiteCode","Species","Length_mm","Wt_g","logW","logL","Date","HUC12Watershed"
"1","Baker.LeftAsaph","Blacknose Dace",46,0.84,-0.075720714,1.662757832,"7/16/2024","020502050302 Asaph Run"
"2","Baker.LeftAsaph","Blacknose Dace",48,0.87,-0.060480747,1.681241237,"7/16/2024","020502050302 Asaph Run"
"3","Baker.LeftAsaph","Blacknose Dace",70,3.4,0.531478917,1.84509804,"7/16/2024","020502050302 Asaph Run"
"4","Baker.LeftAsaph","Blacknose Dace",43,0.52,-0.283996656,1.633468456,"7/16/2024","020502050302 Asaph Run"
"5","Baker.LeftAsaph","Blacknose Dace",46,0.75,-0.124938737,1.662757832,"7/16/2024","020502050302 Asaph Run"
"6","Baker.LeftAsaph","Blacknose Dace",68,2.68,0.428134794,1.832508913,"7/16/2024","020502050302 Asaph Run"
"7","Baker.LeftAsaph","Blacknose Dace",64,2.13,0.328379603,1.806179974,"7/16/2024","020502050302 Asaph Run"
"8","Baker.LeftAsaph","Blacknose Dace",60,1.86,0.269512944,1.77815125,"7/16/2024","020502050302 Asaph Run"
"9","Baker.LeftAsaph","Blacknose Dace",40,0.52,-0.283996656,1.602059991,"7/16/2024","020502050302 Asaph Run"
"10","Baker.LeftAsaph","Blacknose Dace",59,1.59,0.201397124,1.770852012,"7/16/2024","020502050302 Asaph Run"
"11","Baker.LeftAsaph","Blacknose Dace",63,1.94,0.28780173,1.799340549,"7/16/2024","020502050302 Asaph Run"
"12","Baker.LeftAsaph","Blacknose Dace",59,1.63,0.212187604,1.770852012,"7/16/2024","020502050302 Asaph Run"
"13","Baker.LeftAsaph","Blacknose Dace",40,0.53,-0.27572413,1.602059991,"7/16/2024","020502050302 Asaph Run"
"14","Bonnel.Pine","Blacknose Dace",65,3.3,0.51851394,1.812913357,"7/14/2022","020502050604 Mill Run-Pine Creek"
"15","Bonnel.Pine","Blacknose Dace",55,1.2,0.079181246,1.740362689,"7/14/2022","020502050604 Mill Run-Pine Creek"
"16","Buck.Cedar","Blacknose Dace",49,1,0,1.69019608,"7/11/2023","020502050602 Cedar Run"
"17","Buck.Cedar","Blacknose Dace",60,1.9,0.278753601,1.77815125,"7/11/2023","020502050602 Cedar Run"
"18","Buck.Cedar","Blacknose Dace",77,4.4,0.643452676,1.886490725,"7/11/2023","020502050602 Cedar Run"
"19","Buck.Cedar","Blacknose Dace",44,0.7,-0.15490196,1.643452676,"7/11/2023","020502050602 Cedar Run"
"20","Buck.Cedar","Blacknose Dace",58,1.8,0.255272505,1.763427994,"7/11/2023","020502050602 Cedar Run"
"21","Buck.Cedar","Blacknose Dace",45,0.8,-0.096910013,1.653212514,"7/11/2023","020502050602 Cedar Run"
"22","Buck.Cedar","Blacknose Dace",48,0.9,-0.045757491,1.681241237,"7/11/2023","020502050602 Cedar Run"
"23","Buck.Cedar","Blacknose Dace",48,0.8,-0.096910013,1.681241237,"7/11/2023","020502050602 Cedar Run"
"24","Buck.Cedar","Blacknose Dace",59,1.8,0.255272505,1.770852012,"7/11/2023","020502050602 Cedar Run"
"25","Buck.Cedar","Blacknose Dace",62,2.1,0.322219295,1.792391689,"7/11/2023","020502050602 Cedar Run"
"26","Buck.Cedar","Blacknose Dace",52,1.1,0.041392685,1.716003344,"7/11/2023","020502050602 Cedar Run"
"27","Buck.Cedar","Blacknose Dace",82,5.3,0.72427587,1.913813852,"7/11/2023","020502050602 Cedar Run"
"28","Buck.Cedar","Blacknose Dace",37,0.4,-0.397940009,1.568201724,"7/11/2023","020502050602 Cedar Run"
"29","Buck.Cedar","Blacknose Dace",41,0.8,-0.096910013,1.612783857,"7/11/2023","020502050602 Cedar Run"
"30","Buck.Cedar","Blacknose Dace",43,0.6,-0.22184875,1.633468456,"7/11/2023","020502050602 Cedar Run"
"31","Buck.Cedar","Blacknose Dace",83,5.7,0.755874856,1.919078092,"7/11/2023","020502050602 Cedar Run"
"32","Buck.Cedar","Blacknose Dace",45,0.8,-0.096910013,1.653212514,"7/11/2023","020502050602 Cedar Run"
"33","Buck.Cedar","Blacknose Dace",64,2.2,0.342422681,1.806179974,"7/11/2023","020502050602 Cedar Run"
"34","Buck.Cedar","Blacknose Dace",62,2,0.301029996,1.792391689,"7/11/2023","020502050602 Cedar Run"
"35","Buck.Cedar","Blacknose Dace",44,0.7,-0.15490196,1.643452676,"7/11/2023","020502050602 Cedar Run"
"36","Buck.Cedar","Blacknose Dace",62,1.8,0.255272505,1.792391689,"7/11/2023","020502050602 Cedar Run"
"37","Buck.Cedar","Blacknose Dace",61,2,0.301029996,1.785329835,"7/11/2023","020502050602 Cedar Run"
"38","Buck.Cedar","Blacknose Dace",92,5.5,0.740362689,1.963787827,"7/11/2023","020502050602 Cedar Run"
"39","Coal.Loyalsock","Blacknose Dace",75,3.5,0.544068044,1.875061263,"6/30/2022","020502060304 Little Loyalsock Creek-Loyalsock Creek"
"40","Coal.Loyalsock","Blacknose Dace",49,0.94,-0.026872146,1.69019608,"6/24/2025","020502060304 Little Loyalsock Creek-Loyalsock Creek"
"41","Coal.Loyalsock","Blacknose Dace",46,0.8,-0.096910013,1.662757832,"6/24/2025","020502060304 Little Loyalsock Creek-Loyalsock Creek"
"42","CR0-SY","Blacknose Dace",54,1.4,0.146128036,1.73239376,"6/3/2022","020502061005 Buffalo Creek"
"43","CR0-SY","Blacknose Dace",68,3.4,0.531478917,1.832508913,"6/3/2022","020502061005 Buffalo Creek"
"44","CR0-SY","Blacknose Dace",59,2.1,0.322219295,1.770852012,"6/3/2022","020502061005 Buffalo Creek"
"45","CR0-SY","Blacknose Dace",67,2.5,0.397940009,1.826074803,"6/3/2022","020502061005 Buffalo Creek"
"46","CR0-SY","Blacknose Dace",57,2,0.301029996,1.755874856,"6/3/2022","020502061005 Buffalo Creek"
"47","CR0-SY","Blacknose Dace",59,1.9,0.278753601,1.770852012,"6/3/2022","020502061005 Buffalo Creek"
"48","CR0-SY","Blacknose Dace",52,1.5,0.176091259,1.716003344,"6/3/2022","020502061005 Buffalo Creek"
"49","CR0-SY","Blacknose Dace",41,0.4,-0.397940009,1.612783857,"6/3/2022","020502061005 Buffalo Creek"
"50","CR0-SY","Blacknose Dace",43,0.7,-0.15490196,1.633468456,"6/3/2022","020502061005 Buffalo Creek"
"51","CR0-SY","Blacknose Dace",63,2.6,0.414973348,1.799340549,"6/3/2022","020502061005 Buffalo Creek"
"52","CR0-SY","Blacknose Dace",54,1.4,0.146128036,1.73239376,"6/3/2022","020502061005 Buffalo Creek"
"53","CR0-SY","Blacknose Dace",60,2.5,0.397940009,1.77815125,"6/3/2022","020502061005 Buffalo Creek"
"54","CR0-SY","Blacknose Dace",64,2.6,0.414973348,1.806179974,"6/3/2022","020502061005 Buffalo Creek"
"55","CR0-SY","Blacknose Dace",64,3.1,0.491361694,1.806179974,"6/3/2022","020502061005 Buffalo Creek"
"56","CR0-SY","Blacknose Dace",43,0.7,-0.15490196,1.633468456,"6/3/2022","020502061005 Buffalo Creek"
"57","CR0-SY","Blacknose Dace",52,1.4,0.146128036,1.716003344,"6/3/2022","020502061005 Buffalo Creek"
"58","CR0-SY","Blacknose Dace",64,2.8,0.447158031,1.806179974,"6/3/2022","020502061005 Buffalo Creek"
"59","CR0-SY","Blacknose Dace",69,3.2,0.505149978,1.838849091,"6/3/2022","020502061005 Buffalo Creek"
"60","CR0-SY","Blacknose Dace",63,2.7,0.431363764,1.799340549,"6/3/2022","020502061005 Buffalo Creek"
"61","CR0-SY","Blacknose Dace",56,1.9,0.278753601,1.748188027,"6/3/2022","020502061005 Buffalo Creek"
"62","CR0-SY","Blacknose Dace",57,1.8,0.255272505,1.755874856,"6/3/2022","020502061005 Buffalo Creek"
"63","CR0-SY","Blacknose Dace",59,2.1,0.322219295,1.770852012,"6/3/2022","020502061005 Buffalo Creek"
"64","CR0-SY","Blacknose Dace",65,2.5,0.397940009,1.812913357,"6/3/2022","020502061005 Buffalo Creek"
"65","CR0-SY","Blacknose Dace",78,5.2,0.716003344,1.892094603,"6/3/2022","020502061005 Buffalo Creek"
"66","CR0-SY","Blacknose Dace",75,7.5,0.875061263,1.875061263,"6/5/2023","020502061005 Buffalo Creek"
"67","CR0-SY","Blacknose Dace",42,0.5,-0.301029996,1.62324929,"6/5/2023","020502061005 Buffalo Creek"
"68","CR0-SY","Blacknose Dace",54,1.8,0.255272505,1.73239376,"6/5/2023","020502061005 Buffalo Creek"
"69","CR0-SY","Blacknose Dace",53,2.3,0.361727836,1.72427587,"6/5/2023","020502061005 Buffalo Creek"
"70","CR0-SY","Blacknose Dace",64,2.5,0.397940009,1.806179974,"6/5/2023","020502061005 Buffalo Creek"
"71","CR0-SY","Blacknose Dace",61,2.1,0.322219295,1.785329835,"6/5/2023","020502061005 Buffalo Creek"
"72","CR0-SY","Blacknose Dace",60,3.7,0.568201724,1.77815125,"6/5/2023","020502061005 Buffalo Creek"
"73","CR0-SY","Blacknose Dace",58,1.9,0.278753601,1.763427994,"6/5/2023","020502061005 Buffalo Creek"
"74","CR0-SY","Blacknose Dace",42,0.6,-0.22184875,1.62324929,"6/5/2023","020502061005 Buffalo Creek"
"75","CR0-SY","Blacknose Dace",61,2,0.301029996,1.785329835,"6/5/2023","020502061005 Buffalo Creek"
"76","CR0-SY","Blacknose Dace",33,0.3,-0.522878745,1.51851394,"6/5/2023","020502061005 Buffalo Creek"
"77","CR0-SY","Blacknose Dace",71,3.5,0.544068044,1.851258349,"6/5/2023","020502061005 Buffalo Creek"
"78","CR0-SY","Blacknose Dace",44,0.7,-0.15490196,1.643452676,"6/5/2023","020502061005 Buffalo Creek"
"79","CR0-SY","Blacknose Dace",65,2.8,0.447158031,1.812913357,"6/5/2023","020502061005 Buffalo Creek"
"80","CR0-SY","Blacknose Dace",39,0.5,-0.301029996,1.591064607,"6/5/2023","020502061005 Buffalo Creek"
"81","CR0-SY","Blacknose Dace",69,1.9,0.278753601,1.838849091,"6/5/2023","020502061005 Buffalo Creek"
"82","CR0-SY","Blacknose Dace",65,2.3,0.361727836,1.812913357,"6/5/2023","020502061005 Buffalo Creek"
"83","CR0-SY","Blacknose Dace",67,2.9,0.462397998,1.826074803,"6/5/2023","020502061005 Buffalo Creek"
"84","CR0-SY","Blacknose Dace",37,0.6,-0.22184875,1.568201724,"6/5/2023","020502061005 Buffalo Creek"
"85","CR0-SY","Blacknose Dace",67,2.8,0.447158031,1.826074803,"6/5/2023","020502061005 Buffalo Creek"
"86","CR0-SY","Blacknose Dace",54,1.7,0.230448921,1.73239376,"6/5/2023","020502061005 Buffalo Creek"
"87","CR0-SY","Blacknose Dace",35,0.5,-0.301029996,1.544068044,"6/5/2023","020502061005 Buffalo Creek"
"88","CR0-SY","Blacknose Dace",47,0.6,-0.22184875,1.672097858,"6/5/2023","020502061005 Buffalo Creek"
"89","CR0-SY","Blacknose Dace",72,5.9,0.770852012,1.857332496,"6/5/2023","020502061005 Buffalo Creek"
"90","CR0-SY","Blacknose Dace",60,2.4,0.380211242,1.77815125,"6/5/2023","020502061005 Buffalo Creek"
"91","CR0-SY","Blacknose Dace",62,2.8,0.447158031,1.792391689,"6/5/2023","020502061005 Buffalo Creek"
"92","CR0-SY","Blacknose Dace",71,3.1,0.491361694,1.851258349,"6/5/2023","020502061005 Buffalo Creek"
"93","CR0-SY","Blacknose Dace",45,0.8,-0.096910013,1.653212514,"6/5/2023","020502061005 Buffalo Creek"
"94","Darling.Pine","Blacknose Dace",66,2.6,0.414973348,1.819543936,"7/18/2022","020502050601 Trout Run-Pine Creek"
"95","Darling.Pine","Blacknose Dace",62,2.1,0.322219295,1.792391689,"7/18/2022","020502050601 Trout Run-Pine Creek"
"96","Darling.Pine","Blacknose Dace",69,3,0.477121255,1.838849091,"7/18/2022","020502050601 Trout Run-Pine Creek"
"97","Darling.Pine","Blacknose Dace",68,2.8,0.447158031,1.832508913,"7/18/2022","020502050601 Trout Run-Pine Creek"
"98","Darling.Pine","Blacknose Dace",75,3.5,0.544068044,1.875061263,"7/18/2022","020502050601 Trout Run-Pine Creek"
"99","Darling.Pine","Blacknose Dace",68,2.6,0.414973348,1.832508913,"7/18/2022","020502050601 Trout Run-Pine Creek"
"100","Darling.Pine","Blacknose Dace",77,4,0.602059991,1.886490725,"7/18/2022","020502050601 Trout Run-Pine Creek"
"101","Darling.Pine","Blacknose Dace",73,3.7,0.568201724,1.86332286,"7/18/2022","020502050601 Trout Run-Pine Creek"
"102","Darling.Pine","Blacknose Dace",65,3,0.477121255,1.812913357,"7/18/2022","020502050601 Trout Run-Pine Creek"
"103","Darling.Pine","Blacknose Dace",74,3.6,0.556302501,1.86923172,"7/18/2022","020502050601 Trout Run-Pine Creek"
"104","Darling.Pine","Blacknose Dace",70,3.4,0.531478917,1.84509804,"7/18/2022","020502050601 Trout Run-Pine Creek"
"105","Darling.Pine","Blacknose Dace",63,2.32,0.365487985,1.799340549,"7/8/2025","020502050601 Trout Run-Pine Creek"
"106","Darling.Pine","Blacknose Dace",62,3.64,0.561101384,1.792391689,"7/8/2025","020502050601 Trout Run-Pine Creek"
"107","Darling.Pine","Blacknose Dace",74,3.8,0.579783597,1.86923172,"7/18/2022","020502050601 Trout Run-Pine Creek"
"108","Darling.Pine","Blacknose Dace",64,2.3,0.361727836,1.806179974,"7/18/2022","020502050601 Trout Run-Pine Creek"
"109","Darling.Pine","Blacknose Dace",62,2,0.301029996,1.792391689,"7/18/2022","020502050601 Trout Run-Pine Creek"
"110","Darling.Pine","Blacknose Dace",44,0.65,-0.187086643,1.643452676,"7/8/2025","020502050601 Trout Run-Pine Creek"
"111","Darling.Pine","Blacknose Dace",66,2.64,0.421603927,1.819543936,"7/8/2025","020502050601 Trout Run-Pine Creek"
"112","Darling.Pine","Blacknose Dace",60,1.75,0.243038049,1.77815125,"7/8/2025","020502050601 Trout Run-Pine Creek"
"113","Darling.Pine","Blacknose Dace",73,3.17,0.501059262,1.86332286,"7/8/2025","020502050601 Trout Run-Pine Creek"
"114","Darling.Pine","Blacknose Dace",73,3.9,0.591064607,1.86332286,"7/18/2022","020502050601 Trout Run-Pine Creek"
"115","Darling.Pine","Blacknose Dace",77,3.7,0.568201724,1.886490725,"7/18/2022","020502050601 Trout Run-Pine Creek"
"116","Darling.Pine","Blacknose Dace",69,2.8,0.447158031,1.838849091,"7/18/2022","020502050601 Trout Run-Pine Creek"
"117","Darling.Pine","Blacknose Dace",64,2.3,0.361727836,1.806179974,"7/18/2022","020502050601 Trout Run-Pine Creek"
"118","Darling.Pine","Blacknose Dace",56,1.4,0.146128036,1.748188027,"7/18/2022","020502050601 Trout Run-Pine Creek"
"119","Darling.Pine","Blacknose Dace",71,3.2,0.505149978,1.851258349,"7/18/2022","020502050601 Trout Run-Pine Creek"
"120","Darling.Pine","Blacknose Dace",65,2.4,0.380211242,1.812913357,"7/18/2022","020502050601 Trout Run-Pine Creek"
"121","Darling.Pine","Blacknose Dace",73,3.2,0.505149978,1.86332286,"7/18/2022","020502050601 Trout Run-Pine Creek"
"122","Darling.Pine","Blacknose Dace",69,2.9,0.462397998,1.838849091,"7/18/2022","020502050601 Trout Run-Pine Creek"
"123","Darling.Pine","Blacknose Dace",86,5.8,0.763427994,1.934498451,"7/18/2022","020502050601 Trout Run-Pine Creek"
"124","Darling.Pine","Blacknose Dace",67,2.43,0.385606274,1.826074803,"7/8/2025","020502050601 Trout Run-Pine Creek"
"125","Darling.Pine","Blacknose Dace",42,0.81,-0.091514981,1.62324929,"7/8/2025","020502050601 Trout Run-Pine Creek"
"126","Darling.Pine","Blacknose Dace",64,2.45,0.389166084,1.806179974,"7/8/2025","020502050601 Trout Run-Pine Creek"
"127","Darling.Pine","Blacknose Dace",60,1.9,0.278753601,1.77815125,"7/18/2022","020502050601 Trout Run-Pine Creek"
"128","Darling.Pine","Blacknose Dace",68,2.8,0.447158031,1.832508913,"7/18/2022","020502050601 Trout Run-Pine Creek"
"129","Darling.Pine","Blacknose Dace",80,5.1,0.707570176,1.903089987,"7/18/2022","020502050601 Trout Run-Pine Creek"
"130","Darling.Pine","Blacknose Dace",56,1.5,0.176091259,1.748188027,"7/18/2022","020502050601 Trout Run-Pine Creek"
"131","Darling.Pine","Blacknose Dace",65,2.6,0.414973348,1.812913357,"7/18/2022","020502050601 Trout Run-Pine Creek"
"132","Darling.Pine","Blacknose Dace",55,1.59,0.201397124,1.740362689,"7/8/2025","020502050601 Trout Run-Pine Creek"
"133","Darling.Pine","Blacknose Dace",77,3.62,0.558708571,1.886490725,"7/8/2025","020502050601 Trout Run-Pine Creek"
"134","Darling.Pine","Blacknose Dace",60,1.95,0.290034611,1.77815125,"7/8/2025","020502050601 Trout Run-Pine Creek"
"135","Darling.Pine","Blacknose Dace",66,2.62,0.418301291,1.819543936,"7/8/2025","020502050601 Trout Run-Pine Creek"
"136","Darling.Pine","Blacknose Dace",82,4.78,0.679427897,1.913813852,"7/8/2025","020502050601 Trout Run-Pine Creek"
"137","Darling.Pine","Blacknose Dace",60,1.81,0.257678575,1.77815125,"7/8/2025","020502050601 Trout Run-Pine Creek"
"138","Darling.Pine","Blacknose Dace",62,2.62,0.418301291,1.792391689,"7/8/2025","020502050601 Trout Run-Pine Creek"
"139","Darling.Pine","Blacknose Dace",64,2.12,0.326335861,1.806179974,"7/8/2025","020502050601 Trout Run-Pine Creek"
"140","Darling.Pine","Blacknose Dace",80,3.87,0.587710965,1.903089987,"7/8/2025","020502050601 Trout Run-Pine Creek"
"141","Darling.Pine","Blacknose Dace",69,2.77,0.442479769,1.838849091,"7/8/2025","020502050601 Trout Run-Pine Creek"
"142","Darling.Pine","Blacknose Dace",65,2.72,0.434568904,1.812913357,"7/8/2025","020502050601 Trout Run-Pine Creek"
"143","Darling.Pine","Blacknose Dace",61,2.03,0.307496038,1.785329835,"7/8/2025","020502050601 Trout Run-Pine Creek"
"144","Darling.Pine","Blacknose Dace",65,2.92,0.465382851,1.812913357,"7/8/2025","020502050601 Trout Run-Pine Creek"
"145","Darling.Pine","Blacknose Dace",40,0.6,-0.22184875,1.602059991,"7/8/2025","020502050601 Trout Run-Pine Creek"
"146","EastWallis.Wallis","Blacknose Dace",58,1.5,0.176091259,1.763427994,"6/28/2023","020502060506 Wallis Run"
"147","EastWallis.Wallis","Blacknose Dace",65,2.6,0.414973348,1.812913357,"6/28/2023","020502060506 Wallis Run"
"148","EastWallis.Wallis","Blacknose Dace",52,1,0,1.716003344,"6/28/2023","020502060506 Wallis Run"
"149","EastWallis.Wallis","Blacknose Dace",75,3.1,0.491361694,1.875061263,"6/28/2023","020502060506 Wallis Run"
"150","EastWallis.Wallis","Blacknose Dace",68,3,0.477121255,1.832508913,"6/28/2023","020502060506 Wallis Run"
"151","EastWallis.Wallis","Blacknose Dace",42,0.6,-0.22184875,1.62324929,"6/28/2023","020502060506 Wallis Run"
"152","EastWallis.Wallis","Blacknose Dace",61,2.2,0.342422681,1.785329835,"6/28/2023","020502060506 Wallis Run"
"153","EastWallis.Wallis","Blacknose Dace",59,1.8,0.255272505,1.770852012,"6/28/2023","020502060506 Wallis Run"
"154","EastWallis.Wallis","Blacknose Dace",52,1.1,0.041392685,1.716003344,"6/28/2023","020502060506 Wallis Run"
"155","EastWallis.Wallis","Blacknose Dace",64,2.4,0.380211242,1.806179974,"6/28/2023","020502060506 Wallis Run"
"156","EastWallis.Wallis","Blacknose Dace",54,1.1,0.041392685,1.73239376,"6/28/2023","020502060506 Wallis Run"
"157","EastWallis.Wallis","Blacknose Dace",57,1.6,0.204119983,1.755874856,"6/28/2023","020502060506 Wallis Run"
"158","EastWallis.Wallis","Blacknose Dace",62,2,0.301029996,1.792391689,"6/28/2023","020502060506 Wallis Run"
"159","EastWallis.Wallis","Blacknose Dace",52,1,0,1.716003344,"6/28/2023","020502060506 Wallis Run"
"160","EastWallis.Wallis","Blacknose Dace",72,3.3,0.51851394,1.857332496,"6/28/2023","020502060506 Wallis Run"
"161","EastWallis.Wallis","Blacknose Dace",72,3.2,0.505149978,1.857332496,"6/28/2023","020502060506 Wallis Run"
"162","EastWallis.Wallis","Blacknose Dace",66,2.2,0.342422681,1.819543936,"6/28/2023","020502060506 Wallis Run"
"163","EastWallis.Wallis","Blacknose Dace",71,3.3,0.51851394,1.851258349,"6/28/2023","020502060506 Wallis Run"
"164","EC0-ML","Blacknose Dace",62,2.2,0.342422681,1.792391689,"6/6/2022","020503010201 Elk Creek"
"165","EC0-ML","Blacknose Dace",40,0.5,-0.301029996,1.602059991,"6/6/2022","020503010201 Elk Creek"
"166","EC0-ML","Blacknose Dace",41,0.5,-0.301029996,1.612783857,"6/6/2022","020503010201 Elk Creek"
"167","EC0-ML","Blacknose Dace",42,0.7,-0.15490196,1.62324929,"6/6/2022","020503010201 Elk Creek"
"168","EC0-ML","Blacknose Dace",66,3.5,0.544068044,1.819543936,"6/6/2022","020503010201 Elk Creek"
"169","EC0-ML","Blacknose Dace",43,0.9,-0.045757491,1.633468456,"6/6/2022","020503010201 Elk Creek"
"170","EC0-ML","Blacknose Dace",41,0.8,-0.096910013,1.612783857,"6/6/2022","020503010201 Elk Creek"
"171","EC0-ML","Blacknose Dace",33,0.2,-0.698970004,1.51851394,"6/6/2022","020503010201 Elk Creek"
"172","EC0-ML","Blacknose Dace",53,1.5,0.176091259,1.72427587,"6/6/2022","020503010201 Elk Creek"
"173","EC0-ML","Blacknose Dace",40,0.3,-0.522878745,1.602059991,"6/6/2022","020503010201 Elk Creek"
"174","EC0-ML","Blacknose Dace",42,0.7,-0.15490196,1.62324929,"6/6/2022","020503010201 Elk Creek"
"175","EC0-ML","Blacknose Dace",45,1,0,1.653212514,"6/6/2022","020503010201 Elk Creek"
"176","EC0-ML","Blacknose Dace",51,1.2,0.079181246,1.707570176,"6/6/2022","020503010201 Elk Creek"
"177","EC0-ML","Blacknose Dace",41,0.4,-0.397940009,1.612783857,"6/6/2022","020503010201 Elk Creek"
"178","EC0-ML","Blacknose Dace",66,3.1,0.491361694,1.819543936,"6/6/2022","020503010201 Elk Creek"
"179","EC0-ML","Blacknose Dace",37,0.5,-0.301029996,1.568201724,"6/6/2022","020503010201 Elk Creek"
"180","EC0-ML","Blacknose Dace",60,2.4,0.380211242,1.77815125,"6/6/2022","020503010201 Elk Creek"
"181","EC0-ML","Blacknose Dace",40,0.5,-0.301029996,1.602059991,"6/6/2022","020503010201 Elk Creek"
"182","EC0-ML","Blacknose Dace",47,0.3,-0.522878745,1.672097858,"6/6/2022","020503010201 Elk Creek"
"183","EC0-ML","Blacknose Dace",33,0.5,-0.301029996,1.51851394,"6/6/2022","020503010201 Elk Creek"
"184","EC0-ML","Blacknose Dace",36,0.5,-0.301029996,1.556302501,"6/6/2022","020503010201 Elk Creek"
"185","EC0-ML","Blacknose Dace",63,1.9,0.278753601,1.799340549,"6/6/2022","020503010201 Elk Creek"
"186","EC0-ML","Blacknose Dace",47,1.1,0.041392685,1.672097858,"6/6/2022","020503010201 Elk Creek"
"187","EC0-ML","Blacknose Dace",41,0.5,-0.301029996,1.612783857,"6/6/2022","020503010201 Elk Creek"
"188","EC0-ML","Blacknose Dace",42,0.6,-0.22184875,1.62324929,"6/6/2022","020503010201 Elk Creek"
"189","EC0-ML","Blacknose Dace",37,0.5,-0.301029996,1.568201724,"6/6/2022","020503010201 Elk Creek"
"190","EC0-ML","Blacknose Dace",52,1.6,0.204119983,1.716003344,"6/6/2022","020503010201 Elk Creek"
"191","EC0-ML","Blacknose Dace",74,3.7,0.568201724,1.86923172,"6/6/2022","020503010201 Elk Creek"
"192","EC0-ML","Blacknose Dace",42,0.6,-0.22184875,1.62324929,"6/6/2022","020503010201 Elk Creek"
"193","EC0-NF","Blacknose Dace",51,1.1,0.041392685,1.707570176,"6/9/2022","020503010201 Elk Creek"
"194","EC0-NF","Blacknose Dace",41,0.6,-0.22184875,1.612783857,"6/9/2022","020503010201 Elk Creek"
"195","EC0-NF","Blacknose Dace",50,1.7,0.230448921,1.698970004,"6/9/2022","020503010201 Elk Creek"
"196","EC0-NF","Blacknose Dace",43,0.7,-0.15490196,1.633468456,"6/9/2022","020503010201 Elk Creek"
"197","EC0-NF","Blacknose Dace",46,0.9,-0.045757491,1.662757832,"6/9/2022","020503010201 Elk Creek"
"198","EC0-NF","Blacknose Dace",46,0.7,-0.15490196,1.662757832,"6/9/2022","020503010201 Elk Creek"
"199","EC0-NF","Blacknose Dace",43,0.8,-0.096910013,1.633468456,"6/9/2022","020503010201 Elk Creek"
"200","EC0-NF","Blacknose Dace",40,0.5,-0.301029996,1.602059991,"6/9/2022","020503010201 Elk Creek"
"201","EC0-NF","Blacknose Dace",87,1.9,0.278753601,1.939519253,"6/9/2022","020503010201 Elk Creek"
"202","EC0-NF","Blacknose Dace",53,2,0.301029996,1.72427587,"6/9/2022","020503010201 Elk Creek"
"203","EC0-NF","Blacknose Dace",41,0.6,-0.22184875,1.612783857,"6/9/2022","020503010201 Elk Creek"
"204","EC0-NF","Blacknose Dace",70,3.2,0.505149978,1.84509804,"6/9/2022","020503010201 Elk Creek"
"205","EC0-NF","Blacknose Dace",44,0.7,-0.15490196,1.643452676,"6/9/2022","020503010201 Elk Creek"
"206","EC0-NF","Blacknose Dace",55,1.3,0.113943352,1.740362689,"6/9/2022","020503010201 Elk Creek"
"207","EC0-NF","Blacknose Dace",69,3.6,0.556302501,1.838849091,"6/9/2022","020503010201 Elk Creek"
"208","EC0-NF","Blacknose Dace",49,1.3,0.113943352,1.69019608,"6/9/2022","020503010201 Elk Creek"
"209","EC0-NF","Blacknose Dace",69,3.5,0.544068044,1.838849091,"6/9/2022","020503010201 Elk Creek"
"210","EC0-NF","Blacknose Dace",45,1,0,1.653212514,"6/9/2022","020503010201 Elk Creek"
"211","EC0-NF","Blacknose Dace",65,3.2,0.505149978,1.812913357,"6/9/2022","020503010201 Elk Creek"
"212","EC0-NF","Blacknose Dace",54,1.6,0.204119983,1.73239376,"6/9/2022","020503010201 Elk Creek"
"213","EC0-NF","Blacknose Dace",36,0.5,-0.301029996,1.556302501,"6/9/2022","020503010201 Elk Creek"
"214","EC0-NF","Blacknose Dace",41,0.9,-0.045757491,1.612783857,"6/9/2022","020503010201 Elk Creek"
"215","EC0-NF","Blacknose Dace",43,0.8,-0.096910013,1.633468456,"6/9/2022","020503010201 Elk Creek"
"216","EC0-NF","Blacknose Dace",43,0.6,-0.22184875,1.633468456,"6/9/2022","020503010201 Elk Creek"
"217","EC0-NF","Blacknose Dace",78,5.3,0.72427587,1.892094603,"6/9/2022","020503010201 Elk Creek"
"218","EC0-NF","Blacknose Dace",45,0.9,-0.045757491,1.653212514,"6/9/2022","020503010201 Elk Creek"
"219","EC0-NF","Blacknose Dace",49,1.1,0.041392685,1.69019608,"6/9/2022","020503010201 Elk Creek"
"220","EC0-NF","Blacknose Dace",62,2.7,0.431363764,1.792391689,"6/9/2022","020503010201 Elk Creek"
"221","EC0-NF","Blacknose Dace",45,0.7,-0.15490196,1.653212514,"6/9/2022","020503010201 Elk Creek"
"222","EC0-PH","Blacknose Dace",67,3.1,0.491361694,1.826074803,"6/6/2022","020503010201 Elk Creek"
"223","EC0-PH","Blacknose Dace",44,0.7,-0.15490196,1.643452676,"6/6/2022","020503010201 Elk Creek"
"224","EC0-PH","Blacknose Dace",77,4.6,0.662757832,1.886490725,"6/6/2022","020503010201 Elk Creek"
"225","EC0-PH","Blacknose Dace",55,1.6,0.204119983,1.740362689,"6/6/2022","020503010201 Elk Creek"
"226","EC0-PH","Blacknose Dace",62,2.8,0.447158031,1.792391689,"6/6/2022","020503010201 Elk Creek"
"227","EC0-PH","Blacknose Dace",55,1.6,0.204119983,1.740362689,"6/6/2022","020503010201 Elk Creek"
"228","EC0-PH","Blacknose Dace",53,1.4,0.146128036,1.72427587,"6/6/2022","020503010201 Elk Creek"
"229","EC0-PH","Blacknose Dace",56,1.7,0.230448921,1.748188027,"6/6/2022","020503010201 Elk Creek"
"230","EC0-PH","Blacknose Dace",68,2.5,0.397940009,1.832508913,"6/6/2022","020503010201 Elk Creek"
"231","EC0-PH","Blacknose Dace",75,4,0.602059991,1.875061263,"6/6/2022","020503010201 Elk Creek"
"232","EC0-PH","Blacknose Dace",45,1,0,1.653212514,"6/6/2022","020503010201 Elk Creek"
"233","EC0-PH","Blacknose Dace",45,0.8,-0.096910013,1.653212514,"6/6/2022","020503010201 Elk Creek"
"234","EC0-PH","Blacknose Dace",63,2.6,0.414973348,1.799340549,"6/6/2022","020503010201 Elk Creek"
"235","EC0-PH","Blacknose Dace",59,1.9,0.278753601,1.770852012,"6/6/2022","020503010201 Elk Creek"
"236","EC0-PH","Blacknose Dace",42,1,0,1.62324929,"6/6/2022","020503010201 Elk Creek"
"237","EC0-PH","Blacknose Dace",51,1.1,0.041392685,1.707570176,"6/6/2022","020503010201 Elk Creek"
"238","EC0-PH","Blacknose Dace",41,0.8,-0.096910013,1.612783857,"6/6/2022","020503010201 Elk Creek"
"239","EC0-PH","Blacknose Dace",49,0.9,-0.045757491,1.69019608,"6/6/2022","020503010201 Elk Creek"
"240","EC0-PH","Blacknose Dace",54,1.8,0.255272505,1.73239376,"6/6/2022","020503010201 Elk Creek"
"241","EC0-PH","Blacknose Dace",64,3.2,0.505149978,1.806179974,"6/6/2022","020503010201 Elk Creek"
"242","EC0-PH","Blacknose Dace",43,0.8,-0.096910013,1.633468456,"6/6/2022","020503010201 Elk Creek"
"243","EC0-PH","Blacknose Dace",55,2,0.301029996,1.740362689,"6/6/2022","020503010201 Elk Creek"
"244","EC0-PH","Blacknose Dace",39,0.5,-0.301029996,1.591064607,"6/6/2022","020503010201 Elk Creek"
"245","EC0-PH","Blacknose Dace",53,1.6,0.204119983,1.72427587,"6/6/2022","020503010201 Elk Creek"
"246","EC0-PH","Blacknose Dace",66,2.8,0.447158031,1.819543936,"6/6/2022","020503010201 Elk Creek"
"247","EC0-PH","Blacknose Dace",41,0.8,-0.096910013,1.612783857,"6/6/2022","020503010201 Elk Creek"
"248","EC0-PH","Blacknose Dace",75,4.5,0.653212514,1.875061263,"6/6/2022","020503010201 Elk Creek"
"249","EC0-PH","Blacknose Dace",71,3.9,0.591064607,1.851258349,"6/6/2022","020503010201 Elk Creek"
"250","EC0-PH","Blacknose Dace",72,3.6,0.556302501,1.857332496,"6/6/2022","020503010201 Elk Creek"
"251","EC0-PH","Blacknose Dace",72,4,0.602059991,1.857332496,"6/6/2022","020503010201 Elk Creek"
"252","EC0-SF","Blacknose Dace",42,0.7,-0.15490196,1.62324929,"6/7/2022","020503010201 Elk Creek"
"253","EC0-SF","Blacknose Dace",57,1.7,0.230448921,1.755874856,"6/7/2022","020503010201 Elk Creek"
"254","EC0-SF","Blacknose Dace",56,1.8,0.255272505,1.748188027,"6/7/2022","020503010201 Elk Creek"
"255","EC0-SF","Blacknose Dace",41,0.6,-0.22184875,1.612783857,"6/7/2022","020503010201 Elk Creek"
"256","EC0-SF","Blacknose Dace",46,0.7,-0.15490196,1.662757832,"6/7/2022","020503010201 Elk Creek"
"257","EC0-SF","Blacknose Dace",60,1.9,0.278753601,1.77815125,"6/7/2022","020503010201 Elk Creek"
"258","EC0-SF","Blacknose Dace",40,0.6,-0.22184875,1.602059991,"6/7/2022","020503010201 Elk Creek"
"259","EC0-SF","Blacknose Dace",59,1.9,0.278753601,1.770852012,"6/7/2022","020503010201 Elk Creek"
"260","EC0-SF","Blacknose Dace",40,0.5,-0.301029996,1.602059991,"6/7/2022","020503010201 Elk Creek"
"261","EC0-SF","Blacknose Dace",61,2.3,0.361727836,1.785329835,"6/7/2022","020503010201 Elk Creek"
"262","EC0-SF","Blacknose Dace",68,3.1,0.491361694,1.832508913,"6/7/2022","020503010201 Elk Creek"
"263","EC0-SF","Blacknose Dace",64,2.7,0.431363764,1.806179974,"6/7/2022","020503010201 Elk Creek"
"264","EC0-SF","Blacknose Dace",61,2.1,0.322219295,1.785329835,"6/7/2022","020503010201 Elk Creek"
"265","EC0-SF","Blacknose Dace",49,1.2,0.079181246,1.69019608,"6/7/2022","020503010201 Elk Creek"
"266","EC0-SF","Blacknose Dace",69,3.2,0.505149978,1.838849091,"6/7/2022","020503010201 Elk Creek"
"267","EC0-SF","Blacknose Dace",42,0.5,-0.301029996,1.62324929,"6/7/2022","020503010201 Elk Creek"
"268","EC0-SF","Blacknose Dace",57,1.8,0.255272505,1.755874856,"6/7/2022","020503010201 Elk Creek"
"269","EC0-SF","Blacknose Dace",44,0.9,-0.045757491,1.643452676,"6/7/2022","020503010201 Elk Creek"
"270","EC0-SF","Blacknose Dace",60,1.9,0.278753601,1.77815125,"6/7/2022","020503010201 Elk Creek"
"271","EC0-SF","Blacknose Dace",41,0.6,-0.22184875,1.612783857,"6/7/2022","020503010201 Elk Creek"
"272","EC0-SF","Blacknose Dace",59,2.9,0.462397998,1.770852012,"6/7/2022","020503010201 Elk Creek"
"273","EC0-SF","Blacknose Dace",41,0.6,-0.22184875,1.612783857,"6/7/2022","020503010201 Elk Creek"
"274","EC0-SF","Blacknose Dace",43,0.7,-0.15490196,1.633468456,"6/7/2022","020503010201 Elk Creek"
"275","EC0-SF","Blacknose Dace",72,3.8,0.579783597,1.857332496,"6/7/2022","020503010201 Elk Creek"
"276","EC0-SF","Blacknose Dace",47,0.9,-0.045757491,1.672097858,"6/7/2022","020503010201 Elk Creek"
"277","EC0-SF","Blacknose Dace",40,0.5,-0.301029996,1.602059991,"6/7/2022","020503010201 Elk Creek"
"278","EC0-SF","Blacknose Dace",58,1.8,0.255272505,1.763427994,"6/7/2022","020503010201 Elk Creek"
"279","EC0-SF","Blacknose Dace",56,1.4,0.146128036,1.748188027,"6/7/2022","020503010201 Elk Creek"
"280","EC0-SF","Blacknose Dace",63,2.6,0.414973348,1.799340549,"6/7/2022","020503010201 Elk Creek"
"281","EC0-SF","Blacknose Dace",46,0.9,-0.045757491,1.662757832,"6/7/2022","020503010201 Elk Creek"
"282","FlagMarsh.Pigeon","Blacknose Dace",72,3.4,0.531478917,1.857332496,"6/29/2023","020502060302 Glass Creek-Loyalsock Creek"
"283","FlagMarsh.Pigeon","Blacknose Dace",72,3.2,0.505149978,1.857332496,"6/29/2023","020502060302 Glass Creek-Loyalsock Creek"
"284","FlagMarsh.Pigeon","Blacknose Dace",74,3.6,0.556302501,1.86923172,"6/29/2023","020502060302 Glass Creek-Loyalsock Creek"
"285","FlagMarsh.Pigeon","Blacknose Dace",60,1.9,0.278753601,1.77815125,"6/29/2023","020502060302 Glass Creek-Loyalsock Creek"
"286","FlagMarsh.Pigeon","Blacknose Dace",63,2,0.301029996,1.799340549,"6/29/2023","020502060302 Glass Creek-Loyalsock Creek"
"287","FlagMarsh.Pigeon","Blacknose Dace",52,1.3,0.113943352,1.716003344,"6/29/2023","020502060302 Glass Creek-Loyalsock Creek"
"288","FlagMarsh.Pigeon","Blacknose Dace",68,2.6,0.414973348,1.832508913,"6/29/2023","020502060302 Glass Creek-Loyalsock Creek"
"289","FlagMarsh.Pigeon","Blacknose Dace",65,2.7,0.431363764,1.812913357,"6/29/2023","020502060302 Glass Creek-Loyalsock Creek"
"290","FlagMarsh.Pigeon","Blacknose Dace",65,2.4,0.380211242,1.812913357,"6/29/2023","020502060302 Glass Creek-Loyalsock Creek"
"291","FlagMarsh.Pigeon","Blacknose Dace",85,5,0.698970004,1.929418926,"6/29/2023","020502060302 Glass Creek-Loyalsock Creek"
"292","FlagMarsh.Pigeon","Blacknose Dace",50,1,0,1.698970004,"6/29/2023","020502060302 Glass Creek-Loyalsock Creek"
"293","FlagMarsh.Pigeon","Blacknose Dace",72,3.6,0.556302501,1.857332496,"6/29/2023","020502060302 Glass Creek-Loyalsock Creek"
"294","FlagMarsh.Pigeon","Blacknose Dace",74,3.2,0.505149978,1.86923172,"6/29/2023","020502060302 Glass Creek-Loyalsock Creek"
"295","FlagMarsh.Pigeon","Blacknose Dace",76,3.6,0.556302501,1.880813592,"6/29/2023","020502060302 Glass Creek-Loyalsock Creek"
"296","FlagMarsh.Pigeon","Blacknose Dace",64,2.2,0.342422681,1.806179974,"6/29/2023","020502060302 Glass Creek-Loyalsock Creek"
"297","FlagMarsh.Pigeon","Blacknose Dace",71,3.4,0.531478917,1.851258349,"6/29/2023","020502060302 Glass Creek-Loyalsock Creek"
"298","FlagMarsh.Pigeon","Blacknose Dace",65,2.2,0.342422681,1.812913357,"6/29/2023","020502060302 Glass Creek-Loyalsock Creek"
"299","FlagMarsh.Pigeon","Blacknose Dace",55,1.5,0.176091259,1.740362689,"6/29/2023","020502060302 Glass Creek-Loyalsock Creek"
"300","FlagMarsh.Pigeon","Blacknose Dace",77,3.8,0.579783597,1.886490725,"6/29/2023","020502060302 Glass Creek-Loyalsock Creek"
"301","FlagMarsh.Pigeon","Blacknose Dace",71,3.6,0.556302501,1.851258349,"6/29/2023","020502060302 Glass Creek-Loyalsock Creek"
"302","FlagMarsh.Pigeon","Blacknose Dace",63,2.3,0.361727836,1.799340549,"6/29/2023","020502060302 Glass Creek-Loyalsock Creek"
"303","FlagMarsh.Pigeon","Blacknose Dace",61,2.3,0.361727836,1.785329835,"6/29/2023","020502060302 Glass Creek-Loyalsock Creek"
"304","FlagMarsh.Pigeon","Blacknose Dace",63,1.9,0.278753601,1.799340549,"6/29/2023","020502060302 Glass Creek-Loyalsock Creek"
"305","FlagMarsh.Pigeon","Blacknose Dace",81,4.9,0.69019608,1.908485019,"6/29/2023","020502060302 Glass Creek-Loyalsock Creek"
"306","FlagMarsh.Pigeon","Blacknose Dace",67,2.6,0.414973348,1.826074803,"6/29/2023","020502060302 Glass Creek-Loyalsock Creek"
"307","FlagMarsh.Pigeon","Blacknose Dace",63,2.5,0.397940009,1.799340549,"6/29/2023","020502060302 Glass Creek-Loyalsock Creek"
"308","FlagMarsh.Pigeon","Blacknose Dace",64,2.3,0.361727836,1.806179974,"6/29/2023","020502060302 Glass Creek-Loyalsock Creek"
"309","FlagMarsh.Pigeon","Blacknose Dace",65,2.2,0.342422681,1.812913357,"6/29/2023","020502060302 Glass Creek-Loyalsock Creek"
"310","FlagMarsh.Pigeon","Blacknose Dace",67,2.6,0.414973348,1.826074803,"6/29/2023","020502060302 Glass Creek-Loyalsock Creek"
"311","FlagMarsh.Pigeon","Blacknose Dace",61,2.2,0.342422681,1.785329835,"6/29/2023","020502060302 Glass Creek-Loyalsock Creek"
"312","Glass.Loyalsock","Blacknose Dace",70,2.8,0.447158031,1.84509804,"6/29/2022","020502060302 Glass Creek-Loyalsock Creek"
"313","Glass.Loyalsock","Blacknose Dace",76,3.6,0.556302501,1.880813592,"6/29/2022","020502060302 Glass Creek-Loyalsock Creek"
"314","Glass.Loyalsock","Blacknose Dace",73,3.4,0.531478917,1.86332286,"6/29/2022","020502060302 Glass Creek-Loyalsock Creek"
"315","Glass.Loyalsock","Blacknose Dace",64,2.8,0.447158031,1.806179974,"6/29/2022","020502060302 Glass Creek-Loyalsock Creek"
"316","Glass.Loyalsock","Blacknose Dace",70,3.3,0.51851394,1.84509804,"6/29/2022","020502060302 Glass Creek-Loyalsock Creek"
"317","Glass.Loyalsock","Blacknose Dace",68,2.41,0.382017043,1.832508913,"6/25/2025","020502060302 Glass Creek-Loyalsock Creek"
"318","Glass.Loyalsock","Blacknose Dace",58,1.79,0.252853031,1.763427994,"6/25/2025","020502060302 Glass Creek-Loyalsock Creek"
"319","Glass.Loyalsock","Blacknose Dace",77,3.74,0.572871602,1.886490725,"6/25/2025","020502060302 Glass Creek-Loyalsock Creek"
"320","Glass.Loyalsock","Blacknose Dace",58,1.77,0.247973266,1.763427994,"6/25/2025","020502060302 Glass Creek-Loyalsock Creek"
"321","Glass.Loyalsock","Blacknose Dace",57,1.7,0.230448921,1.755874856,"6/25/2025","020502060302 Glass Creek-Loyalsock Creek"
"322","Glass.Loyalsock","Blacknose Dace",60,1.83,0.26245109,1.77815125,"6/25/2025","020502060302 Glass Creek-Loyalsock Creek"
"323","Glass.Loyalsock","Blacknose Dace",56,1.47,0.167317335,1.748188027,"6/25/2025","020502060302 Glass Creek-Loyalsock Creek"
"324","Glass.Loyalsock","Blacknose Dace",61,2.35,0.371067862,1.785329835,"6/25/2025","020502060302 Glass Creek-Loyalsock Creek"
"325","Glass.Loyalsock","Blacknose Dace",69,2.56,0.408239965,1.838849091,"6/25/2025","020502060302 Glass Creek-Loyalsock Creek"
"326","Glass.Loyalsock","Blacknose Dace",59,2.13,0.328379603,1.770852012,"6/25/2025","020502060302 Glass Creek-Loyalsock Creek"
"327","Glass.Loyalsock","Blacknose Dace",60,1.69,0.227886705,1.77815125,"6/25/2025","020502060302 Glass Creek-Loyalsock Creek"
"328","Glass.Loyalsock","Blacknose Dace",60,1.92,0.283301229,1.77815125,"6/25/2025","020502060302 Glass Creek-Loyalsock Creek"
"329","Glass.Loyalsock","Blacknose Dace",59,1.89,0.276461804,1.770852012,"6/25/2025","020502060302 Glass Creek-Loyalsock Creek"
"330","Glass.Loyalsock","Blacknose Dace",63,2.23,0.348304863,1.799340549,"6/25/2025","020502060302 Glass Creek-Loyalsock Creek"
"331","Glass.Loyalsock","Blacknose Dace",60,1.97,0.294466226,1.77815125,"6/25/2025","020502060302 Glass Creek-Loyalsock Creek"
"332","Glass.Loyalsock","Blacknose Dace",61,1.93,0.285557309,1.785329835,"6/25/2025","020502060302 Glass Creek-Loyalsock Creek"
"333","Glass.Loyalsock","Blacknose Dace",69,2.97,0.472756449,1.838849091,"6/25/2025","020502060302 Glass Creek-Loyalsock Creek"
"334","Glass.Loyalsock","Blacknose Dace",59,1.76,0.245512668,1.770852012,"6/25/2025","020502060302 Glass Creek-Loyalsock Creek"
"335","Glass.Loyalsock","Blacknose Dace",72,3.53,0.547774705,1.857332496,"6/25/2025","020502060302 Glass Creek-Loyalsock Creek"
"336","Glass.Loyalsock","Blacknose Dace",62,2.18,0.338456494,1.792391689,"6/25/2025","020502060302 Glass Creek-Loyalsock Creek"
"337","Glass.Loyalsock","Blacknose Dace",63,2.29,0.359835482,1.799340549,"6/25/2025","020502060302 Glass Creek-Loyalsock Creek"
"338","Glass.Loyalsock","Blacknose Dace",71,2.78,0.444044796,1.851258349,"6/25/2025","020502060302 Glass Creek-Loyalsock Creek"
"339","Glass.Loyalsock","Blacknose Dace",60,1.92,0.283301229,1.77815125,"6/25/2025","020502060302 Glass Creek-Loyalsock Creek"
"340","Glass.Loyalsock","Blacknose Dace",63,2.23,0.348304863,1.799340549,"6/25/2025","020502060302 Glass Creek-Loyalsock Creek"
"341","Glass.Loyalsock","Blacknose Dace",75,3.91,0.592176757,1.875061263,"6/25/2025","020502060302 Glass Creek-Loyalsock Creek"
"342","Glass.Loyalsock","Blacknose Dace",72,3.21,0.506505032,1.857332496,"6/25/2025","020502060302 Glass Creek-Loyalsock Creek"
"343","Glass.Loyalsock","Blacknose Dace",59,1.87,0.271841607,1.770852012,"6/25/2025","020502060302 Glass Creek-Loyalsock Creek"
"344","Glass.Loyalsock","Blacknose Dace",62,2.15,0.33243846,1.792391689,"6/25/2025","020502060302 Glass Creek-Loyalsock Creek"
"345","Glass.Loyalsock","Blacknose Dace",64,2.4,0.380211242,1.806179974,"6/25/2025","020502060302 Glass Creek-Loyalsock Creek"
"346","Glass.Loyalsock","Blacknose Dace",65,2.48,0.394451681,1.812913357,"6/25/2025","020502060302 Glass Creek-Loyalsock Creek"
"347","Hammersley.Kettle","Blacknose Dace",49,0.99,-0.004364805,1.69019608,"7/15/2025","020502030104 Hammersley Fork"
"348","Hammersley.Kettle","Blacknose Dace",63,2.39,0.378397901,1.799340549,"7/15/2025","020502030104 Hammersley Fork"
"349","Hammersley.Kettle","Blacknose Dace",52,1.3,0.113943352,1.716003344,"7/11/2022","020502030104 Hammersley Fork"
"350","Hammersley.Kettle","Blacknose Dace",70,3,0.477121255,1.84509804,"7/11/2022","020502030104 Hammersley Fork"
"351","Hammersley.Kettle","Blacknose Dace",64,2.2,0.342422681,1.806179974,"7/11/2022","020502030104 Hammersley Fork"
"352","Hammersley.Kettle","Blacknose Dace",44,0.7,-0.15490196,1.643452676,"7/11/2022","020502030104 Hammersley Fork"
"353","Hammersley.Kettle","Blacknose Dace",71,3.2,0.505149978,1.851258349,"7/11/2022","020502030104 Hammersley Fork"
"354","Hammersley.Kettle","Blacknose Dace",68,2.6,0.414973348,1.832508913,"7/11/2022","020502030104 Hammersley Fork"
"355","Hammersley.Kettle","Blacknose Dace",70,3.3,0.51851394,1.84509804,"7/11/2022","020502030104 Hammersley Fork"
"356","Hammersley.Kettle","Blacknose Dace",65,2.5,0.397940009,1.812913357,"7/11/2022","020502030104 Hammersley Fork"
"357","Hammersley.Kettle","Blacknose Dace",69,2.94,0.46834733,1.838849091,"7/15/2025","020502030104 Hammersley Fork"
"358","Hammersley.Kettle","Blacknose Dace",81,4.6,0.662757832,1.908485019,"7/15/2025","020502030104 Hammersley Fork"
"359","Hammersley.Kettle","Blacknose Dace",46,0.76,-0.119186408,1.662757832,"7/15/2025","020502030104 Hammersley Fork"
"360","Hammersley.Kettle","Blacknose Dace",39,0.54,-0.26760624,1.591064607,"7/15/2025","020502030104 Hammersley Fork"
"361","Hammersley.Kettle","Blacknose Dace",70,3.15,0.498310554,1.84509804,"7/15/2025","020502030104 Hammersley Fork"
"362","Hammersley.Kettle","Blacknose Dace",59,1.96,0.292256071,1.770852012,"7/15/2025","020502030104 Hammersley Fork"
"363","Hammersley.Kettle","Blacknose Dace",49,1.12,0.049218023,1.69019608,"7/15/2025","020502030104 Hammersley Fork"
"364","Hammersley.Kettle","Blacknose Dace",65,2.43,0.385606274,1.812913357,"7/15/2025","020502030104 Hammersley Fork"
"365","Hammersley.Kettle","Blacknose Dace",47,0.84,-0.075720714,1.672097858,"7/15/2025","020502030104 Hammersley Fork"
"366","Hammersley.Kettle","Blacknose Dace",60,2.05,0.311753861,1.77815125,"7/15/2025","020502030104 Hammersley Fork"
"367","Hammersley.Kettle","Blacknose Dace",47,0.92,-0.036212173,1.672097858,"7/15/2025","020502030104 Hammersley Fork"
"368","Hammersley.Kettle","Blacknose Dace",65,2.47,0.392696953,1.812913357,"7/15/2025","020502030104 Hammersley Fork"
"369","Hammersley.Kettle","Blacknose Dace",69,3.08,0.488550717,1.838849091,"7/15/2025","020502030104 Hammersley Fork"
"370","Hammersley.Kettle","Blacknose Dace",66,2.6,0.414973348,1.819543936,"7/11/2022","020502030104 Hammersley Fork"
"371","Hammersley.Kettle","Blacknose Dace",62,2.1,0.322219295,1.792391689,"7/11/2022","020502030104 Hammersley Fork"
"372","Hammersley.Kettle","Blacknose Dace",69,3,0.477121255,1.838849091,"7/11/2022","020502030104 Hammersley Fork"
"373","Hammersley.Kettle","Blacknose Dace",66,2.2,0.342422681,1.819543936,"7/11/2022","020502030104 Hammersley Fork"
"374","Hammersley.Kettle","Blacknose Dace",64,2.3,0.361727836,1.806179974,"7/11/2022","020502030104 Hammersley Fork"
"375","Hammersley.Kettle","Blacknose Dace",67,2.4,0.380211242,1.826074803,"7/11/2022","020502030104 Hammersley Fork"
"376","Hammersley.Kettle","Blacknose Dace",57,1.75,0.243038049,1.755874856,"7/15/2025","020502030104 Hammersley Fork"
"377","Hammersley.Kettle","Blacknose Dace",64,2.58,0.411619706,1.806179974,"7/15/2025","020502030104 Hammersley Fork"
"378","Hammersley.Kettle","Blacknose Dace",69,3.05,0.484299839,1.838849091,"7/15/2025","020502030104 Hammersley Fork"
"379","Hammersley.Kettle","Blacknose Dace",73,3.63,0.559906625,1.86332286,"7/15/2025","020502030104 Hammersley Fork"
"380","Hammersley.Kettle","Blacknose Dace",75,3.65,0.562292864,1.875061263,"7/15/2025","020502030104 Hammersley Fork"
"381","Hammersley.Kettle","Blacknose Dace",45,0.79,-0.102372909,1.653212514,"7/15/2025","020502030104 Hammersley Fork"
"382","Hammersley.Kettle","Blacknose Dace",72,3.57,0.552668216,1.857332496,"7/15/2025","020502030104 Hammersley Fork"
"383","Hammersley.Kettle","Blacknose Dace",62,2.31,0.36361198,1.792391689,"7/15/2025","020502030104 Hammersley Fork"
"384","Hammersley.Kettle","Blacknose Dace",46,0.8,-0.096910013,1.662757832,"7/11/2022","020502030104 Hammersley Fork"
"385","Hammersley.Kettle","Blacknose Dace",63,2.2,0.342422681,1.799340549,"7/11/2022","020502030104 Hammersley Fork"
"386","Hammersley.Kettle","Blacknose Dace",62,2.16,0.334453751,1.792391689,"7/15/2025","020502030104 Hammersley Fork"
"387","Hammersley.Kettle","Blacknose Dace",61,2.32,0.365487985,1.785329835,"7/15/2025","020502030104 Hammersley Fork"
"388","Hammersley.Kettle","Blacknose Dace",47,0.94,-0.026872146,1.672097858,"7/15/2025","020502030104 Hammersley Fork"
"389","Hammersley.Kettle","Blacknose Dace",46,0.81,-0.091514981,1.662757832,"7/15/2025","020502030104 Hammersley Fork"
"390","Hammersley.Kettle","Blacknose Dace",71,2.98,0.474216264,1.851258349,"7/15/2025","020502030104 Hammersley Fork"
"391","Hammersley.Kettle","Blacknose Dace",75,4,0.602059991,1.875061263,"7/15/2025","020502030104 Hammersley Fork"
"392","Hammersley.Kettle","Blacknose Dace",62,2.4,0.380211242,1.792391689,"7/11/2022","020502030104 Hammersley Fork"
"393","Hammersley.Kettle","Blacknose Dace",51,1.2,0.079181246,1.707570176,"7/11/2022","020502030104 Hammersley Fork"
"394","Hammersley.Kettle","Blacknose Dace",47,0.9,-0.045757491,1.672097858,"7/11/2022","020502030104 Hammersley Fork"
"395","Hammersley.Kettle","Blacknose Dace",64,2.4,0.380211242,1.806179974,"7/11/2022","020502030104 Hammersley Fork"
"396","Hammersley.Kettle","Blacknose Dace",51,1.1,0.041392685,1.707570176,"7/11/2022","020502030104 Hammersley Fork"
"397","Hammersley.Kettle","Blacknose Dace",49,1.1,0.041392685,1.69019608,"7/11/2022","020502030104 Hammersley Fork"
"398","Hammersley.Kettle","Blacknose Dace",60,2,0.301029996,1.77815125,"7/11/2022","020502030104 Hammersley Fork"
"399","Hammersley.Kettle","Blacknose Dace",70,3,0.477121255,1.84509804,"7/11/2022","020502030104 Hammersley Fork"
"400","Hammersley.Kettle","Blacknose Dace",69,2.9,0.462397998,1.838849091,"7/11/2022","020502030104 Hammersley Fork"
"401","Hammersley.Kettle","Blacknose Dace",46,0.8,-0.096910013,1.662757832,"7/11/2022","020502030104 Hammersley Fork"
"402","Hammersley.Kettle","Blacknose Dace",60,2.1,0.322219295,1.77815125,"7/11/2022","020502030104 Hammersley Fork"
"403","Hammersley.Kettle","Blacknose Dace",41,0.5,-0.301029996,1.612783857,"7/11/2022","020502030104 Hammersley Fork"
"404","Hammersley.Kettle","Blacknose Dace",46,0.9,-0.045757491,1.662757832,"7/11/2022","020502030104 Hammersley Fork"
"405","Hammersley.Kettle","Blacknose Dace",69,3.3,0.51851394,1.838849091,"7/11/2022","020502030104 Hammersley Fork"
"406","Hammersley.Kettle","Blacknose Dace",62,2.1,0.322219295,1.792391689,"7/11/2022","020502030104 Hammersley Fork"
"407","Hammersley.Kettle","Blacknose Dace",47,0.9,-0.045757491,1.672097858,"7/11/2022","020502030104 Hammersley Fork"
"408","Hammersley.Kettle","Blacknose Dace",48,0.8,-0.096910013,1.681241237,"7/11/2022","020502030104 Hammersley Fork"
"409","Hammersley.Kettle","Blacknose Dace",53,1.3,0.113943352,1.72427587,"7/11/2022","020502030104 Hammersley Fork"
"410","Hammersley.Kettle","Blacknose Dace",68,3.2,0.505149978,1.832508913,"7/11/2022","020502030104 Hammersley Fork"
"411","Hammersley.Kettle","Blacknose Dace",51,1.1,0.041392685,1.707570176,"7/15/2025","020502030104 Hammersley Fork"
"412","Huckle.Loyalsock","Blacknose Dace",57,1.84,0.264817823,1.755874856,"6/23/2025","020502060503 Ogdonia Creek-Loyalsock Creek"
"413","Huckle.Loyalsock","Blacknose Dace",67,2.92,0.465382851,1.826074803,"6/23/2025","020502060503 Ogdonia Creek-Loyalsock Creek"
"414","Huckle.Loyalsock","Blacknose Dace",63,2.05,0.311753861,1.799340549,"6/23/2025","020502060503 Ogdonia Creek-Loyalsock Creek"
"415","LittleLyman.CrossFork","Blacknose Dace",49,0.7,-0.15490196,1.69019608,"7/17/2023","020502030103 Cross Fork"
"416","LittleLyman.CrossFork","Blacknose Dace",77,3.9,0.591064607,1.886490725,"7/17/2023","020502030103 Cross Fork"
"417","LittleLyman.CrossFork","Blacknose Dace",62,1.9,0.278753601,1.792391689,"7/17/2023","020502030103 Cross Fork"
"418","LittleLyman.CrossFork","Blacknose Dace",78,4.5,0.653212514,1.892094603,"7/17/2023","020502030103 Cross Fork"
"419","LittleLyman.CrossFork","Blacknose Dace",69,2.6,0.414973348,1.838849091,"7/17/2023","020502030103 Cross Fork"
"420","LittleLyman.CrossFork","Blacknose Dace",47,0.8,-0.096910013,1.672097858,"7/17/2023","020502030103 Cross Fork"
"421","LittleLyman.CrossFork","Blacknose Dace",63,2.2,0.342422681,1.799340549,"7/17/2023","020502030103 Cross Fork"
"422","LittleLyman.CrossFork","Blacknose Dace",75,3.5,0.544068044,1.875061263,"7/17/2023","020502030103 Cross Fork"
"423","LittleLyman.CrossFork","Blacknose Dace",45,0.8,-0.096910013,1.653212514,"7/17/2023","020502030103 Cross Fork"
"424","LittleLyman.CrossFork","Blacknose Dace",63,2.2,0.342422681,1.799340549,"7/17/2023","020502030103 Cross Fork"
"425","LittleLyman.CrossFork","Blacknose Dace",52,1.2,0.079181246,1.716003344,"7/17/2023","020502030103 Cross Fork"
"426","LittleLyman.CrossFork","Blacknose Dace",72,3.2,0.505149978,1.857332496,"7/17/2023","020502030103 Cross Fork"
"427","LittleLyman.CrossFork","Blacknose Dace",80,4.5,0.653212514,1.903089987,"7/17/2023","020502030103 Cross Fork"
"428","LittleLyman.CrossFork","Blacknose Dace",78,3.7,0.568201724,1.892094603,"7/17/2023","020502030103 Cross Fork"
"429","LittleLyman.CrossFork","Blacknose Dace",51,1.2,0.079181246,1.707570176,"7/17/2023","020502030103 Cross Fork"
"430","LittleLyman.CrossFork","Blacknose Dace",68,2.7,0.431363764,1.832508913,"7/17/2023","020502030103 Cross Fork"
"431","LittleLyman.CrossFork","Blacknose Dace",54,1.2,0.079181246,1.73239376,"7/17/2023","020502030103 Cross Fork"
"432","LittleLyman.CrossFork","Blacknose Dace",52,1.2,0.079181246,1.716003344,"7/17/2023","020502030103 Cross Fork"
"433","LittleLyman.CrossFork","Blacknose Dace",70,2.6,0.414973348,1.84509804,"7/17/2023","020502030103 Cross Fork"
"434","LittleLyman.CrossFork","Blacknose Dace",62,2.1,0.322219295,1.792391689,"7/17/2023","020502030103 Cross Fork"
"435","LittleLyman.CrossFork","Blacknose Dace",72,3.2,0.505149978,1.857332496,"7/17/2023","020502030103 Cross Fork"
"436","LittleLyman.CrossFork","Blacknose Dace",84,4.6,0.662757832,1.924279286,"7/17/2023","020502030103 Cross Fork"
"437","LittleLyman.CrossFork","Blacknose Dace",72,3.7,0.568201724,1.857332496,"7/17/2023","020502030103 Cross Fork"
"438","LittleLyman.CrossFork","Blacknose Dace",42,0.6,-0.22184875,1.62324929,"7/17/2023","020502030103 Cross Fork"
"439","LittleLyman.CrossFork","Blacknose Dace",78,4.1,0.612783857,1.892094603,"7/17/2023","020502030103 Cross Fork"
"440","LR0-FM-M","Blacknose Dace",49,1.02,0.008600172,1.69019608,"6/11/2024","020502061204 Limestone Run"
"441","LR0-FM-M","Blacknose Dace",64,2.42,0.383815366,1.806179974,"6/11/2024","020502061204 Limestone Run"
"442","LR0-FM-M","Blacknose Dace",54,1.26,0.100370545,1.73239376,"6/11/2024","020502061204 Limestone Run"
"443","LR0-FM-M","Blacknose Dace",68,2.45,0.389166084,1.832508913,"6/11/2024","020502061204 Limestone Run"
"444","LR0-FM-M","Blacknose Dace",61,2.17,0.336459734,1.785329835,"6/11/2024","020502061204 Limestone Run"
"445","LR0-FM-M","Blacknose Dace",69,2.55,0.40654018,1.838849091,"6/11/2024","020502061204 Limestone Run"
"446","LR0-FM-M","Blacknose Dace",70,2.49,0.396199347,1.84509804,"6/11/2024","020502061204 Limestone Run"
"447","LR0-FM-M","Blacknose Dace",53,1.34,0.127104798,1.72427587,"6/11/2024","020502061204 Limestone Run"
"448","LR0-FM-M","Blacknose Dace",63,2.26,0.354108439,1.799340549,"6/11/2024","020502061204 Limestone Run"
"449","LR0-FM-M","Blacknose Dace",53,1.18,0.071882007,1.72427587,"6/11/2024","020502061204 Limestone Run"
"450","LR0-FM-M","Blacknose Dace",59,2.06,0.31386722,1.770852012,"6/11/2024","020502061204 Limestone Run"
"451","LR0-FM-M","Blacknose Dace",66,2.46,0.390935107,1.819543936,"6/11/2024","020502061204 Limestone Run"
"452","LR0-FM-M","Blacknose Dace",67,2.84,0.45331834,1.826074803,"6/11/2024","020502061204 Limestone Run"
"453","LR0-FM-M","Blacknose Dace",62,2.02,0.305351369,1.792391689,"6/11/2024","020502061204 Limestone Run"
"454","LR0-FM-M","Blacknose Dace",61,2.07,0.315970345,1.785329835,"6/11/2024","020502061204 Limestone Run"
"455","LR0-FM-M","Blacknose Dace",69,2.72,0.434568904,1.838849091,"6/11/2024","020502061204 Limestone Run"
"456","LR0-FM-M","Blacknose Dace",62,2.43,0.385606274,1.792391689,"6/11/2024","020502061204 Limestone Run"
"457","LR0-FM-M","Blacknose Dace",70,3.06,0.485721426,1.84509804,"6/11/2024","020502061204 Limestone Run"
"458","LR0-FM-M","Blacknose Dace",62,2.4,0.380211242,1.792391689,"6/11/2024","020502061204 Limestone Run"
"459","LR0-FM-M","Blacknose Dace",66,2.11,0.324282455,1.819543936,"6/11/2024","020502061204 Limestone Run"
"460","LR0-FM-M","Blacknose Dace",75,3.63,0.559906625,1.875061263,"6/11/2024","020502061204 Limestone Run"
"461","LR0-FM-M","Blacknose Dace",65,2.73,0.436162647,1.812913357,"6/11/2024","020502061204 Limestone Run"
"462","LR0-FM-M","Blacknose Dace",60,1.81,0.257678575,1.77815125,"6/11/2024","020502061204 Limestone Run"
"463","LR0-FM-M","Blacknose Dace",65,2.57,0.409933123,1.812913357,"6/11/2024","020502061204 Limestone Run"
"464","LR0-FM-M","Blacknose Dace",53,1.61,0.206825876,1.72427587,"6/11/2024","020502061204 Limestone Run"
"465","LR0-FM-M","Blacknose Dace",51,1.12,0.049218023,1.707570176,"6/11/2024","020502061204 Limestone Run"
"466","LR0-FM-M","Blacknose Dace",67,2.84,0.45331834,1.826074803,"6/11/2024","020502061204 Limestone Run"
"467","LR0-FM-M","Blacknose Dace",50,1.09,0.037426498,1.698970004,"6/11/2024","020502061204 Limestone Run"
"468","LR0-FM-M","Blacknose Dace",64,3.07,0.487138375,1.806179974,"6/11/2024","020502061204 Limestone Run"
"469","LR0-PF","Blacknose Dace",58,1.81,0.257678575,1.763427994,"6/17/2024","020502061204 Limestone Run"
"470","LR0-PF","Blacknose Dace",76,4.68,0.670245853,1.880813592,"6/17/2024","020502061204 Limestone Run"
"471","LR0-PF","Blacknose Dace",78,4.78,0.679427897,1.892094603,"6/17/2024","020502061204 Limestone Run"
"472","LR0-PF","Blacknose Dace",46,0.96,-0.017728767,1.662757832,"6/17/2024","020502061204 Limestone Run"
"473","LR0-PF","Blacknose Dace",70,3.51,0.545307116,1.84509804,"6/17/2024","020502061204 Limestone Run"
"474","LR0-PF","Blacknose Dace",74,3.33,0.522444234,1.86923172,"6/17/2024","020502061204 Limestone Run"
"475","LR0-PF","Blacknose Dace",57,1.89,0.276461804,1.755874856,"6/17/2024","020502061204 Limestone Run"
"476","LR0-PF","Blacknose Dace",44,0.7,-0.15490196,1.643452676,"6/17/2024","020502061204 Limestone Run"
"477","LR0-PF","Blacknose Dace",81,3.99,0.600972896,1.908485019,"6/17/2024","020502061204 Limestone Run"
"478","LR0-PF","Blacknose Dace",50,1.15,0.06069784,1.698970004,"6/17/2024","020502061204 Limestone Run"
"479","LR0-PF","Blacknose Dace",35,0.45,-0.346787486,1.544068044,"6/17/2024","020502061204 Limestone Run"
"480","LR0-PF","Blacknose Dace",57,1.79,0.252853031,1.755874856,"6/17/2024","020502061204 Limestone Run"
"481","LR0-PF","Blacknose Dace",60,2.17,0.336459734,1.77815125,"6/17/2024","020502061204 Limestone Run"
"482","LR0-PF","Blacknose Dace",41,0.62,-0.207608311,1.612783857,"6/17/2024","020502061204 Limestone Run"
"483","LR0-PF","Blacknose Dace",81,5.26,0.720985744,1.908485019,"6/17/2024","020502061204 Limestone Run"
"484","LR0-PF","Blacknose Dace",68,3.15,0.498310554,1.832508913,"6/17/2024","020502061204 Limestone Run"
"485","LR0-PF","Blacknose Dace",47,0.87,-0.060480747,1.672097858,"6/17/2024","020502061204 Limestone Run"
"486","LR0-PF","Blacknose Dace",74,3.38,0.5289167,1.86923172,"6/17/2024","020502061204 Limestone Run"
"487","LR0-PF","Blacknose Dace",63,1.26,0.100370545,1.799340549,"6/17/2024","020502061204 Limestone Run"
"488","LR0-PF","Blacknose Dace",40,0.67,-0.173925197,1.602059991,"6/17/2024","020502061204 Limestone Run"
"489","LR0-PF","Blacknose Dace",66,2.98,0.474216264,1.819543936,"6/17/2024","020502061204 Limestone Run"
"490","LR0-PF","Blacknose Dace",62,2.31,0.36361198,1.792391689,"6/17/2024","020502061204 Limestone Run"
"491","LR0-PF","Blacknose Dace",69,2.87,0.457881897,1.838849091,"6/17/2024","020502061204 Limestone Run"
"492","LR0-PF","Blacknose Dace",65,2.85,0.45484486,1.812913357,"6/17/2024","020502061204 Limestone Run"
"493","LR0-PF","Blacknose Dace",59,1.84,0.264817823,1.770852012,"6/17/2024","020502061204 Limestone Run"
"494","LR0-PF","Blacknose Dace",61,1.45,0.161368002,1.785329835,"6/17/2024","020502061204 Limestone Run"
"495","LR0-PF","Blacknose Dace",78,4.58,0.660865478,1.892094603,"6/17/2024","020502061204 Limestone Run"
"496","LR0-PF","Blacknose Dace",74,2.13,0.328379603,1.86923172,"6/17/2024","020502061204 Limestone Run"
"497","LR0-PF","Blacknose Dace",71,3.46,0.539076099,1.851258349,"6/17/2024","020502061204 Limestone Run"
"498","LR0-PF","Blacknose Dace",60,1.85,0.267171728,1.77815125,"6/17/2024","020502061204 Limestone Run"
"499","LR0-SM","Blacknose Dace",70,3.2,0.505149978,1.84509804,"6/11/2024","020502061204 Limestone Run"
"500","LR0-SM","Blacknose Dace",47,0.94,-0.026872146,1.672097858,"6/11/2024","020502061204 Limestone Run"
"501","LR0-SM","Blacknose Dace",41,0.53,-0.27572413,1.612783857,"6/11/2024","020502061204 Limestone Run"
"502","LR0-SM","Blacknose Dace",34,0.3,-0.522878745,1.531478917,"6/11/2024","020502061204 Limestone Run"
"503","LR0-SM","Blacknose Dace",47,0.99,-0.004364805,1.672097858,"6/11/2024","020502061204 Limestone Run"
"504","LR0-SM","Blacknose Dace",45,0.81,-0.091514981,1.653212514,"6/11/2024","020502061204 Limestone Run"
"505","LR0-SM","Blacknose Dace",84,5.27,0.721810615,1.924279286,"6/11/2024","020502061204 Limestone Run"
"506","LR0-SM","Blacknose Dace",49,0.97,-0.013228266,1.69019608,"6/11/2024","020502061204 Limestone Run"
"507","LR0-SM","Blacknose Dace",38,0.47,-0.327902142,1.579783597,"6/11/2024","020502061204 Limestone Run"
"508","LR0-SM","Blacknose Dace",47,0.8,-0.096910013,1.672097858,"6/11/2024","020502061204 Limestone Run"
"509","LR0-SM","Blacknose Dace",34,0.34,-0.468521083,1.531478917,"6/11/2024","020502061204 Limestone Run"
"510","LR0-SM","Blacknose Dace",72,3.43,0.53529412,1.857332496,"6/11/2024","020502061204 Limestone Run"
"511","LR0-SM","Blacknose Dace",43,0.7,-0.15490196,1.633468456,"6/11/2024","020502061204 Limestone Run"
"512","LR0-SM","Blacknose Dace",61,2.13,0.328379603,1.785329835,"6/11/2024","020502061204 Limestone Run"
"513","LR0-SM","Blacknose Dace",63,2.45,0.389166084,1.799340549,"6/11/2024","020502061204 Limestone Run"
"514","LR0-SM","Blacknose Dace",39,0.52,-0.283996656,1.591064607,"6/11/2024","020502061204 Limestone Run"
"515","LR0-SM","Blacknose Dace",40,0.5,-0.301029996,1.602059991,"6/11/2024","020502061204 Limestone Run"
"516","LR0-SM","Blacknose Dace",42,0.72,-0.142667504,1.62324929,"6/11/2024","020502061204 Limestone Run"
"517","LR0-SM","Blacknose Dace",83,4.85,0.685741739,1.919078092,"6/11/2024","020502061204 Limestone Run"
"518","LR0-SM","Blacknose Dace",61,2,0.301029996,1.785329835,"6/11/2024","020502061204 Limestone Run"
"519","LR0-SM","Blacknose Dace",47,0.94,-0.026872146,1.672097858,"6/11/2024","020502061204 Limestone Run"
"520","LR0-SM","Blacknose Dace",42,0.54,-0.26760624,1.62324929,"6/11/2024","020502061204 Limestone Run"
"521","LR0-SM","Blacknose Dace",40,0.56,-0.251811973,1.602059991,"6/11/2024","020502061204 Limestone Run"
"522","LR0-SM","Blacknose Dace",42,0.62,-0.207608311,1.62324929,"6/11/2024","020502061204 Limestone Run"
"523","LR0-SM","Blacknose Dace",44,0.82,-0.086186148,1.643452676,"6/11/2024","020502061204 Limestone Run"
"524","LR0-SM","Blacknose Dace",45,0.84,-0.075720714,1.653212514,"6/11/2024","020502061204 Limestone Run"
"525","LR0-SM","Blacknose Dace",49,1.04,0.017033339,1.69019608,"6/11/2024","020502061204 Limestone Run"
"526","LR0-SM","Blacknose Dace",33,0.3,-0.522878745,1.51851394,"6/11/2024","020502061204 Limestone Run"
"527","LR0-SM","Blacknose Dace",46,0.89,-0.050609993,1.662757832,"6/11/2024","020502061204 Limestone Run"
"528","LR0-SM","Blacknose Dace",37,0.41,-0.387216143,1.568201724,"6/11/2024","020502061204 Limestone Run"
"529","LR0-SR","Blacknose Dace",50,2.27,0.356025857,1.698970004,"6/10/2024","020502061204 Limestone Run"
"530","LR0-SR","Blacknose Dace",71,3.14,0.496929648,1.851258349,"6/10/2024","020502061204 Limestone Run"
"531","LR0-SR","Blacknose Dace",85,5.25,0.720159303,1.929418926,"6/10/2024","020502061204 Limestone Run"
"532","LR0-SR","Blacknose Dace",55,1.57,0.195899652,1.740362689,"6/10/2024","020502061204 Limestone Run"
"533","LR0-SR","Blacknose Dace",67,2.55,0.40654018,1.826074803,"6/10/2024","020502061204 Limestone Run"
"534","LR0-SR","Blacknose Dace",66,2.02,0.305351369,1.819543936,"6/10/2024","020502061204 Limestone Run"
"535","LR0-SR","Blacknose Dace",51,1.1,0.041392685,1.707570176,"6/10/2024","020502061204 Limestone Run"
"536","LR0-SR","Blacknose Dace",65,2.33,0.367355921,1.812913357,"6/10/2024","020502061204 Limestone Run"
"537","LR0-SR","Blacknose Dace",63,2.4,0.380211242,1.799340549,"6/10/2024","020502061204 Limestone Run"
"538","LR0-SR","Blacknose Dace",84,5.62,0.749736316,1.924279286,"6/10/2024","020502061204 Limestone Run"
"539","LR0-SR","Blacknose Dace",49,1.12,0.049218023,1.69019608,"6/10/2024","020502061204 Limestone Run"
"540","LR0-SR","Blacknose Dace",48,1.09,0.037426498,1.681241237,"6/10/2024","020502061204 Limestone Run"
"541","LR0-SR","Blacknose Dace",51,1.3,0.113943352,1.707570176,"6/10/2024","020502061204 Limestone Run"
"542","LR0-SR","Blacknose Dace",63,2.63,0.419955748,1.799340549,"6/10/2024","020502061204 Limestone Run"
"543","LR0-SR","Blacknose Dace",65,2.74,0.437750563,1.812913357,"6/10/2024","020502061204 Limestone Run"
"544","LR0-SR","Blacknose Dace",68,3.07,0.487138375,1.832508913,"6/10/2024","020502061204 Limestone Run"
"545","LR0-SR","Blacknose Dace",56,1.33,0.123851641,1.748188027,"6/10/2024","020502061204 Limestone Run"
"546","LR0-SR","Blacknose Dace",70,2.75,0.439332694,1.84509804,"6/10/2024","020502061204 Limestone Run"
"547","LR0-SR","Blacknose Dace",54,1.12,0.049218023,1.73239376,"6/10/2024","020502061204 Limestone Run"
"548","LR0-SR","Blacknose Dace",71,3.29,0.517195898,1.851258349,"6/10/2024","020502061204 Limestone Run"
"549","LR0-SR","Blacknose Dace",49,1.04,0.017033339,1.69019608,"6/10/2024","020502061204 Limestone Run"
"550","LR0-SR","Blacknose Dace",67,2.46,0.390935107,1.826074803,"6/10/2024","020502061204 Limestone Run"
"551","LR0-SR","Blacknose Dace",68,2.06,0.31386722,1.832508913,"6/10/2024","020502061204 Limestone Run"
"552","LR0-SR","Blacknose Dace",70,3.43,0.53529412,1.84509804,"6/10/2024","020502061204 Limestone Run"
"553","LR0-SR","Blacknose Dace",52,1.43,0.155336037,1.716003344,"6/10/2024","020502061204 Limestone Run"
"554","LR0-SR","Blacknose Dace",67,2.59,0.413299764,1.826074803,"6/10/2024","020502061204 Limestone Run"
"555","LR0-SR","Blacknose Dace",46,0.99,-0.004364805,1.662757832,"6/10/2024","020502061204 Limestone Run"
"556","LR0-SR","Blacknose Dace",62,2.22,0.346352974,1.792391689,"6/10/2024","020502061204 Limestone Run"
"557","LR0-SR","Blacknose Dace",46,0.99,-0.004364805,1.662757832,"6/10/2024","020502061204 Limestone Run"
"558","LR0-SR","Blacknose Dace",66,2.46,0.390935107,1.819543936,"6/10/2024","020502061204 Limestone Run"
"559","LS0-RA","Blacknose Dace",59,1.8,0.255272505,1.770852012,"6/1/2022","020503010103 Little Shamokin Creek"
"560","LS0-RA","Blacknose Dace",80,4.9,0.69019608,1.903089987,"6/1/2022","020503010103 Little Shamokin Creek"
"561","LS0-RA","Blacknose Dace",62,2.6,0.414973348,1.792391689,"6/1/2022","020503010103 Little Shamokin Creek"
"562","LS0-RA","Blacknose Dace",55,1.8,0.255272505,1.740362689,"6/1/2022","020503010103 Little Shamokin Creek"
"563","LS0-RA","Blacknose Dace",50,1.3,0.113943352,1.698970004,"6/1/2022","020503010103 Little Shamokin Creek"
"564","LS0-RA","Blacknose Dace",42,0.6,-0.22184875,1.62324929,"6/1/2022","020503010103 Little Shamokin Creek"
"565","LS0-RA","Blacknose Dace",44,0.8,-0.096910013,1.643452676,"6/1/2022","020503010103 Little Shamokin Creek"
"566","LS0-RA","Blacknose Dace",45,0.8,-0.096910013,1.653212514,"6/1/2022","020503010103 Little Shamokin Creek"
"567","LS0-RA","Blacknose Dace",63,1.5,0.176091259,1.799340549,"6/1/2022","020503010103 Little Shamokin Creek"
"568","LS0-RA","Blacknose Dace",59,1.8,0.255272505,1.770852012,"6/1/2022","020503010103 Little Shamokin Creek"
"569","LS0-RA","Blacknose Dace",43,0.9,-0.045757491,1.633468456,"6/1/2022","020503010103 Little Shamokin Creek"
"570","LS0-RA","Blacknose Dace",60,2.2,0.342422681,1.77815125,"6/1/2022","020503010103 Little Shamokin Creek"
"571","LS0-RA","Blacknose Dace",58,1.7,0.230448921,1.763427994,"6/1/2022","020503010103 Little Shamokin Creek"
"572","LS0-RA","Blacknose Dace",43,0.9,-0.045757491,1.633468456,"6/1/2022","020503010103 Little Shamokin Creek"
"573","LS0-RA","Blacknose Dace",56,1.6,0.204119983,1.748188027,"6/1/2022","020503010103 Little Shamokin Creek"
"574","LS0-RA","Blacknose Dace",60,2.4,0.380211242,1.77815125,"6/1/2022","020503010103 Little Shamokin Creek"
"575","LS0-RA","Blacknose Dace",65,2.9,0.462397998,1.812913357,"6/1/2022","020503010103 Little Shamokin Creek"
"576","LS0-RA","Blacknose Dace",44,0.8,-0.096910013,1.643452676,"6/1/2022","020503010103 Little Shamokin Creek"
"577","LS0-RA","Blacknose Dace",53,1.7,0.230448921,1.72427587,"6/1/2022","020503010103 Little Shamokin Creek"
"578","LS0-RA","Blacknose Dace",49,1.1,0.041392685,1.69019608,"6/1/2022","020503010103 Little Shamokin Creek"
"579","LS0-RA","Blacknose Dace",50,1.4,0.146128036,1.698970004,"6/1/2022","020503010103 Little Shamokin Creek"
"580","LS0-RA","Blacknose Dace",55,1.5,0.176091259,1.740362689,"6/1/2022","020503010103 Little Shamokin Creek"
"581","LS0-RA","Blacknose Dace",45,0.9,-0.045757491,1.653212514,"6/1/2022","020503010103 Little Shamokin Creek"
"582","LS0-RA","Blacknose Dace",52,2.1,0.322219295,1.716003344,"6/1/2022","020503010103 Little Shamokin Creek"
"583","LS0-RA","Blacknose Dace",61,2.5,0.397940009,1.785329835,"6/1/2022","020503010103 Little Shamokin Creek"
"584","LS0-RA","Blacknose Dace",61,2.1,0.322219295,1.785329835,"6/1/2022","020503010103 Little Shamokin Creek"
"585","LS0-RA","Blacknose Dace",61,2.1,0.322219295,1.785329835,"6/1/2022","020503010103 Little Shamokin Creek"
"586","LS0-RA","Blacknose Dace",59,2.2,0.342422681,1.770852012,"6/1/2022","020503010103 Little Shamokin Creek"
"587","LS0-RA","Blacknose Dace",43,0.6,-0.22184875,1.633468456,"6/1/2022","020503010103 Little Shamokin Creek"
"588","LS0-RA","Blacknose Dace",60,1.9,0.278753601,1.77815125,"6/1/2022","020503010103 Little Shamokin Creek"
"589","LS0-RA","Blacknose Dace",65,3.1,0.491361694,1.812913357,"6/1/2022","020503010103 Little Shamokin Creek"
"590","LS0-RA","Blacknose Dace",55,1.8,0.255272505,1.740362689,"6/1/2022","020503010103 Little Shamokin Creek"
"591","LS0-RA","Blacknose Dace",55,2,0.301029996,1.740362689,"6/1/2022","020503010103 Little Shamokin Creek"
"592","LS0-RA","Blacknose Dace",67,2.4,0.380211242,1.826074803,"6/1/2022","020503010103 Little Shamokin Creek"
"593","LS0-RA","Blacknose Dace",42,0.6,-0.22184875,1.62324929,"6/1/2022","020503010103 Little Shamokin Creek"
"594","LS0-RA","Blacknose Dace",57,2.1,0.322219295,1.755874856,"6/1/2022","020503010103 Little Shamokin Creek"
"595","LS0-RA","Blacknose Dace",43,0.9,-0.045757491,1.633468456,"6/1/2022","020503010103 Little Shamokin Creek"
"596","LS0-RA","Blacknose Dace",60,1.9,0.278753601,1.77815125,"6/1/2022","020503010103 Little Shamokin Creek"
"597","LS0-RA","Blacknose Dace",57,1.8,0.255272505,1.755874856,"6/1/2022","020503010103 Little Shamokin Creek"
"598","LS0-RA","Blacknose Dace",60,2.1,0.322219295,1.77815125,"6/1/2022","020503010103 Little Shamokin Creek"
"599","LS0-RA","Blacknose Dace",56,1.9,0.278753601,1.748188027,"6/1/2022","020503010103 Little Shamokin Creek"
"600","LS0-RA","Blacknose Dace",59,2.1,0.322219295,1.770852012,"6/1/2022","020503010103 Little Shamokin Creek"
"601","LS0-RA","Blacknose Dace",42,0.7,-0.15490196,1.62324929,"6/1/2022","020503010103 Little Shamokin Creek"
"602","LS0-RA","Blacknose Dace",59,2.4,0.380211242,1.770852012,"6/1/2022","020503010103 Little Shamokin Creek"
"603","LS0-RA","Blacknose Dace",61,2.1,0.322219295,1.785329835,"6/1/2022","020503010103 Little Shamokin Creek"
"604","LS0-RA","Blacknose Dace",43,0.9,-0.045757491,1.633468456,"6/1/2022","020503010103 Little Shamokin Creek"
"605","LS0-RA","Blacknose Dace",59,2.5,0.397940009,1.770852012,"6/1/2022","020503010103 Little Shamokin Creek"
"606","LS0-RA","Blacknose Dace",55,2.2,0.342422681,1.740362689,"6/1/2022","020503010103 Little Shamokin Creek"
"607","LS0-RA","Blacknose Dace",67,2.9,0.462397998,1.826074803,"6/1/2022","020503010103 Little Shamokin Creek"
"608","LS0-RA","Blacknose Dace",52,1.2,0.079181246,1.716003344,"6/1/2022","020503010103 Little Shamokin Creek"
"609","LS0-RA","Blacknose Dace",78,5.4,0.73239376,1.892094603,"6/1/2022","020503010103 Little Shamokin Creek"
"610","LS0-RA","Blacknose Dace",46,1,0,1.662757832,"6/1/2022","020503010103 Little Shamokin Creek"
"611","LS0-RA","Blacknose Dace",59,2.1,0.322219295,1.770852012,"6/1/2022","020503010103 Little Shamokin Creek"
"612","LS0-RA","Blacknose Dace",69,4.5,0.653212514,1.838849091,"6/1/2022","020503010103 Little Shamokin Creek"
"613","LS0-RA","Blacknose Dace",56,2.2,0.342422681,1.748188027,"6/1/2022","020503010103 Little Shamokin Creek"
"614","LS0-RA","Blacknose Dace",60,2.3,0.361727836,1.77815125,"6/1/2022","020503010103 Little Shamokin Creek"
"615","LS0-RA","Blacknose Dace",45,0.8,-0.096910013,1.653212514,"6/1/2022","020503010103 Little Shamokin Creek"
"616","LS0-RA","Blacknose Dace",44,0.8,-0.096910013,1.643452676,"6/1/2022","020503010103 Little Shamokin Creek"
"617","LS0-RA","Blacknose Dace",57,1.7,0.230448921,1.755874856,"6/1/2022","020503010103 Little Shamokin Creek"
"618","LS0-RA","Blacknose Dace",49,1,0,1.69019608,"6/1/2022","020503010103 Little Shamokin Creek"
"619","LS0-RA","Blacknose Dace",46,0.9,-0.045757491,1.662757832,"6/1/2022","020503010103 Little Shamokin Creek"
"620","LS0-RA","Blacknose Dace",44,0.9,-0.045757491,1.643452676,"6/1/2022","020503010103 Little Shamokin Creek"
"621","LS0-RA","Blacknose Dace",46,1,0,1.662757832,"6/1/2022","020503010103 Little Shamokin Creek"
"622","LS0-RA","Blacknose Dace",41,0.6,-0.22184875,1.612783857,"6/1/2022","020503010103 Little Shamokin Creek"
"623","LS0-RA","Blacknose Dace",44,0.7,-0.15490196,1.643452676,"6/1/2022","020503010103 Little Shamokin Creek"
"624","LS0-RA","Blacknose Dace",42,0.7,-0.15490196,1.62324929,"6/1/2022","020503010103 Little Shamokin Creek"
"625","LS0-RA","Blacknose Dace",44,0.6,-0.22184875,1.643452676,"6/1/2022","020503010103 Little Shamokin Creek"
"626","LU0-EL","Blacknose Dace",73,3.9,0.591064607,1.86332286,"6/2/2025","020502061206 Miller Run-Limestone Run"
"627","LU0-EL","Blacknose Dace",68,2.9,0.462397998,1.832508913,"6/2/2025","020502061206 Miller Run-Limestone Run"
"628","LU0-EL","Blacknose Dace",54,1.33,0.123851641,1.73239376,"6/2/2025","020502061206 Miller Run-Limestone Run"
"629","LU0-EL","Blacknose Dace",48,0.98,-0.008773924,1.681241237,"6/2/2025","020502061206 Miller Run-Limestone Run"
"630","LU0-EL","Blacknose Dace",69,3.2,0.505149978,1.838849091,"6/2/2025","020502061206 Miller Run-Limestone Run"
"631","LU0-EL","Blacknose Dace",49,1.14,0.056904851,1.69019608,"6/2/2025","020502061206 Miller Run-Limestone Run"
"632","LU0-EL","Blacknose Dace",78,4.2,0.62324929,1.892094603,"6/2/2025","020502061206 Miller Run-Limestone Run"
"633","LU0-EL","Blacknose Dace",70,3.51,0.545307116,1.84509804,"6/2/2025","020502061206 Miller Run-Limestone Run"
"634","LU0-EL","Blacknose Dace",72,3.7,0.568201724,1.857332496,"6/2/2025","020502061206 Miller Run-Limestone Run"
"635","LU0-EL","Blacknose Dace",79,3.92,0.593286067,1.897627091,"6/2/2025","020502061206 Miller Run-Limestone Run"
"636","LU0-EL","Blacknose Dace",49,1.13,0.053078443,1.69019608,"6/2/2025","020502061206 Miller Run-Limestone Run"
"637","LU0-EL","Blacknose Dace",74,3.23,0.509202522,1.86923172,"6/2/2025","020502061206 Miller Run-Limestone Run"
"638","LU0-EL","Blacknose Dace",75,3.4,0.531478917,1.875061263,"6/2/2025","020502061206 Miller Run-Limestone Run"
"639","LU0-EL","Blacknose Dace",40,0.63,-0.200659451,1.602059991,"6/2/2025","020502061206 Miller Run-Limestone Run"
"640","LU0-EL","Blacknose Dace",72,3.8,0.579783597,1.857332496,"6/2/2025","020502061206 Miller Run-Limestone Run"
"641","LU0-EL","Blacknose Dace",69,2.62,0.418301291,1.838849091,"6/2/2025","020502061206 Miller Run-Limestone Run"
"642","LU0-EL","Blacknose Dace",75,3.8,0.579783597,1.875061263,"6/2/2025","020502061206 Miller Run-Limestone Run"
"643","LU0-EL","Blacknose Dace",80,4.5,0.653212514,1.903089987,"6/2/2025","020502061206 Miller Run-Limestone Run"
"644","LU0-EL","Blacknose Dace",67,2.88,0.459392488,1.826074803,"6/2/2025","020502061206 Miller Run-Limestone Run"
"645","LU0-EL","Blacknose Dace",77,3.6,0.556302501,1.886490725,"6/2/2025","020502061206 Miller Run-Limestone Run"
"646","LU0-EL","Blacknose Dace",50,1.09,0.037426498,1.698970004,"6/2/2025","020502061206 Miller Run-Limestone Run"
"647","LU0-EL","Blacknose Dace",75,3.77,0.57634135,1.875061263,"6/2/2025","020502061206 Miller Run-Limestone Run"
"648","LU0-EL","Blacknose Dace",65,2.33,0.367355921,1.812913357,"6/2/2025","020502061206 Miller Run-Limestone Run"
"649","LU0-EL","Blacknose Dace",69,3.8,0.579783597,1.838849091,"6/2/2025","020502061206 Miller Run-Limestone Run"
"650","LU0-EL","Blacknose Dace",49,0.97,-0.013228266,1.69019608,"6/2/2025","020502061206 Miller Run-Limestone Run"
"651","LU0-EL","Blacknose Dace",52,1.26,0.100370545,1.716003344,"6/2/2025","020502061206 Miller Run-Limestone Run"
"652","LU0-EL","Blacknose Dace",78,3.8,0.579783597,1.892094603,"6/2/2025","020502061206 Miller Run-Limestone Run"
"653","LU0-EL","Blacknose Dace",68,2.75,0.439332694,1.832508913,"6/2/2025","020502061206 Miller Run-Limestone Run"
"654","LU0-EL","Blacknose Dace",77,3.5,0.544068044,1.886490725,"6/2/2025","020502061206 Miller Run-Limestone Run"
"655","LU0-EL","Blacknose Dace",75,3.8,0.579783597,1.875061263,"6/2/2025","020502061206 Miller Run-Limestone Run"
"656","MillCreek.Loyalsock","Blacknose Dace",65,2.8,0.447158031,1.812913357,"6/27/2022","020502060503 Ogdonia Creek-Loyalsock Creek"
"657","MillCreek.Loyalsock","Blacknose Dace",59,3.3,0.51851394,1.770852012,"6/27/2022","020502060503 Ogdonia Creek-Loyalsock Creek"
"658","MillCreek.Loyalsock","Blacknose Dace",56,1.7,0.230448921,1.748188027,"6/27/2022","020502060503 Ogdonia Creek-Loyalsock Creek"
"659","MillCreek.Loyalsock","Blacknose Dace",51,1.6,0.204119983,1.707570176,"6/27/2022","020502060503 Ogdonia Creek-Loyalsock Creek"
"660","MillCreek.Loyalsock","Blacknose Dace",59,1.9,0.278753601,1.770852012,"6/27/2022","020502060503 Ogdonia Creek-Loyalsock Creek"
"661","MillCreek.Loyalsock","Blacknose Dace",80,5.2,0.716003344,1.903089987,"6/27/2022","020502060503 Ogdonia Creek-Loyalsock Creek"
"662","MillCreek.Loyalsock","Blacknose Dace",69,3.2,0.505149978,1.838849091,"6/27/2022","020502060503 Ogdonia Creek-Loyalsock Creek"
"663","MillCreek.Loyalsock","Blacknose Dace",52,1.6,0.204119983,1.716003344,"6/27/2022","020502060503 Ogdonia Creek-Loyalsock Creek"
"664","MillCreek.Loyalsock","Blacknose Dace",66,2.7,0.431363764,1.819543936,"6/27/2022","020502060503 Ogdonia Creek-Loyalsock Creek"
"665","MillCreek.Loyalsock","Blacknose Dace",59,2.1,0.322219295,1.770852012,"6/27/2022","020502060503 Ogdonia Creek-Loyalsock Creek"
"666","MillCreek.Loyalsock","Blacknose Dace",65,2.5,0.397940009,1.812913357,"6/27/2022","020502060503 Ogdonia Creek-Loyalsock Creek"
"667","MillCreek.Loyalsock","Blacknose Dace",59,1.8,0.255272505,1.770852012,"6/27/2022","020502060503 Ogdonia Creek-Loyalsock Creek"
"668","MillCreek.Loyalsock","Blacknose Dace",80,4.1,0.612783857,1.903089987,"6/27/2022","020502060503 Ogdonia Creek-Loyalsock Creek"
"669","MillCreek.Loyalsock","Blacknose Dace",60,2,0.301029996,1.77815125,"6/27/2022","020502060503 Ogdonia Creek-Loyalsock Creek"
"670","MillCreek.Loyalsock","Blacknose Dace",80,4.9,0.69019608,1.903089987,"6/27/2022","020502060503 Ogdonia Creek-Loyalsock Creek"
"671","MillCreek.Loyalsock","Blacknose Dace",59,2,0.301029996,1.770852012,"6/27/2022","020502060503 Ogdonia Creek-Loyalsock Creek"
"672","MillCreek.Loyalsock","Blacknose Dace",50,1.3,0.113943352,1.698970004,"6/27/2022","020502060503 Ogdonia Creek-Loyalsock Creek"
"673","MillCreek.Loyalsock","Blacknose Dace",59,2,0.301029996,1.770852012,"6/27/2022","020502060503 Ogdonia Creek-Loyalsock Creek"
"674","MillCreek.Loyalsock","Blacknose Dace",72,3.6,0.556302501,1.857332496,"6/27/2022","020502060503 Ogdonia Creek-Loyalsock Creek"
"675","MillCreek.Loyalsock","Blacknose Dace",61,2.2,0.342422681,1.785329835,"6/27/2022","020502060503 Ogdonia Creek-Loyalsock Creek"
"676","MillCreek.Loyalsock","Blacknose Dace",58,1.56,0.193124598,1.763427994,"6/23/2025","020502060503 Ogdonia Creek-Loyalsock Creek"
"677","MillCreek.Loyalsock","Blacknose Dace",62,1.9,0.278753601,1.792391689,"6/23/2025","020502060503 Ogdonia Creek-Loyalsock Creek"
"678","MillCreek.Loyalsock","Blacknose Dace",45,0.65,-0.187086643,1.653212514,"6/23/2025","020502060503 Ogdonia Creek-Loyalsock Creek"
"679","MillCreek.Loyalsock","Blacknose Dace",43,0.59,-0.229147988,1.633468456,"6/23/2025","020502060503 Ogdonia Creek-Loyalsock Creek"
"680","MillCreek.Loyalsock","Blacknose Dace",73,3.48,0.541579244,1.86332286,"6/23/2025","020502060503 Ogdonia Creek-Loyalsock Creek"
"681","MillCreek.Loyalsock","Blacknose Dace",71,2.9,0.462397998,1.851258349,"6/23/2025","020502060503 Ogdonia Creek-Loyalsock Creek"
"682","MillCreek.Loyalsock","Blacknose Dace",73,3.23,0.509202522,1.86332286,"6/23/2025","020502060503 Ogdonia Creek-Loyalsock Creek"
"683","MillCreek.Loyalsock","Blacknose Dace",55,1.6,0.204119983,1.740362689,"6/27/2022","020502060503 Ogdonia Creek-Loyalsock Creek"
"684","MillCreek.Loyalsock","Blacknose Dace",67,2.8,0.447158031,1.826074803,"6/27/2022","020502060503 Ogdonia Creek-Loyalsock Creek"
"685","MillCreek.Loyalsock","Blacknose Dace",58,1.8,0.255272505,1.763427994,"6/27/2022","020502060503 Ogdonia Creek-Loyalsock Creek"
"686","MillCreek.Loyalsock","Blacknose Dace",40,0.49,-0.30980392,1.602059991,"6/23/2025","020502060503 Ogdonia Creek-Loyalsock Creek"
"687","MillCreek.Loyalsock","Blacknose Dace",66,2.21,0.344392274,1.819543936,"6/23/2025","020502060503 Ogdonia Creek-Loyalsock Creek"
"688","MillCreek.Loyalsock","Blacknose Dace",65,2.19,0.340444115,1.812913357,"6/23/2025","020502060503 Ogdonia Creek-Loyalsock Creek"
"689","MillCreek.Loyalsock","Blacknose Dace",63,2.04,0.309630167,1.799340549,"6/23/2025","020502060503 Ogdonia Creek-Loyalsock Creek"
"690","MillCreek.Loyalsock","Blacknose Dace",75,3.89,0.589949601,1.875061263,"6/23/2025","020502060503 Ogdonia Creek-Loyalsock Creek"
"691","MillCreek.Loyalsock","Blacknose Dace",45,0.64,-0.193820026,1.653212514,"6/23/2025","020502060503 Ogdonia Creek-Loyalsock Creek"
"692","MillCreek.Loyalsock","Blacknose Dace",61,1.89,0.276461804,1.785329835,"6/23/2025","020502060503 Ogdonia Creek-Loyalsock Creek"
"693","MillCreek.Loyalsock","Blacknose Dace",76,3.81,0.580924976,1.880813592,"6/23/2025","020502060503 Ogdonia Creek-Loyalsock Creek"
"694","MillCreek.Loyalsock","Blacknose Dace",59,2.1,0.322219295,1.770852012,"6/27/2022","020502060503 Ogdonia Creek-Loyalsock Creek"
"695","MillCreek.Loyalsock","Blacknose Dace",61,2.3,0.361727836,1.785329835,"6/27/2022","020502060503 Ogdonia Creek-Loyalsock Creek"
"696","MillCreek.Loyalsock","Blacknose Dace",70,3.3,0.51851394,1.84509804,"6/27/2022","020502060503 Ogdonia Creek-Loyalsock Creek"
"697","MillCreek.Loyalsock","Blacknose Dace",62,2.3,0.361727836,1.792391689,"6/27/2022","020502060503 Ogdonia Creek-Loyalsock Creek"
"698","MillCreek.Loyalsock","Blacknose Dace",81,4.8,0.681241237,1.908485019,"6/27/2022","020502060503 Ogdonia Creek-Loyalsock Creek"
"699","MillCreek.Loyalsock","Blacknose Dace",57,1.8,0.255272505,1.755874856,"6/27/2022","020502060503 Ogdonia Creek-Loyalsock Creek"
"700","MillCreek.Loyalsock","Blacknose Dace",57,1.6,0.204119983,1.755874856,"6/27/2022","020502060503 Ogdonia Creek-Loyalsock Creek"
"701","MillCreek.Loyalsock","Blacknose Dace",68,2.78,0.444044796,1.832508913,"6/23/2025","020502060503 Ogdonia Creek-Loyalsock Creek"
"702","MillCreek.Loyalsock","Blacknose Dace",78,3.9,0.591064607,1.892094603,"6/23/2025","020502060503 Ogdonia Creek-Loyalsock Creek"
"703","MillCreek.Loyalsock","Blacknose Dace",67,2.43,0.385606274,1.826074803,"6/23/2025","020502060503 Ogdonia Creek-Loyalsock Creek"
"704","MillCreek.Loyalsock","Blacknose Dace",51,1.05,0.021189299,1.707570176,"6/23/2025","020502060503 Ogdonia Creek-Loyalsock Creek"
"705","MillCreek.Loyalsock","Blacknose Dace",55,1.42,0.152288344,1.740362689,"6/23/2025","020502060503 Ogdonia Creek-Loyalsock Creek"
"706","MillCreek.Loyalsock","Blacknose Dace",70,2.94,0.46834733,1.84509804,"6/23/2025","020502060503 Ogdonia Creek-Loyalsock Creek"
"707","MillCreek.Loyalsock","Blacknose Dace",54,1.32,0.120573931,1.73239376,"6/23/2025","020502060503 Ogdonia Creek-Loyalsock Creek"
"708","MillCreek.Loyalsock","Blacknose Dace",52,1.09,0.037426498,1.716003344,"6/23/2025","020502060503 Ogdonia Creek-Loyalsock Creek"
"709","MillCreek.Loyalsock","Blacknose Dace",63,2.06,0.31386722,1.799340549,"6/23/2025","020502060503 Ogdonia Creek-Loyalsock Creek"
"710","MillCreek.Loyalsock","Blacknose Dace",56,1.49,0.173186268,1.748188027,"6/23/2025","020502060503 Ogdonia Creek-Loyalsock Creek"
"711","MillCreek.Loyalsock","Blacknose Dace",51,1.12,0.049218023,1.707570176,"6/23/2025","020502060503 Ogdonia Creek-Loyalsock Creek"
"712","MillCreek.Loyalsock","Blacknose Dace",55,1.28,0.10720997,1.740362689,"6/23/2025","020502060503 Ogdonia Creek-Loyalsock Creek"
"713","MillCreek.Loyalsock","Blacknose Dace",55,1.37,0.136720567,1.740362689,"6/23/2025","020502060503 Ogdonia Creek-Loyalsock Creek"
"714","MillCreek.Loyalsock","Blacknose Dace",59,1.64,0.214843848,1.770852012,"6/23/2025","020502060503 Ogdonia Creek-Loyalsock Creek"
"715","MillCreek.Loyalsock","Blacknose Dace",55,1.37,0.136720567,1.740362689,"6/23/2025","020502060503 Ogdonia Creek-Loyalsock Creek"
"716","Miller.LittleKettle","Blacknose Dace",74,3.5,0.544068044,1.86923172,"7/13/2023","020502030101 Little Kettle Creek"
"717","Ogdonia.LowerLoyalsock","Blacknose Dace",76,4,0.602059991,1.880813592,"6/26/2023","020502060503 Ogdonia Creek-Loyalsock Creek"
"718","Ogdonia.LowerLoyalsock","Blacknose Dace",76,3.5,0.544068044,1.880813592,"6/26/2023","020502060503 Ogdonia Creek-Loyalsock Creek"
"719","Ogdonia.LowerLoyalsock","Blacknose Dace",71,2.8,0.447158031,1.851258349,"6/26/2023","020502060503 Ogdonia Creek-Loyalsock Creek"
"720","Ogdonia.LowerLoyalsock","Blacknose Dace",63,2.4,0.380211242,1.799340549,"6/26/2023","020502060503 Ogdonia Creek-Loyalsock Creek"
"721","PC0-SS","Blacknose Dace",69,3.1,0.491361694,1.838849091,"6/8/2022","020503010202 Voneida Run-Pine Creek"
"722","PC0-SS","Blacknose Dace",65,2.5,0.397940009,1.812913357,"6/8/2022","020503010202 Voneida Run-Pine Creek"
"723","PC0-SS","Blacknose Dace",57,1.4,0.146128036,1.755874856,"6/8/2022","020503010202 Voneida Run-Pine Creek"
"724","PC0-SS","Blacknose Dace",58,1.6,0.204119983,1.763427994,"6/8/2022","020503010202 Voneida Run-Pine Creek"
"725","PC0-SS","Blacknose Dace",69,3.2,0.505149978,1.838849091,"6/8/2022","020503010202 Voneida Run-Pine Creek"
"726","PC0-SS","Blacknose Dace",56,1.8,0.255272505,1.748188027,"6/8/2022","020503010202 Voneida Run-Pine Creek"
"727","PC0-SS","Blacknose Dace",70,3.3,0.51851394,1.84509804,"6/8/2022","020503010202 Voneida Run-Pine Creek"
"728","PC0-SS","Blacknose Dace",69,3.3,0.51851394,1.838849091,"6/8/2022","020503010202 Voneida Run-Pine Creek"
"729","PC0-SS","Blacknose Dace",72,4.2,0.62324929,1.857332496,"6/8/2022","020503010202 Voneida Run-Pine Creek"
"730","PC0-SS","Blacknose Dace",64,2.4,0.380211242,1.806179974,"6/8/2022","020503010202 Voneida Run-Pine Creek"
"731","PC0-SS","Blacknose Dace",58,1.9,0.278753601,1.763427994,"6/8/2022","020503010202 Voneida Run-Pine Creek"
"732","PC0-SS","Blacknose Dace",66,2.7,0.431363764,1.819543936,"6/8/2022","020503010202 Voneida Run-Pine Creek"
"733","PC0-SS","Blacknose Dace",56,1.5,0.176091259,1.748188027,"6/8/2022","020503010202 Voneida Run-Pine Creek"
"734","PC0-SS","Blacknose Dace",75,4,0.602059991,1.875061263,"6/8/2022","020503010202 Voneida Run-Pine Creek"
"735","PC0-SS","Blacknose Dace",68,2.9,0.462397998,1.832508913,"6/8/2022","020503010202 Voneida Run-Pine Creek"
"736","PC0-SS","Blacknose Dace",62,2.2,0.342422681,1.792391689,"6/8/2022","020503010202 Voneida Run-Pine Creek"
"737","PC0-SS","Blacknose Dace",76,4.3,0.633468456,1.880813592,"6/8/2022","020503010202 Voneida Run-Pine Creek"
"738","PC0-SS","Blacknose Dace",61,1.7,0.230448921,1.785329835,"6/8/2022","020503010202 Voneida Run-Pine Creek"
"739","PC0-SS","Blacknose Dace",55,1.6,0.204119983,1.740362689,"6/8/2022","020503010202 Voneida Run-Pine Creek"
"740","PC0-SS","Blacknose Dace",44,0.7,-0.15490196,1.643452676,"6/8/2022","020503010202 Voneida Run-Pine Creek"
"741","PC0-SS","Blacknose Dace",77,4.7,0.672097858,1.886490725,"6/8/2022","020503010202 Voneida Run-Pine Creek"
"742","PC0-SS","Blacknose Dace",54,1.4,0.146128036,1.73239376,"6/8/2022","020503010202 Voneida Run-Pine Creek"
"743","PC0-SS","Blacknose Dace",57,1.8,0.255272505,1.755874856,"6/8/2022","020503010202 Voneida Run-Pine Creek"
"744","PC0-SS","Blacknose Dace",72,3.4,0.531478917,1.857332496,"6/8/2022","020503010202 Voneida Run-Pine Creek"
"745","PC0-SS","Blacknose Dace",75,4.1,0.612783857,1.875061263,"6/8/2022","020503010202 Voneida Run-Pine Creek"
"746","PC0-SS","Blacknose Dace",57,1.5,0.176091259,1.755874856,"6/8/2022","020503010202 Voneida Run-Pine Creek"
"747","PC0-SS","Blacknose Dace",37,0.4,-0.397940009,1.568201724,"6/8/2022","020503010202 Voneida Run-Pine Creek"
"748","PC0-SS","Blacknose Dace",42,0.6,-0.22184875,1.62324929,"6/8/2022","020503010202 Voneida Run-Pine Creek"
"749","PC0-SS","Blacknose Dace",56,1.7,0.230448921,1.748188027,"6/8/2022","020503010202 Voneida Run-Pine Creek"
"750","PC0-SS","Blacknose Dace",69,3,0.477121255,1.838849091,"6/8/2022","020503010202 Voneida Run-Pine Creek"
"751","PK0-BP","Blacknose Dace",44,0.7,-0.15490196,1.643452676,"6/16/2025","020502060504 Plunketts Creek"
"752","PK0-BP","Blacknose Dace",62,2.19,0.340444115,1.792391689,"6/16/2025","020502060504 Plunketts Creek"
"753","PK0-BP","Blacknose Dace",33,0.27,-0.568636236,1.51851394,"6/16/2025","020502060504 Plunketts Creek"
"754","PK0-BP","Blacknose Dace",56,1.66,0.220108088,1.748188027,"6/16/2025","020502060504 Plunketts Creek"
"755","PK0-BP","Blacknose Dace",54,1.26,0.100370545,1.73239376,"6/16/2025","020502060504 Plunketts Creek"
"756","PK0-BP","Blacknose Dace",55,1.6,0.204119983,1.740362689,"6/16/2025","020502060504 Plunketts Creek"
"757","PK0-BP","Blacknose Dace",35,0.4,-0.397940009,1.544068044,"6/16/2025","020502060504 Plunketts Creek"
"758","PK0-BP","Blacknose Dace",38,0.5,-0.301029996,1.579783597,"6/16/2025","020502060504 Plunketts Creek"
"759","PK0-BP","Blacknose Dace",61,2.19,0.340444115,1.785329835,"6/16/2025","020502060504 Plunketts Creek"
"760","PK0-BP","Blacknose Dace",47,0.97,-0.013228266,1.672097858,"6/16/2025","020502060504 Plunketts Creek"
"761","PK0-BP","Blacknose Dace",46,0.9,-0.045757491,1.662757832,"6/16/2025","020502060504 Plunketts Creek"
"762","PK0-BP","Blacknose Dace",45,0.82,-0.086186148,1.653212514,"6/16/2025","020502060504 Plunketts Creek"
"763","PK0-BP","Blacknose Dace",34,0.3,-0.522878745,1.531478917,"6/16/2025","020502060504 Plunketts Creek"
"764","PK0-BP","Blacknose Dace",44,0.7,-0.15490196,1.643452676,"6/16/2025","020502060504 Plunketts Creek"
"765","PK0-BP","Blacknose Dace",76,3.9,0.591064607,1.880813592,"6/16/2025","020502060504 Plunketts Creek"
"766","PK0-BP","Blacknose Dace",56,1.59,0.201397124,1.748188027,"6/16/2025","020502060504 Plunketts Creek"
"767","PK0-BP","Blacknose Dace",41,0.64,-0.193820026,1.612783857,"6/16/2025","020502060504 Plunketts Creek"
"768","PK0-BP","Blacknose Dace",43,0.74,-0.13076828,1.633468456,"6/16/2025","020502060504 Plunketts Creek"
"769","PK0-BP","Blacknose Dace",43,0.7,-0.15490196,1.633468456,"6/16/2025","020502060504 Plunketts Creek"
"770","PK0-BP","Blacknose Dace",47,0.9,-0.045757491,1.672097858,"6/16/2025","020502060504 Plunketts Creek"
"771","PK0-BP","Blacknose Dace",42,0.6,-0.22184875,1.62324929,"6/16/2025","020502060504 Plunketts Creek"
"772","PK0-BP","Blacknose Dace",43,0.63,-0.200659451,1.633468456,"6/16/2025","020502060504 Plunketts Creek"
"773","PK0-BP","Blacknose Dace",46,0.9,-0.045757491,1.662757832,"6/16/2025","020502060504 Plunketts Creek"
"774","PK0-BP","Blacknose Dace",47,0.9,-0.045757491,1.672097858,"6/16/2025","020502060504 Plunketts Creek"
"775","PK0-BP","Blacknose Dace",49,0.88,-0.055517328,1.69019608,"6/16/2025","020502060504 Plunketts Creek"
"776","PK0-BP","Blacknose Dace",43,0.65,-0.187086643,1.633468456,"6/16/2025","020502060504 Plunketts Creek"
"777","PK0-BP","Blacknose Dace",44,0.7,-0.15490196,1.643452676,"6/16/2025","020502060504 Plunketts Creek"
"778","PK0-BP","Blacknose Dace",41,0.56,-0.251811973,1.612783857,"6/16/2025","020502060504 Plunketts Creek"
"779","PK0-BP","Blacknose Dace",47,0.96,-0.017728767,1.672097858,"6/16/2025","020502060504 Plunketts Creek"
"780","PK0-BP","Blacknose Dace",47,0.8,-0.096910013,1.672097858,"6/16/2025","020502060504 Plunketts Creek"
"781","PK0-BP","Blacknose Dace",46,0.8,-0.096910013,1.662757832,"6/25/2024","020502060504 Plunketts Creek"
"782","PK0-BP","Blacknose Dace",41,0.54,-0.26760624,1.612783857,"6/25/2024","020502060504 Plunketts Creek"
"783","PK0-BP","Blacknose Dace",65,2.35,0.371067862,1.812913357,"6/25/2024","020502060504 Plunketts Creek"
"784","PK0-BP","Blacknose Dace",44,0.68,-0.167491087,1.643452676,"6/25/2024","020502060504 Plunketts Creek"
"785","PK0-BP","Blacknose Dace",40,0.61,-0.214670165,1.602059991,"6/25/2024","020502060504 Plunketts Creek"
"786","PK0-BP","Blacknose Dace",52,1.3,0.113943352,1.716003344,"6/25/2024","020502060504 Plunketts Creek"
"787","PK0-BP","Blacknose Dace",70,2.99,0.475671188,1.84509804,"6/25/2024","020502060504 Plunketts Creek"
"788","PK0-BP","Blacknose Dace",61,2.07,0.315970345,1.785329835,"6/25/2024","020502060504 Plunketts Creek"
"789","PK0-BP","Blacknose Dace",74,3.59,0.555094449,1.86923172,"6/25/2024","020502060504 Plunketts Creek"
"790","PK0-BP","Blacknose Dace",66,2.3,0.361727836,1.819543936,"6/13/2023","020502060504 Plunketts Creek"
"791","PK0-BP","Blacknose Dace",59,1.6,0.204119983,1.770852012,"6/13/2023","020502060504 Plunketts Creek"
"792","PK0-BP","Blacknose Dace",63,2.2,0.342422681,1.799340549,"6/13/2023","020502060504 Plunketts Creek"
"793","PK0-BP","Blacknose Dace",60,2,0.301029996,1.77815125,"6/13/2023","020502060504 Plunketts Creek"
"794","PK0-BP","Blacknose Dace",66,2.5,0.397940009,1.819543936,"6/13/2023","020502060504 Plunketts Creek"
"795","PK0-BP","Blacknose Dace",64,2.2,0.342422681,1.806179974,"6/13/2023","020502060504 Plunketts Creek"
"796","PK0-BP","Blacknose Dace",77,4.4,0.643452676,1.886490725,"6/13/2023","020502060504 Plunketts Creek"
"797","PK0-BP","Blacknose Dace",58,2,0.301029996,1.763427994,"6/13/2023","020502060504 Plunketts Creek"
"798","PK0-BP","Blacknose Dace",60,1.9,0.278753601,1.77815125,"6/13/2023","020502060504 Plunketts Creek"
"799","PK0-BP","Blacknose Dace",57,1.6,0.204119983,1.755874856,"6/13/2023","020502060504 Plunketts Creek"
"800","PK0-BP","Blacknose Dace",57,1.6,0.204119983,1.755874856,"6/13/2023","020502060504 Plunketts Creek"
"801","PK0-BP","Blacknose Dace",71,2.8,0.447158031,1.851258349,"6/13/2023","020502060504 Plunketts Creek"
"802","PK0-BP","Blacknose Dace",64,2.2,0.342422681,1.806179974,"6/13/2023","020502060504 Plunketts Creek"
"803","PK0-BP","Blacknose Dace",47,0.8,-0.096910013,1.672097858,"6/13/2023","020502060504 Plunketts Creek"
"804","PK0-BP","Blacknose Dace",68,2.7,0.431363764,1.832508913,"6/13/2023","020502060504 Plunketts Creek"
"805","PK0-BP","Blacknose Dace",64,2.3,0.361727836,1.806179974,"6/13/2023","020502060504 Plunketts Creek"
"806","PK0-BP","Blacknose Dace",57,1.8,0.255272505,1.755874856,"6/13/2023","020502060504 Plunketts Creek"
"807","PK0-BP","Blacknose Dace",55,1.5,0.176091259,1.740362689,"6/13/2023","020502060504 Plunketts Creek"
"808","PK0-BP","Blacknose Dace",73,3.6,0.556302501,1.86332286,"6/13/2023","020502060504 Plunketts Creek"
"809","PK0-BP","Blacknose Dace",59,1.6,0.204119983,1.770852012,"6/13/2023","020502060504 Plunketts Creek"
"810","PK0-BP","Blacknose Dace",78,3.7,0.568201724,1.892094603,"6/13/2023","020502060504 Plunketts Creek"
"811","PK0-BP","Blacknose Dace",63,2.37,0.374748346,1.799340549,"6/25/2024","020502060504 Plunketts Creek"
"812","PK0-BP","Blacknose Dace",61,2.89,0.460897843,1.785329835,"6/25/2024","020502060504 Plunketts Creek"
"813","PK0-BP","Blacknose Dace",47,0.95,-0.022276395,1.672097858,"6/25/2024","020502060504 Plunketts Creek"
"814","PK0-BP","Blacknose Dace",51,1.78,0.250420002,1.707570176,"6/25/2024","020502060504 Plunketts Creek"
"815","PK0-BP","Blacknose Dace",44,0.75,-0.124938737,1.643452676,"6/25/2024","020502060504 Plunketts Creek"
"816","PK0-BP","Blacknose Dace",76,4.43,0.646403726,1.880813592,"6/25/2024","020502060504 Plunketts Creek"
"817","PK0-BP","Blacknose Dace",52,1.12,0.049218023,1.716003344,"6/25/2024","020502060504 Plunketts Creek"
"818","PK0-BP","Blacknose Dace",48,0.96,-0.017728767,1.681241237,"6/25/2024","020502060504 Plunketts Creek"
"819","PK0-BP","Blacknose Dace",41,0.54,-0.26760624,1.612783857,"6/25/2024","020502060504 Plunketts Creek"
"820","PK0-BP","Blacknose Dace",65,2.65,0.423245874,1.812913357,"6/25/2024","020502060504 Plunketts Creek"
"821","PK0-BP","Blacknose Dace",52,1.14,0.056904851,1.716003344,"6/25/2024","020502060504 Plunketts Creek"
"822","PK0-BP","Blacknose Dace",61,2.31,0.36361198,1.785329835,"6/25/2024","020502060504 Plunketts Creek"
"823","PK0-BP","Blacknose Dace",76,4.31,0.63447727,1.880813592,"6/25/2024","020502060504 Plunketts Creek"
"824","PK0-BP","Blacknose Dace",60,2.17,0.336459734,1.77815125,"6/25/2024","020502060504 Plunketts Creek"
"825","PK0-BP","Blacknose Dace",46,0.77,-0.113509275,1.662757832,"6/25/2024","020502060504 Plunketts Creek"
"826","PK0-BP","Blacknose Dace",55,1.56,0.193124598,1.740362689,"6/25/2024","020502060504 Plunketts Creek"
"827","PK0-BP","Blacknose Dace",67,2.4,0.380211242,1.826074803,"6/13/2023","020502060504 Plunketts Creek"
"828","PK0-BP","Blacknose Dace",56,1.5,0.176091259,1.748188027,"6/13/2023","020502060504 Plunketts Creek"
"829","PK0-BP","Blacknose Dace",64,2.69,0.42975228,1.806179974,"6/25/2024","020502060504 Plunketts Creek"
"830","PK0-BP","Blacknose Dace",60,1.7,0.230448921,1.77815125,"6/13/2023","020502060504 Plunketts Creek"
"831","PK0-BP","Blacknose Dace",59,1.7,0.230448921,1.770852012,"6/13/2023","020502060504 Plunketts Creek"
"832","PK0-BP","Blacknose Dace",53,1.3,0.113943352,1.72427587,"6/13/2023","020502060504 Plunketts Creek"
"833","PK0-BP","Blacknose Dace",33,0.3,-0.522878745,1.51851394,"6/13/2023","020502060504 Plunketts Creek"
"834","PK0-BP","Blacknose Dace",51,0.9,-0.045757491,1.707570176,"6/13/2023","020502060504 Plunketts Creek"
"835","PK0-BP","Blacknose Dace",60,2,0.301029996,1.77815125,"6/13/2023","020502060504 Plunketts Creek"
"836","PK0-BP","Blacknose Dace",57,1.5,0.176091259,1.755874856,"6/13/2023","020502060504 Plunketts Creek"
"837","PK0-BP","Blacknose Dace",69,3.17,0.501059262,1.838849091,"6/25/2024","020502060504 Plunketts Creek"
"838","PK0-BP","Blacknose Dace",49,0.97,-0.013228266,1.69019608,"6/25/2024","020502060504 Plunketts Creek"
"839","PK0-BP","Blacknose Dace",71,3.2,0.505149978,1.851258349,"6/25/2024","020502060504 Plunketts Creek"
"840","PK0-BP","Blacknose Dace",65,4.4,0.643452676,1.812913357,"6/25/2024","020502060504 Plunketts Creek"
"841","PK0-CH-W","Blacknose Dace",73,3.71,0.56937391,1.86332286,"6/18/2024","020502060504 Plunketts Creek"
"842","PK0-CH-W","Blacknose Dace",50,1.25,0.096910013,1.698970004,"6/10/2025","020502060504 Plunketts Creek"
"843","PK0-CH-W","Blacknose Dace",53,1.38,0.139879086,1.72427587,"6/10/2025","020502060504 Plunketts Creek"
"844","PK0-CH-W","Blacknose Dace",62,1.9,0.278753601,1.792391689,"6/10/2025","020502060504 Plunketts Creek"
"845","PK0-CH-W","Blacknose Dace",58,1.7,0.230448921,1.763427994,"6/10/2025","020502060504 Plunketts Creek"
"846","PK0-CH-W","Blacknose Dace",41,0.5,-0.301029996,1.612783857,"6/13/2023","020502060504 Plunketts Creek"
"847","PK0-CH-W","Blacknose Dace",46,0.9,-0.045757491,1.662757832,"6/13/2023","020502060504 Plunketts Creek"
"848","PK0-CH-W","Blacknose Dace",57,1.67,0.222716471,1.755874856,"6/10/2025","020502060504 Plunketts Creek"
"849","PK0-CH-W","Blacknose Dace",38,0.4,-0.397940009,1.579783597,"6/13/2023","020502060504 Plunketts Creek"
"850","PK0-CH-W","Blacknose Dace",40,0.6,-0.22184875,1.602059991,"6/13/2023","020502060504 Plunketts Creek"
"851","PK0-CH-W","Blacknose Dace",48,0.9,-0.045757491,1.681241237,"6/13/2023","020502060504 Plunketts Creek"
"852","PK0-CH-W","Blacknose Dace",42,0.5,-0.301029996,1.62324929,"6/13/2023","020502060504 Plunketts Creek"
"853","PK0-CH-W","Blacknose Dace",69,2.85,0.45484486,1.838849091,"6/10/2025","020502060504 Plunketts Creek"
"854","PK0-CH-W","Blacknose Dace",53,1.35,0.130333768,1.72427587,"6/10/2025","020502060504 Plunketts Creek"
"855","PK0-CH-W","Blacknose Dace",62,1.84,0.264817823,1.792391689,"6/10/2025","020502060504 Plunketts Creek"
"856","PK0-CH-W","Blacknose Dace",70,3.1,0.491361694,1.84509804,"6/10/2025","020502060504 Plunketts Creek"
"857","PK0-CH-W","Blacknose Dace",43,0.66,-0.180456064,1.633468456,"6/10/2025","020502060504 Plunketts Creek"
"858","PK0-CH-W","Blacknose Dace",57,1.29,0.11058971,1.755874856,"6/10/2025","020502060504 Plunketts Creek"
"859","PK0-CH-W","Blacknose Dace",54,1.24,0.093421685,1.73239376,"6/10/2025","020502060504 Plunketts Creek"
"860","PK0-CH-W","Blacknose Dace",72,3.04,0.482873584,1.857332496,"6/10/2025","020502060504 Plunketts Creek"
"861","PK0-CH-W","Blacknose Dace",55,1.44,0.158362492,1.740362689,"6/10/2025","020502060504 Plunketts Creek"
"862","PK0-CH-W","Blacknose Dace",55,1.53,0.184691431,1.740362689,"6/10/2025","020502060504 Plunketts Creek"
"863","PK0-CH-W","Blacknose Dace",51,0.9,-0.045757491,1.707570176,"6/10/2025","020502060504 Plunketts Creek"
"864","PK0-CH-W","Blacknose Dace",45,0.9,-0.045757491,1.653212514,"6/10/2025","020502060504 Plunketts Creek"
"865","PK0-CH-W","Blacknose Dace",47,0.8,-0.096910013,1.672097858,"6/10/2025","020502060504 Plunketts Creek"
"866","PK0-CH-W","Blacknose Dace",40,0.51,-0.292429824,1.602059991,"6/10/2025","020502060504 Plunketts Creek"
"867","PK0-CH-W","Blacknose Dace",56,1.6,0.204119983,1.748188027,"6/10/2025","020502060504 Plunketts Creek"
"868","PK0-CH-W","Blacknose Dace",60,1.64,0.214843848,1.77815125,"6/10/2025","020502060504 Plunketts Creek"
"869","PK0-CH-W","Blacknose Dace",45,0.7,-0.15490196,1.653212514,"6/21/2022","020502060504 Plunketts Creek"
"870","PK0-CH-W","Blacknose Dace",50,1.3,0.113943352,1.698970004,"6/21/2022","020502060504 Plunketts Creek"
"871","PK0-CH-W","Blacknose Dace",43,0.8,-0.096910013,1.633468456,"6/21/2022","020502060504 Plunketts Creek"
"872","PK0-CH-W","Blacknose Dace",45,0.8,-0.096910013,1.653212514,"6/21/2022","020502060504 Plunketts Creek"
"873","PK0-CH-W","Blacknose Dace",47,0.9,-0.045757491,1.672097858,"6/21/2022","020502060504 Plunketts Creek"
"874","PK0-CH-W","Blacknose Dace",50,1.1,0.041392685,1.698970004,"6/21/2022","020502060504 Plunketts Creek"
"875","PK0-CH-W","Blacknose Dace",43,0.7,-0.15490196,1.633468456,"6/21/2022","020502060504 Plunketts Creek"
"876","PK0-CH-W","Blacknose Dace",49,0.9,-0.045757491,1.69019608,"6/21/2022","020502060504 Plunketts Creek"
"877","PK0-CH-W","Blacknose Dace",59,1.35,0.130333768,1.770852012,"6/10/2025","020502060504 Plunketts Creek"
"878","PK0-CH-W","Blacknose Dace",45,0.8,-0.096910013,1.653212514,"6/21/2022","020502060504 Plunketts Creek"
"879","PK0-CH-W","Blacknose Dace",46,0.9,-0.045757491,1.662757832,"6/21/2022","020502060504 Plunketts Creek"
"880","PK0-CH-W","Blacknose Dace",41,0.5,-0.301029996,1.612783857,"6/21/2022","020502060504 Plunketts Creek"
"881","PK0-CH-W","Blacknose Dace",48,1,0,1.681241237,"6/21/2022","020502060504 Plunketts Creek"
"882","PK0-CH-W","Blacknose Dace",51,0.8,-0.096910013,1.707570176,"6/21/2022","020502060504 Plunketts Creek"
"883","PK0-CH-W","Blacknose Dace",49,1.1,0.041392685,1.69019608,"6/21/2022","020502060504 Plunketts Creek"
"884","PK0-CH-W","Blacknose Dace",44,0.7,-0.15490196,1.643452676,"6/13/2023","020502060504 Plunketts Creek"
"885","PK0-CH-W","Blacknose Dace",42,0.6,-0.22184875,1.62324929,"6/13/2023","020502060504 Plunketts Creek"
"886","PK0-CH-W","Blacknose Dace",75,4.3,0.633468456,1.875061263,"6/13/2023","020502060504 Plunketts Creek"
"887","PK0-CH-W","Blacknose Dace",40,0.6,-0.22184875,1.602059991,"6/13/2023","020502060504 Plunketts Creek"
"888","PK0-CH-W","Blacknose Dace",43,0.6,-0.22184875,1.633468456,"6/13/2023","020502060504 Plunketts Creek"
"889","PK0-CH-W","Blacknose Dace",42,0.6,-0.22184875,1.62324929,"6/13/2023","020502060504 Plunketts Creek"
"890","PK0-CH-W","Blacknose Dace",51,1.2,0.079181246,1.707570176,"6/13/2023","020502060504 Plunketts Creek"
"891","PK0-CH-W","Blacknose Dace",46,0.8,-0.096910013,1.662757832,"6/13/2023","020502060504 Plunketts Creek"
"892","PK0-CH-W","Blacknose Dace",41,0.5,-0.301029996,1.612783857,"6/13/2023","020502060504 Plunketts Creek"
"893","PK0-CH-W","Blacknose Dace",45,0.8,-0.096910013,1.653212514,"6/13/2023","020502060504 Plunketts Creek"
"894","PK0-CH-W","Blacknose Dace",42,0.6,-0.22184875,1.62324929,"6/13/2023","020502060504 Plunketts Creek"
"895","PK0-CH-W","Blacknose Dace",37,0.5,-0.301029996,1.568201724,"6/21/2022","020502060504 Plunketts Creek"
"896","PK0-CH-W","Blacknose Dace",45,0.7,-0.15490196,1.653212514,"6/21/2022","020502060504 Plunketts Creek"
"897","PK0-CH-W","Blacknose Dace",47,0.8,-0.096910013,1.672097858,"6/21/2022","020502060504 Plunketts Creek"
"898","PK0-CH-W","Blacknose Dace",44,0.7,-0.15490196,1.643452676,"6/21/2022","020502060504 Plunketts Creek"
"899","PK0-CH-W","Blacknose Dace",65,2.41,0.382017043,1.812913357,"6/18/2024","020502060504 Plunketts Creek"
"900","PK0-CH-W","Blacknose Dace",65,2.51,0.399673721,1.812913357,"6/18/2024","020502060504 Plunketts Creek"
"901","PK0-CH-W","Blacknose Dace",44,0.78,-0.107905397,1.643452676,"6/18/2024","020502060504 Plunketts Creek"
"902","PK0-CH-W","Blacknose Dace",49,1.1,0.041392685,1.69019608,"6/21/2022","020502060504 Plunketts Creek"
"903","PK0-CH-W","Blacknose Dace",42,0.4,-0.397940009,1.62324929,"6/21/2022","020502060504 Plunketts Creek"
"904","PK0-CH-W","Blacknose Dace",41,0.6,-0.22184875,1.612783857,"6/13/2023","020502060504 Plunketts Creek"
"905","PK0-CH-W","Blacknose Dace",44,0.6,-0.22184875,1.643452676,"6/13/2023","020502060504 Plunketts Creek"
"906","PK0-CH-W","Blacknose Dace",35,0.4,-0.397940009,1.544068044,"6/13/2023","020502060504 Plunketts Creek"
"907","PK0-CH-W","Blacknose Dace",36,0.3,-0.522878745,1.556302501,"6/21/2022","020502060504 Plunketts Creek"
"908","PK0-CH-W","Blacknose Dace",40,0.6,-0.22184875,1.602059991,"6/21/2022","020502060504 Plunketts Creek"
"909","PK0-CH-W","Blacknose Dace",36,0.5,-0.301029996,1.556302501,"6/21/2022","020502060504 Plunketts Creek"
"910","PK0-CH-W","Blacknose Dace",51,1.2,0.079181246,1.707570176,"6/21/2022","020502060504 Plunketts Creek"
"911","PK0-CH-W","Blacknose Dace",54,1.5,0.176091259,1.73239376,"6/21/2022","020502060504 Plunketts Creek"
"912","PK0-CH-W","Blacknose Dace",54,1.3,0.113943352,1.73239376,"6/21/2022","020502060504 Plunketts Creek"
"913","PK0-CH-W","Blacknose Dace",40,0.6,-0.22184875,1.602059991,"6/21/2022","020502060504 Plunketts Creek"
"914","PK0-CH-W","Blacknose Dace",51,1.2,0.079181246,1.707570176,"6/21/2022","020502060504 Plunketts Creek"
"915","PK0-CH-W","Blacknose Dace",51,1.04,0.017033339,1.707570176,"6/18/2024","020502060504 Plunketts Creek"
"916","PK0-CH-W","Blacknose Dace",66,2.6,0.414973348,1.819543936,"6/18/2024","020502060504 Plunketts Creek"
"917","PK0-CH-W","Blacknose Dace",56,1.61,0.206825876,1.748188027,"6/18/2024","020502060504 Plunketts Creek"
"918","PK0-CH-W","Blacknose Dace",34,0.38,-0.420216403,1.531478917,"6/18/2024","020502060504 Plunketts Creek"
"919","PK0-CH-W","Blacknose Dace",43,0.6,-0.22184875,1.633468456,"6/13/2023","020502060504 Plunketts Creek"
"920","PK0-CH-W","Blacknose Dace",44,0.7,-0.15490196,1.643452676,"6/13/2023","020502060504 Plunketts Creek"
"921","PK0-CH-W","Blacknose Dace",66,2.6,0.414973348,1.819543936,"6/13/2023","020502060504 Plunketts Creek"
"922","PK0-CH-W","Blacknose Dace",42,0.7,-0.15490196,1.62324929,"6/13/2023","020502060504 Plunketts Creek"
"923","PK0-CH-W","Blacknose Dace",42,0.5,-0.301029996,1.62324929,"6/13/2023","020502060504 Plunketts Creek"
"924","PK0-CH-W","Blacknose Dace",44,0.7,-0.15490196,1.643452676,"6/13/2023","020502060504 Plunketts Creek"
"925","PK0-CH-W","Blacknose Dace",59,1.93,0.285557309,1.770852012,"6/18/2024","020502060504 Plunketts Creek"
"926","PK0-CH-W","Blacknose Dace",44,0.56,-0.251811973,1.643452676,"6/18/2024","020502060504 Plunketts Creek"
"927","PK0-CH-W","Blacknose Dace",46,0.86,-0.065501549,1.662757832,"6/18/2024","020502060504 Plunketts Creek"
"928","PK0-CH-W","Blacknose Dace",61,2.32,0.365487985,1.785329835,"6/18/2024","020502060504 Plunketts Creek"
"929","PK0-CH-W","Blacknose Dace",52,1.35,0.130333768,1.716003344,"6/18/2024","020502060504 Plunketts Creek"
"930","PK0-CH-W","Blacknose Dace",62,2.05,0.311753861,1.792391689,"6/18/2024","020502060504 Plunketts Creek"
"931","PK0-CH-W","Blacknose Dace",71,3.59,0.555094449,1.851258349,"6/18/2024","020502060504 Plunketts Creek"
"932","PK0-CH-W","Blacknose Dace",44,0.74,-0.13076828,1.643452676,"6/18/2024","020502060504 Plunketts Creek"
"933","PK0-CH-W","Blacknose Dace",46,0.85,-0.070581074,1.662757832,"6/18/2024","020502060504 Plunketts Creek"
"934","PK0-CH-W","Blacknose Dace",50,1.4,0.146128036,1.698970004,"6/21/2022","020502060504 Plunketts Creek"
"935","PK0-CH-W","Blacknose Dace",44,0.6,-0.22184875,1.643452676,"6/13/2023","020502060504 Plunketts Creek"
"936","PK0-CH-W","Blacknose Dace",42,0.7,-0.15490196,1.62324929,"6/13/2023","020502060504 Plunketts Creek"
"937","PK0-CH-W","Blacknose Dace",40,0.5,-0.301029996,1.602059991,"6/13/2023","020502060504 Plunketts Creek"
"938","PK0-CH-W","Blacknose Dace",40,0.5,-0.301029996,1.602059991,"6/13/2023","020502060504 Plunketts Creek"
"939","PK0-CH-W","Blacknose Dace",51,1.18,0.071882007,1.707570176,"6/18/2024","020502060504 Plunketts Creek"
"940","PK0-CH-W","Blacknose Dace",43,0.61,-0.214670165,1.633468456,"6/18/2024","020502060504 Plunketts Creek"
"941","PK0-CH-W","Blacknose Dace",38,0.46,-0.337242168,1.579783597,"6/18/2024","020502060504 Plunketts Creek"
"942","PK0-CH-W","Blacknose Dace",58,1.68,0.225309282,1.763427994,"6/18/2024","020502060504 Plunketts Creek"
"943","PK0-CH-W","Blacknose Dace",61,2.07,0.315970345,1.785329835,"6/18/2024","020502060504 Plunketts Creek"
"944","PK0-CH-W","Blacknose Dace",45,0.8,-0.096910013,1.653212514,"6/21/2022","020502060504 Plunketts Creek"
"945","PK0-CH-W","Blacknose Dace",57,1.7,0.230448921,1.755874856,"6/10/2025","020502060504 Plunketts Creek"
"946","PK0-CH-W","Blacknose Dace",56,1.6,0.204119983,1.748188027,"6/10/2025","020502060504 Plunketts Creek"
"947","PK0-CH-W","Blacknose Dace",46,0.82,-0.086186148,1.662757832,"6/18/2024","020502060504 Plunketts Creek"
"948","PK0-CH-W","Blacknose Dace",45,0.83,-0.080921908,1.653212514,"6/10/2025","020502060504 Plunketts Creek"
"949","PK0-CH-W","Blacknose Dace",59,1.91,0.281033367,1.770852012,"6/10/2025","020502060504 Plunketts Creek"
"950","PK0-CH-W","Blacknose Dace",51,1.24,0.093421685,1.707570176,"6/10/2025","020502060504 Plunketts Creek"
"951","PK0-CH-W","Blacknose Dace",55,1.52,0.181843588,1.740362689,"6/10/2025","020502060504 Plunketts Creek"
"952","PK0-CH-W","Blacknose Dace",65,2.38,0.376576957,1.812913357,"6/18/2024","020502060504 Plunketts Creek"
"953","PK0-CH-W","Blacknose Dace",41,0.58,-0.236572006,1.612783857,"6/18/2024","020502060504 Plunketts Creek"
"954","PK0-CH-W","Blacknose Dace",54,1.75,0.243038049,1.73239376,"6/18/2024","020502060504 Plunketts Creek"
"955","PK0-CH-W","Blacknose Dace",47,1,0,1.672097858,"6/10/2025","020502060504 Plunketts Creek"
"956","PK0-CH-W","Blacknose Dace",47,0.89,-0.050609993,1.672097858,"6/18/2024","020502060504 Plunketts Creek"
"957","PK0-CH-W","Blacknose Dace",50,1.2,0.079181246,1.698970004,"6/10/2025","020502060504 Plunketts Creek"
"958","PK0-CH-W","Blacknose Dace",65,2.82,0.450249108,1.812913357,"6/18/2024","020502060504 Plunketts Creek"
"959","PK0-CH-W","Blacknose Dace",50,1.15,0.06069784,1.698970004,"6/18/2024","020502060504 Plunketts Creek"
"960","PK0-CH-W","Blacknose Dace",39,0.55,-0.259637311,1.591064607,"6/18/2024","020502060504 Plunketts Creek"
"961","PK0-KC","Blacknose Dace",55,1.65,0.217483944,1.740362689,"6/16/2025","020502060504 Plunketts Creek"
"962","PK0-KC","Blacknose Dace",59,2.03,0.307496038,1.770852012,"6/16/2025","020502060504 Plunketts Creek"
"963","PK0-KC","Blacknose Dace",59,1.96,0.292256071,1.770852012,"6/16/2025","020502060504 Plunketts Creek"
"964","PK0-KC","Blacknose Dace",62,2.33,0.367355921,1.792391689,"6/16/2025","020502060504 Plunketts Creek"
"965","PK0-KC","Blacknose Dace",67,2.77,0.442479769,1.826074803,"6/16/2025","020502060504 Plunketts Creek"
"966","PK0-KC","Blacknose Dace",40,0.49,-0.30980392,1.602059991,"6/16/2025","020502060504 Plunketts Creek"
"967","PK0-KC","Blacknose Dace",60,1.94,0.28780173,1.77815125,"6/16/2025","020502060504 Plunketts Creek"
"968","PK0-KC","Blacknose Dace",42,0.6,-0.22184875,1.62324929,"6/21/2022","020502060504 Plunketts Creek"
"969","PK0-KC","Blacknose Dace",42,0.63,-0.200659451,1.62324929,"6/16/2025","020502060504 Plunketts Creek"
"970","PK0-KC","Blacknose Dace",42,0.6,-0.22184875,1.62324929,"6/16/2025","020502060504 Plunketts Creek"
"971","PK0-KC","Blacknose Dace",53,1.53,0.184691431,1.72427587,"6/16/2025","020502060504 Plunketts Creek"
"972","PK0-KC","Blacknose Dace",44,0.7,-0.15490196,1.643452676,"6/16/2025","020502060504 Plunketts Creek"
"973","PK0-KC","Blacknose Dace",36,0.42,-0.37675071,1.556302501,"6/16/2025","020502060504 Plunketts Creek"
"974","PK0-KC","Blacknose Dace",61,2.03,0.307496038,1.785329835,"6/16/2025","020502060504 Plunketts Creek"
"975","PK0-KC","Blacknose Dace",41,0.58,-0.236572006,1.612783857,"6/16/2025","020502060504 Plunketts Creek"
"976","PK0-KC","Blacknose Dace",61,2.34,0.369215857,1.785329835,"6/16/2025","020502060504 Plunketts Creek"
"977","PK0-KC","Blacknose Dace",47,0.9,-0.045757491,1.672097858,"6/21/2022","020502060504 Plunketts Creek"
"978","PK0-KC","Blacknose Dace",54,1.48,0.170261715,1.73239376,"6/20/2024","020502060504 Plunketts Creek"
"979","PK0-KC","Blacknose Dace",71,3.1,0.491361694,1.851258349,"6/21/2022","020502060504 Plunketts Creek"
"980","PK0-KC","Blacknose Dace",46,0.9,-0.045757491,1.662757832,"6/21/2022","020502060504 Plunketts Creek"
"981","PK0-KC","Blacknose Dace",53,1.3,0.113943352,1.72427587,"6/21/2022","020502060504 Plunketts Creek"
"982","PK0-KC","Blacknose Dace",54,1.3,0.113943352,1.73239376,"6/21/2022","020502060504 Plunketts Creek"
"983","PK0-KC","Blacknose Dace",37,0.43,-0.366531544,1.568201724,"6/16/2025","020502060504 Plunketts Creek"
"984","PK0-KC","Blacknose Dace",57,1.63,0.212187604,1.755874856,"6/16/2025","020502060504 Plunketts Creek"
"985","PK0-KC","Blacknose Dace",38,0.47,-0.327902142,1.579783597,"6/16/2025","020502060504 Plunketts Creek"
"986","PK0-KC","Blacknose Dace",39,0.48,-0.318758763,1.591064607,"6/16/2025","020502060504 Plunketts Creek"
"987","PK0-KC","Blacknose Dace",67,3.2,0.505149978,1.826074803,"6/21/2022","020502060504 Plunketts Creek"
"988","PK0-KC","Blacknose Dace",36,0.6,-0.22184875,1.556302501,"6/15/2023","020502060504 Plunketts Creek"
"989","PK0-KC","Blacknose Dace",69,2.7,0.431363764,1.838849091,"6/15/2023","020502060504 Plunketts Creek"
"990","PK0-KC","Blacknose Dace",45,0.8,-0.096910013,1.653212514,"6/20/2024","020502060504 Plunketts Creek"
"991","PK0-KC","Blacknose Dace",45,0.81,-0.091514981,1.653212514,"6/20/2024","020502060504 Plunketts Creek"
"992","PK0-KC","Blacknose Dace",59,1.9,0.278753601,1.770852012,"6/21/2022","020502060504 Plunketts Creek"
"993","PK0-KC","Blacknose Dace",75,4.1,0.612783857,1.875061263,"6/21/2022","020502060504 Plunketts Creek"
"994","PK0-KC","Blacknose Dace",34,0.36,-0.443697499,1.531478917,"6/16/2025","020502060504 Plunketts Creek"
"995","PK0-KC","Blacknose Dace",36,0.44,-0.356547324,1.556302501,"6/16/2025","020502060504 Plunketts Creek"
"996","PK0-KC","Blacknose Dace",61,2.1,0.322219295,1.785329835,"6/16/2025","020502060504 Plunketts Creek"
"997","PK0-KC","Blacknose Dace",64,2.18,0.338456494,1.806179974,"6/16/2025","020502060504 Plunketts Creek"
"998","PK0-KC","Blacknose Dace",56,1.81,0.257678575,1.748188027,"6/16/2025","020502060504 Plunketts Creek"
"999","PK0-KC","Blacknose Dace",70,2.94,0.46834733,1.84509804,"6/16/2025","020502060504 Plunketts Creek"
"1000","PK0-KC","Blacknose Dace",62,2.7,0.431363764,1.792391689,"6/15/2023","020502060504 Plunketts Creek"
"1001","PK0-KC","Blacknose Dace",61,2,0.301029996,1.785329835,"6/15/2023","020502060504 Plunketts Creek"
"1002","PK0-KC","Blacknose Dace",32,0.3,-0.522878745,1.505149978,"6/15/2023","020502060504 Plunketts Creek"
"1003","PK0-KC","Blacknose Dace",69,2.3,0.361727836,1.838849091,"6/15/2023","020502060504 Plunketts Creek"
"1004","PK0-KC","Blacknose Dace",55,1.7,0.230448921,1.740362689,"6/15/2023","020502060504 Plunketts Creek"
"1005","PK0-KC","Blacknose Dace",55,1.4,0.146128036,1.740362689,"6/21/2022","020502060504 Plunketts Creek"
"1006","PK0-KC","Blacknose Dace",65,2.4,0.380211242,1.812913357,"6/21/2022","020502060504 Plunketts Creek"
"1007","PK0-KC","Blacknose Dace",67,3.4,0.531478917,1.826074803,"6/21/2022","020502060504 Plunketts Creek"
"1008","PK0-KC","Blacknose Dace",61,1.9,0.278753601,1.785329835,"6/21/2022","020502060504 Plunketts Creek"
"1009","PK0-KC","Blacknose Dace",74,4.02,0.604226053,1.86923172,"6/20/2024","020502060504 Plunketts Creek"
"1010","PK0-KC","Blacknose Dace",53,1.2,0.079181246,1.72427587,"6/20/2024","020502060504 Plunketts Creek"
"1011","PK0-KC","Blacknose Dace",52,1.07,0.029383778,1.716003344,"6/20/2024","020502060504 Plunketts Creek"
"1012","PK0-KC","Blacknose Dace",55,1.6,0.204119983,1.740362689,"6/21/2022","020502060504 Plunketts Creek"
"1013","PK0-KC","Blacknose Dace",72,3.7,0.568201724,1.857332496,"6/21/2022","020502060504 Plunketts Creek"
"1014","PK0-KC","Blacknose Dace",63,2,0.301029996,1.799340549,"6/21/2022","020502060504 Plunketts Creek"
"1015","PK0-KC","Blacknose Dace",59,2.2,0.342422681,1.770852012,"6/21/2022","020502060504 Plunketts Creek"
"1016","PK0-KC","Blacknose Dace",60,1.9,0.278753601,1.77815125,"6/21/2022","020502060504 Plunketts Creek"
"1017","PK0-KC","Blacknose Dace",50,1,0,1.698970004,"6/21/2022","020502060504 Plunketts Creek"
"1018","PK0-KC","Blacknose Dace",70,3.1,0.491361694,1.84509804,"6/21/2022","020502060504 Plunketts Creek"
"1019","PK0-KC","Blacknose Dace",50,1,0,1.698970004,"6/21/2022","020502060504 Plunketts Creek"
"1020","PK0-KC","Blacknose Dace",56,2.1,0.322219295,1.748188027,"6/21/2022","020502060504 Plunketts Creek"
"1021","PK0-KC","Blacknose Dace",54,1.5,0.176091259,1.73239376,"6/21/2022","020502060504 Plunketts Creek"
"1022","PK0-KC","Blacknose Dace",68,3,0.477121255,1.832508913,"6/21/2022","020502060504 Plunketts Creek"
"1023","PK0-KC","Blacknose Dace",68,3.12,0.494154594,1.832508913,"6/20/2024","020502060504 Plunketts Creek"
"1024","PK0-KC","Blacknose Dace",43,0.64,-0.193820026,1.633468456,"6/20/2024","020502060504 Plunketts Creek"
"1025","PK0-KC","Blacknose Dace",53,1.39,0.1430148,1.72427587,"6/20/2024","020502060504 Plunketts Creek"
"1026","PK0-KC","Blacknose Dace",62,2.31,0.36361198,1.792391689,"6/20/2024","020502060504 Plunketts Creek"
"1027","PK0-KC","Blacknose Dace",47,0.95,-0.022276395,1.672097858,"6/20/2024","020502060504 Plunketts Creek"
"1028","PK0-KC","Blacknose Dace",34,0.33,-0.48148606,1.531478917,"6/20/2024","020502060504 Plunketts Creek"
"1029","PK0-KC","Blacknose Dace",40,0.53,-0.27572413,1.602059991,"6/20/2024","020502060504 Plunketts Creek"
"1030","PK0-KC","Blacknose Dace",52,1.26,0.100370545,1.716003344,"6/20/2024","020502060504 Plunketts Creek"
"1031","PK0-KC","Blacknose Dace",54,1.35,0.130333768,1.73239376,"6/20/2024","020502060504 Plunketts Creek"
"1032","PK0-KC","Blacknose Dace",71,4.11,0.613841822,1.851258349,"6/20/2024","020502060504 Plunketts Creek"
"1033","PK0-KC","Blacknose Dace",59,1.5,0.176091259,1.770852012,"6/15/2023","020502060504 Plunketts Creek"
"1034","PK0-KC","Blacknose Dace",68,2.4,0.380211242,1.832508913,"6/15/2023","020502060504 Plunketts Creek"
"1035","PK0-KC","Blacknose Dace",38,0.4,-0.397940009,1.579783597,"6/15/2023","020502060504 Plunketts Creek"
"1036","PK0-KC","Blacknose Dace",71,4.5,0.653212514,1.851258349,"6/15/2023","020502060504 Plunketts Creek"
"1037","PK0-KC","Blacknose Dace",55,1.7,0.230448921,1.740362689,"6/21/2022","020502060504 Plunketts Creek"
"1038","PK0-KC","Blacknose Dace",71,4.3,0.633468456,1.851258349,"6/21/2022","020502060504 Plunketts Creek"
"1039","PK0-KC","Blacknose Dace",47,1.02,0.008600172,1.672097858,"6/20/2024","020502060504 Plunketts Creek"
"1040","PK0-KC","Blacknose Dace",47,0.79,-0.102372909,1.672097858,"6/20/2024","020502060504 Plunketts Creek"
"1041","PK0-KC","Blacknose Dace",53,1.35,0.130333768,1.72427587,"6/20/2024","020502060504 Plunketts Creek"
"1042","PK0-KC","Blacknose Dace",52,1.35,0.130333768,1.716003344,"6/20/2024","020502060504 Plunketts Creek"
"1043","PK0-KC","Blacknose Dace",46,0.94,-0.026872146,1.662757832,"6/20/2024","020502060504 Plunketts Creek"
"1044","PK0-KC","Blacknose Dace",60,2.13,0.328379603,1.77815125,"6/16/2025","020502060504 Plunketts Creek"
"1045","PK0-KC","Blacknose Dace",50,1.07,0.029383778,1.698970004,"6/20/2024","020502060504 Plunketts Creek"
"1046","PK0-KC","Blacknose Dace",42,0.66,-0.180456064,1.62324929,"6/20/2024","020502060504 Plunketts Creek"
"1047","PK0-KC","Blacknose Dace",70,3.34,0.523746467,1.84509804,"6/20/2024","020502060504 Plunketts Creek"
"1048","PK0-KC","Blacknose Dace",42,0.76,-0.119186408,1.62324929,"6/20/2024","020502060504 Plunketts Creek"
"1049","PK0-KC","Blacknose Dace",50,1.8,0.255272505,1.698970004,"6/20/2024","020502060504 Plunketts Creek"
"1050","PK0-KC","Blacknose Dace",56,1.6,0.204119983,1.748188027,"6/21/2022","020502060504 Plunketts Creek"
"1051","PK0-KC","Blacknose Dace",45,0.7,-0.15490196,1.653212514,"6/21/2022","020502060504 Plunketts Creek"
"1052","PK0-KC","Blacknose Dace",56,1.7,0.230448921,1.748188027,"6/21/2022","020502060504 Plunketts Creek"
"1053","PK0-KC","Blacknose Dace",57,1.6,0.204119983,1.755874856,"6/21/2022","020502060504 Plunketts Creek"
"1054","PK0-KC","Blacknose Dace",58,1.94,0.28780173,1.763427994,"6/16/2025","020502060504 Plunketts Creek"
"1055","PK0-KC","Blacknose Dace",60,1.97,0.294466226,1.77815125,"6/16/2025","020502060504 Plunketts Creek"
"1056","PK0-KC","Blacknose Dace",39,0.52,-0.283996656,1.591064607,"6/16/2025","020502060504 Plunketts Creek"
"1057","PK0-KC","Blacknose Dace",48,1,0,1.681241237,"6/16/2025","020502060504 Plunketts Creek"
"1058","PK0-KC","Blacknose Dace",61,1.93,0.285557309,1.785329835,"6/20/2024","020502060504 Plunketts Creek"
"1059","PK0-KC","Blacknose Dace",39,0.52,-0.283996656,1.591064607,"6/20/2024","020502060504 Plunketts Creek"
"1060","PK0-KC","Blacknose Dace",64,2.3,0.361727836,1.806179974,"6/20/2024","020502060504 Plunketts Creek"
"1061","PK0-KC","Blacknose Dace",62,2.07,0.315970345,1.792391689,"6/20/2024","020502060504 Plunketts Creek"
"1062","PK0-KC","Blacknose Dace",65,2.4,0.380211242,1.812913357,"6/15/2023","020502060504 Plunketts Creek"
"1063","PK0-KC","Blacknose Dace",60,2.1,0.322219295,1.77815125,"6/15/2023","020502060504 Plunketts Creek"
"1064","PK0-RK","Blacknose Dace",45,0.9,-0.045757491,1.653212514,"6/18/2025","020502060504 Plunketts Creek"
"1065","PK0-RK","Blacknose Dace",69,2.95,0.469822016,1.838849091,"6/18/2025","020502060504 Plunketts Creek"
"1066","PK0-RK","Blacknose Dace",58,1.61,0.206825876,1.763427994,"6/18/2025","020502060504 Plunketts Creek"
"1067","PK0-RK","Blacknose Dace",51,1.25,0.096910013,1.707570176,"6/18/2025","020502060504 Plunketts Creek"
"1068","PK0-RK","Blacknose Dace",45,0.9,-0.045757491,1.653212514,"6/22/2022","020502060504 Plunketts Creek"
"1069","PK0-RK","Blacknose Dace",69,1.9,0.278753601,1.838849091,"6/22/2022","020502060504 Plunketts Creek"
"1070","PK0-RK","Blacknose Dace",42,0.63,-0.200659451,1.62324929,"6/18/2025","020502060504 Plunketts Creek"
"1071","PK0-RK","Blacknose Dace",59,1.9,0.278753601,1.770852012,"6/18/2025","020502060504 Plunketts Creek"
"1072","PK0-RK","Blacknose Dace",49,1,0,1.69019608,"6/22/2022","020502060504 Plunketts Creek"
"1073","PK0-RK","Blacknose Dace",53,1.3,0.113943352,1.72427587,"6/22/2022","020502060504 Plunketts Creek"
"1074","PK0-RK","Blacknose Dace",47,1,0,1.672097858,"6/22/2022","020502060504 Plunketts Creek"
"1075","PK0-RK","Blacknose Dace",64,2.1,0.322219295,1.806179974,"6/22/2022","020502060504 Plunketts Creek"
"1076","PK0-RK","Blacknose Dace",45,0.8,-0.096910013,1.653212514,"6/22/2022","020502060504 Plunketts Creek"
"1077","PK0-RK","Blacknose Dace",42,0.7,-0.15490196,1.62324929,"6/22/2022","020502060504 Plunketts Creek"
"1078","PK0-RK","Blacknose Dace",59,1.89,0.276461804,1.770852012,"6/18/2025","020502060504 Plunketts Creek"
"1079","PK0-RK","Blacknose Dace",65,2.45,0.389166084,1.812913357,"6/18/2025","020502060504 Plunketts Creek"
"1080","PK0-RK","Blacknose Dace",60,1.9,0.278753601,1.77815125,"6/22/2022","020502060504 Plunketts Creek"
"1081","PK0-RK","Blacknose Dace",50,1,0,1.698970004,"6/22/2022","020502060504 Plunketts Creek"
"1082","PK0-RK","Blacknose Dace",48,1,0,1.681241237,"6/22/2022","020502060504 Plunketts Creek"
"1083","PK0-RK","Blacknose Dace",39,0.6,-0.22184875,1.591064607,"6/22/2022","020502060504 Plunketts Creek"
"1084","PK0-RK","Blacknose Dace",44,0.7,-0.15490196,1.643452676,"6/22/2022","020502060504 Plunketts Creek"
"1085","PK0-RK","Blacknose Dace",63,2.3,0.361727836,1.799340549,"6/22/2022","020502060504 Plunketts Creek"
"1086","PK0-RK","Blacknose Dace",62,2,0.301029996,1.792391689,"6/22/2022","020502060504 Plunketts Creek"
"1087","PK0-RK","Blacknose Dace",52,1.2,0.079181246,1.716003344,"6/22/2022","020502060504 Plunketts Creek"
"1088","PK0-RK","Blacknose Dace",42,0.6,-0.22184875,1.62324929,"6/22/2022","020502060504 Plunketts Creek"
"1089","PK0-RK","Blacknose Dace",48,1.3,0.113943352,1.681241237,"6/22/2022","020502060504 Plunketts Creek"
"1090","PK0-RK","Blacknose Dace",51,1,0,1.707570176,"6/22/2022","020502060504 Plunketts Creek"
"1091","PK0-RK","Blacknose Dace",43,0.6,-0.22184875,1.633468456,"6/22/2022","020502060504 Plunketts Creek"
"1092","PK0-RK","Blacknose Dace",60,2,0.301029996,1.77815125,"6/22/2022","020502060504 Plunketts Creek"
"1093","PK0-RK","Blacknose Dace",51,1.1,0.041392685,1.707570176,"6/22/2022","020502060504 Plunketts Creek"
"1094","PK0-RK","Blacknose Dace",49,1,0,1.69019608,"6/22/2022","020502060504 Plunketts Creek"
"1095","PK0-RK","Blacknose Dace",46,0.8,-0.096910013,1.662757832,"6/22/2022","020502060504 Plunketts Creek"
"1096","PK0-RK","Blacknose Dace",47,1,0,1.672097858,"6/22/2022","020502060504 Plunketts Creek"
"1097","PK0-RK","Blacknose Dace",58,1.3,0.113943352,1.763427994,"6/22/2022","020502060504 Plunketts Creek"
"1098","PK0-RK","Blacknose Dace",48,1,0,1.681241237,"6/22/2022","020502060504 Plunketts Creek"
"1099","PK0-RK","Blacknose Dace",63,2.27,0.356025857,1.799340549,"6/18/2025","020502060504 Plunketts Creek"
"1100","PK0-RK","Blacknose Dace",50,1.08,0.033423755,1.698970004,"6/18/2025","020502060504 Plunketts Creek"
"1101","PK0-RK","Blacknose Dace",55,1.56,0.193124598,1.740362689,"6/18/2025","020502060504 Plunketts Creek"
"1102","PK0-RK","Blacknose Dace",54,1.55,0.190331698,1.73239376,"6/18/2025","020502060504 Plunketts Creek"
"1103","PK0-RK","Blacknose Dace",48,1.07,0.029383778,1.681241237,"6/18/2025","020502060504 Plunketts Creek"
"1104","PK0-RK","Blacknose Dace",43,0.75,-0.124938737,1.633468456,"6/18/2025","020502060504 Plunketts Creek"
"1105","PK0-RK","Blacknose Dace",69,2.9,0.462397998,1.838849091,"6/22/2022","020502060504 Plunketts Creek"
"1106","PK0-RK","Blacknose Dace",48,1.1,0.041392685,1.681241237,"6/22/2022","020502060504 Plunketts Creek"
"1107","PK0-RK","Blacknose Dace",48,1.2,0.079181246,1.681241237,"6/22/2022","020502060504 Plunketts Creek"
"1108","PK0-RK","Blacknose Dace",49,1.27,0.103803721,1.69019608,"6/18/2025","020502060504 Plunketts Creek"
"1109","PK0-RK","Blacknose Dace",66,2.57,0.409933123,1.819543936,"6/18/2025","020502060504 Plunketts Creek"
"1110","PK0-RK","Blacknose Dace",65,2.69,0.42975228,1.812913357,"6/18/2025","020502060504 Plunketts Creek"
"1111","PK0-RK","Blacknose Dace",74,3.59,0.555094449,1.86923172,"6/18/2025","020502060504 Plunketts Creek"
"1112","PK0-RK","Blacknose Dace",44,0.74,-0.13076828,1.643452676,"6/18/2025","020502060504 Plunketts Creek"
"1113","PK0-RK","Blacknose Dace",58,1.55,0.190331698,1.763427994,"6/18/2025","020502060504 Plunketts Creek"
"1114","PK0-RK","Blacknose Dace",45,0.8,-0.096910013,1.653212514,"6/18/2025","020502060504 Plunketts Creek"
"1115","PK0-RK","Blacknose Dace",42,0.66,-0.180456064,1.62324929,"6/18/2025","020502060504 Plunketts Creek"
"1116","PK0-RK","Blacknose Dace",39,0.57,-0.244125144,1.591064607,"6/18/2025","020502060504 Plunketts Creek"
"1117","PK0-RK","Blacknose Dace",60,2.02,0.305351369,1.77815125,"6/18/2025","020502060504 Plunketts Creek"
"1118","PK0-RK","Blacknose Dace",59,1.98,0.29666519,1.770852012,"6/18/2025","020502060504 Plunketts Creek"
"1119","PK0-RK","Blacknose Dace",59,1.92,0.283301229,1.770852012,"6/18/2025","020502060504 Plunketts Creek"
"1120","PK0-RK","Blacknose Dace",59,2.01,0.303196057,1.770852012,"6/18/2025","020502060504 Plunketts Creek"
"1121","PK0-RK","Blacknose Dace",55,1.53,0.184691431,1.740362689,"6/18/2025","020502060504 Plunketts Creek"
"1122","PK0-RK","Blacknose Dace",55,1.55,0.190331698,1.740362689,"6/18/2025","020502060504 Plunketts Creek"
"1123","PK0-RK","Blacknose Dace",57,1.93,0.285557309,1.755874856,"6/18/2025","020502060504 Plunketts Creek"
"1124","PK0-RK","Blacknose Dace",54,1.55,0.190331698,1.73239376,"6/26/2024","020502060504 Plunketts Creek"
"1125","PK0-RK","Blacknose Dace",42,0.71,-0.148741651,1.62324929,"6/26/2024","020502060504 Plunketts Creek"
"1126","PK0-RK","Blacknose Dace",38,0.47,-0.327902142,1.579783597,"6/26/2024","020502060504 Plunketts Creek"
"1127","PK0-RK","Blacknose Dace",39,0.5,-0.301029996,1.591064607,"6/26/2024","020502060504 Plunketts Creek"
"1128","PK0-RK","Blacknose Dace",70,3.31,0.519827994,1.84509804,"6/26/2024","020502060504 Plunketts Creek"
"1129","PK0-RK","Blacknose Dace",56,1.6,0.204119983,1.748188027,"6/26/2024","020502060504 Plunketts Creek"
"1130","PK0-RK","Blacknose Dace",44,0.81,-0.091514981,1.643452676,"6/26/2024","020502060504 Plunketts Creek"
"1131","PK0-RK","Blacknose Dace",62,2.21,0.344392274,1.792391689,"6/26/2024","020502060504 Plunketts Creek"
"1132","PK0-RK","Blacknose Dace",73,3.39,0.530199698,1.86332286,"6/26/2024","020502060504 Plunketts Creek"
"1133","PK0-RK","Blacknose Dace",44,0.74,-0.13076828,1.643452676,"6/26/2024","020502060504 Plunketts Creek"
"1134","PK0-RK","Blacknose Dace",49,0.98,-0.008773924,1.69019608,"6/26/2024","020502060504 Plunketts Creek"
"1135","PK0-RK","Blacknose Dace",50,1,0,1.698970004,"6/26/2024","020502060504 Plunketts Creek"
"1136","PK0-RK","Blacknose Dace",73,3.69,0.567026366,1.86332286,"6/26/2024","020502060504 Plunketts Creek"
"1137","PK0-RK","Blacknose Dace",37,0.42,-0.37675071,1.568201724,"6/26/2024","020502060504 Plunketts Creek"
"1138","PK0-RK","Blacknose Dace",47,0.9,-0.045757491,1.672097858,"6/26/2024","020502060504 Plunketts Creek"
"1139","PK0-RK","Blacknose Dace",39,0.43,-0.366531544,1.591064607,"6/26/2024","020502060504 Plunketts Creek"
"1140","PK0-RK","Blacknose Dace",40,0.54,-0.26760624,1.602059991,"6/26/2024","020502060504 Plunketts Creek"
"1141","PK0-RK","Blacknose Dace",61,2.08,0.318063335,1.785329835,"6/26/2024","020502060504 Plunketts Creek"
"1142","PK0-RK","Blacknose Dace",62,2.17,0.336459734,1.792391689,"6/26/2024","020502060504 Plunketts Creek"
"1143","PK0-RK","Blacknose Dace",37,0.43,-0.366531544,1.568201724,"6/26/2024","020502060504 Plunketts Creek"
"1144","PK0-RK","Blacknose Dace",49,0.96,-0.017728767,1.69019608,"6/26/2024","020502060504 Plunketts Creek"
"1145","PK0-RK","Blacknose Dace",63,2.5,0.397940009,1.799340549,"6/26/2024","020502060504 Plunketts Creek"
"1146","PK0-RK","Blacknose Dace",48,1,0,1.681241237,"6/26/2024","020502060504 Plunketts Creek"
"1147","PK0-RK","Blacknose Dace",62,2.39,0.378397901,1.792391689,"6/26/2024","020502060504 Plunketts Creek"
"1148","PK0-RK","Blacknose Dace",36,0.38,-0.420216403,1.556302501,"6/26/2024","020502060504 Plunketts Creek"
"1149","PK0-RK","Blacknose Dace",37,0.38,-0.420216403,1.568201724,"6/26/2024","020502060504 Plunketts Creek"
"1150","PK0-RK","Blacknose Dace",72,3.39,0.530199698,1.857332496,"6/26/2024","020502060504 Plunketts Creek"
"1151","PK0-RK","Blacknose Dace",37,0.43,-0.366531544,1.568201724,"6/26/2024","020502060504 Plunketts Creek"
"1152","PK0-RK","Blacknose Dace",43,0.71,-0.148741651,1.633468456,"6/26/2024","020502060504 Plunketts Creek"
"1153","Sherman.UpperLoyalsock","Blacknose Dace",76,4.3,0.633468456,1.880813592,"6/27/2023","020502060302 Glass Creek-Loyalsock Creek"
"1154","Sherman.UpperLoyalsock","Blacknose Dace",65,2.3,0.361727836,1.812913357,"6/27/2023","020502060302 Glass Creek-Loyalsock Creek"
"1155","Sherman.UpperLoyalsock","Blacknose Dace",75,3.6,0.556302501,1.875061263,"6/27/2023","020502060302 Glass Creek-Loyalsock Creek"
"1156","Sherman.UpperLoyalsock","Blacknose Dace",69,2.5,0.397940009,1.838849091,"6/27/2023","020502060302 Glass Creek-Loyalsock Creek"
"1157","Sherman.UpperLoyalsock","Blacknose Dace",69,2.7,0.431363764,1.838849091,"6/27/2023","020502060302 Glass Creek-Loyalsock Creek"
"1158","Sherman.UpperLoyalsock","Blacknose Dace",80,4,0.602059991,1.903089987,"6/27/2023","020502060302 Glass Creek-Loyalsock Creek"
"1159","Sherman.UpperLoyalsock","Blacknose Dace",52,1.2,0.079181246,1.716003344,"6/27/2023","020502060302 Glass Creek-Loyalsock Creek"
"1160","Sherman.UpperLoyalsock","Blacknose Dace",66,2.4,0.380211242,1.819543936,"6/27/2023","020502060302 Glass Creek-Loyalsock Creek"
"1161","Sherman.UpperLoyalsock","Blacknose Dace",46,0.8,-0.096910013,1.662757832,"6/27/2023","020502060302 Glass Creek-Loyalsock Creek"
"1162","Sherman.UpperLoyalsock","Blacknose Dace",70,2.8,0.447158031,1.84509804,"6/27/2023","020502060302 Glass Creek-Loyalsock Creek"
"1163","Sherman.UpperLoyalsock","Blacknose Dace",48,1,0,1.681241237,"6/27/2023","020502060302 Glass Creek-Loyalsock Creek"
"1164","Sherman.UpperLoyalsock","Blacknose Dace",62,2,0.301029996,1.792391689,"6/27/2023","020502060302 Glass Creek-Loyalsock Creek"
"1165","Sherman.UpperLoyalsock","Blacknose Dace",68,2.7,0.431363764,1.832508913,"6/27/2023","020502060302 Glass Creek-Loyalsock Creek"
"1166","Sherman.UpperLoyalsock","Blacknose Dace",46,0.8,-0.096910013,1.662757832,"6/27/2023","020502060302 Glass Creek-Loyalsock Creek"
"1167","Sherman.UpperLoyalsock","Blacknose Dace",64,2.5,0.397940009,1.806179974,"6/27/2023","020502060302 Glass Creek-Loyalsock Creek"
"1168","Sherman.UpperLoyalsock","Blacknose Dace",67,2.8,0.447158031,1.826074803,"6/27/2023","020502060302 Glass Creek-Loyalsock Creek"
"1169","Sherman.UpperLoyalsock","Blacknose Dace",65,2.3,0.361727836,1.812913357,"6/27/2023","020502060302 Glass Creek-Loyalsock Creek"
"1170","Sherman.UpperLoyalsock","Blacknose Dace",67,2.5,0.397940009,1.826074803,"6/27/2023","020502060302 Glass Creek-Loyalsock Creek"
"1171","Sherman.UpperLoyalsock","Blacknose Dace",75,3.8,0.579783597,1.875061263,"6/27/2023","020502060302 Glass Creek-Loyalsock Creek"
"1172","Sherman.UpperLoyalsock","Blacknose Dace",79,4.1,0.612783857,1.897627091,"6/27/2023","020502060302 Glass Creek-Loyalsock Creek"
"1173","Sherman.UpperLoyalsock","Blacknose Dace",55,1.6,0.204119983,1.740362689,"6/27/2023","020502060302 Glass Creek-Loyalsock Creek"
"1174","Sherman.UpperLoyalsock","Blacknose Dace",65,2.2,0.342422681,1.812913357,"6/27/2023","020502060302 Glass Creek-Loyalsock Creek"
"1175","Sherman.UpperLoyalsock","Blacknose Dace",68,2.7,0.431363764,1.832508913,"6/27/2023","020502060302 Glass Creek-Loyalsock Creek"
"1176","Sherman.UpperLoyalsock","Blacknose Dace",77,3.6,0.556302501,1.886490725,"6/27/2023","020502060302 Glass Creek-Loyalsock Creek"
"1177","Sherman.UpperLoyalsock","Blacknose Dace",65,2.5,0.397940009,1.812913357,"6/27/2023","020502060302 Glass Creek-Loyalsock Creek"
"1178","Sherman.UpperLoyalsock","Blacknose Dace",69,3.5,0.544068044,1.838849091,"6/27/2023","020502060302 Glass Creek-Loyalsock Creek"
"1179","Sherman.UpperLoyalsock","Blacknose Dace",61,2.5,0.397940009,1.785329835,"6/27/2023","020502060302 Glass Creek-Loyalsock Creek"
"1180","Sherman.UpperLoyalsock","Blacknose Dace",50,1,0,1.698970004,"6/27/2023","020502060302 Glass Creek-Loyalsock Creek"
"1181","Sherman.UpperLoyalsock","Blacknose Dace",65,2.4,0.380211242,1.812913357,"6/27/2023","020502060302 Glass Creek-Loyalsock Creek"
"1182","Sherman.UpperLoyalsock","Blacknose Dace",72,3.1,0.491361694,1.857332496,"6/27/2023","020502060302 Glass Creek-Loyalsock Creek"
"1183","TC0-BU","Blacknose Dace",42,0.7,-0.15490196,1.62324929,"6/6/2023","020502061207 Turtle Creek-West Branch Susquehanna River"
"1184","TC0-BU","Blacknose Dace",54,1.5,0.176091259,1.73239376,"6/6/2023","020502061207 Turtle Creek-West Branch Susquehanna River"
"1185","TC0-BU","Blacknose Dace",61,2.1,0.322219295,1.785329835,"6/6/2023","020502061207 Turtle Creek-West Branch Susquehanna River"
"1186","TC0-BU","Blacknose Dace",62,2.3,0.361727836,1.792391689,"6/6/2023","020502061207 Turtle Creek-West Branch Susquehanna River"
"1187","TC0-BU","Blacknose Dace",69,2.5,0.397940009,1.838849091,"6/6/2023","020502061207 Turtle Creek-West Branch Susquehanna River"
"1188","TC0-BU","Blacknose Dace",63,2.4,0.380211242,1.799340549,"6/6/2023","020502061207 Turtle Creek-West Branch Susquehanna River"
"1189","TC0-BU","Blacknose Dace",59,2.1,0.322219295,1.770852012,"6/6/2023","020502061207 Turtle Creek-West Branch Susquehanna River"
"1190","TC0-BU","Blacknose Dace",51,1.6,0.204119983,1.707570176,"6/6/2023","020502061207 Turtle Creek-West Branch Susquehanna River"
"1191","TC0-BU","Blacknose Dace",68,3,0.477121255,1.832508913,"6/6/2023","020502061207 Turtle Creek-West Branch Susquehanna River"
"1192","TC0-BU","Blacknose Dace",65,2.8,0.447158031,1.812913357,"6/6/2023","020502061207 Turtle Creek-West Branch Susquehanna River"
"1193","TC0-BU","Blacknose Dace",60,2,0.301029996,1.77815125,"6/6/2023","020502061207 Turtle Creek-West Branch Susquehanna River"
"1194","TC0-BU","Blacknose Dace",67,2.6,0.414973348,1.826074803,"6/6/2023","020502061207 Turtle Creek-West Branch Susquehanna River"
"1195","TC0-BU","Blacknose Dace",63,2.6,0.414973348,1.799340549,"6/6/2023","020502061207 Turtle Creek-West Branch Susquehanna River"
"1196","TC0-BU","Blacknose Dace",68,2.9,0.462397998,1.832508913,"6/6/2023","020502061207 Turtle Creek-West Branch Susquehanna River"
"1197","TC0-BU","Blacknose Dace",53,1.2,0.079181246,1.72427587,"6/6/2023","020502061207 Turtle Creek-West Branch Susquehanna River"
"1198","TC0-BU","Blacknose Dace",64,2.5,0.397940009,1.806179974,"6/6/2023","020502061207 Turtle Creek-West Branch Susquehanna River"
"1199","TC0-BU","Blacknose Dace",53,1.3,0.113943352,1.72427587,"6/6/2023","020502061207 Turtle Creek-West Branch Susquehanna River"
"1200","TC0-BU","Blacknose Dace",64,2.6,0.414973348,1.806179974,"6/6/2023","020502061207 Turtle Creek-West Branch Susquehanna River"
"1201","TC0-BU","Blacknose Dace",72,4,0.602059991,1.857332496,"6/6/2023","020502061207 Turtle Creek-West Branch Susquehanna River"
"1202","TC0-BU","Blacknose Dace",52,1.2,0.079181246,1.716003344,"6/6/2023","020502061207 Turtle Creek-West Branch Susquehanna River"
"1203","TC0-BU","Blacknose Dace",44,0.9,-0.045757491,1.643452676,"6/6/2023","020502061207 Turtle Creek-West Branch Susquehanna River"
"1204","TC0-BU","Blacknose Dace",44,0.7,-0.15490196,1.643452676,"6/6/2023","020502061207 Turtle Creek-West Branch Susquehanna River"
"1205","TC0-BU","Blacknose Dace",53,1.5,0.176091259,1.72427587,"6/6/2023","020502061207 Turtle Creek-West Branch Susquehanna River"
"1206","TC0-BU","Blacknose Dace",69,3.3,0.51851394,1.838849091,"6/6/2023","020502061207 Turtle Creek-West Branch Susquehanna River"
"1207","TC0-BU","Blacknose Dace",62,2.5,0.397940009,1.792391689,"6/6/2023","020502061207 Turtle Creek-West Branch Susquehanna River"
"1208","TC0-BU","Blacknose Dace",42,0.7,-0.15490196,1.62324929,"6/6/2023","020502061207 Turtle Creek-West Branch Susquehanna River"
"1209","TC0-BU","Blacknose Dace",65,2.4,0.380211242,1.812913357,"6/6/2023","020502061207 Turtle Creek-West Branch Susquehanna River"
"1210","TC0-BU","Blacknose Dace",72,3.1,0.491361694,1.857332496,"6/6/2023","020502061207 Turtle Creek-West Branch Susquehanna River"
"1211","TC0-BU","Blacknose Dace",67,3.4,0.531478917,1.826074803,"6/6/2023","020502061207 Turtle Creek-West Branch Susquehanna River"
"1212","TC0-BU","Blacknose Dace",69,2.1,0.322219295,1.838849091,"6/6/2023","020502061207 Turtle Creek-West Branch Susquehanna River"
"1213","TC0-CB-U","Blacknose Dace",72,3.8,0.579783597,1.857332496,"6/7/2023","020502061207 Turtle Creek-West Branch Susquehanna River"
"1214","TC0-CB-U","Blacknose Dace",47,1,0,1.672097858,"6/7/2023","020502061207 Turtle Creek-West Branch Susquehanna River"
"1215","TC0-CB-U","Blacknose Dace",72,4,0.602059991,1.857332496,"6/7/2023","020502061207 Turtle Creek-West Branch Susquehanna River"
"1216","TC0-CB-U","Blacknose Dace",52,1.3,0.113943352,1.716003344,"6/7/2023","020502061207 Turtle Creek-West Branch Susquehanna River"
"1217","TC0-CB-U","Blacknose Dace",56,1.5,0.176091259,1.748188027,"6/7/2023","020502061207 Turtle Creek-West Branch Susquehanna River"
"1218","TC0-CB-U","Blacknose Dace",49,1.3,0.113943352,1.69019608,"6/7/2023","020502061207 Turtle Creek-West Branch Susquehanna River"
"1219","TC0-CB-U","Blacknose Dace",55,1.2,0.079181246,1.740362689,"6/7/2023","020502061207 Turtle Creek-West Branch Susquehanna River"
"1220","TC0-CB-U","Blacknose Dace",48,1.1,0.041392685,1.681241237,"6/7/2023","020502061207 Turtle Creek-West Branch Susquehanna River"
"1221","TC0-CB-U","Blacknose Dace",53,1.5,0.176091259,1.72427587,"6/7/2023","020502061207 Turtle Creek-West Branch Susquehanna River"
"1222","TC0-CB-U","Blacknose Dace",66,3.5,0.544068044,1.819543936,"6/7/2023","020502061207 Turtle Creek-West Branch Susquehanna River"
"1223","TC0-CB-U","Blacknose Dace",44,0.8,-0.096910013,1.643452676,"6/7/2023","020502061207 Turtle Creek-West Branch Susquehanna River"
"1224","TC0-CB-U","Blacknose Dace",55,1.7,0.230448921,1.740362689,"6/7/2023","020502061207 Turtle Creek-West Branch Susquehanna River"
"1225","TC0-CB-U","Blacknose Dace",55,1.4,0.146128036,1.740362689,"6/7/2023","020502061207 Turtle Creek-West Branch Susquehanna River"
"1226","TC0-CB-U","Blacknose Dace",55,1.6,0.204119983,1.740362689,"6/7/2023","020502061207 Turtle Creek-West Branch Susquehanna River"
"1227","TC0-CB-U","Blacknose Dace",64,1,0,1.806179974,"6/7/2023","020502061207 Turtle Creek-West Branch Susquehanna River"
"1228","TC0-CB-U","Blacknose Dace",45,1,0,1.653212514,"6/7/2023","020502061207 Turtle Creek-West Branch Susquehanna River"
"1229","TC0-CB-U","Blacknose Dace",53,1.5,0.176091259,1.72427587,"6/7/2023","020502061207 Turtle Creek-West Branch Susquehanna River"
"1230","TC0-CB-U","Blacknose Dace",65,2.6,0.414973348,1.812913357,"6/7/2023","020502061207 Turtle Creek-West Branch Susquehanna River"
"1231","TC0-CB-U","Blacknose Dace",54,1.5,0.176091259,1.73239376,"6/7/2023","020502061207 Turtle Creek-West Branch Susquehanna River"
"1232","TC0-CB-U","Blacknose Dace",43,0.8,-0.096910013,1.633468456,"6/7/2023","020502061207 Turtle Creek-West Branch Susquehanna River"
"1233","TC0-CB-U","Blacknose Dace",50,1.3,0.113943352,1.698970004,"6/7/2023","020502061207 Turtle Creek-West Branch Susquehanna River"
"1234","TC0-CB-U","Blacknose Dace",66,2.5,0.397940009,1.819543936,"6/7/2023","020502061207 Turtle Creek-West Branch Susquehanna River"
"1235","TC0-CB-U","Blacknose Dace",55,1.2,0.079181246,1.740362689,"6/7/2023","020502061207 Turtle Creek-West Branch Susquehanna River"
"1236","TC0-CB-U","Blacknose Dace",56,1.7,0.230448921,1.748188027,"6/7/2023","020502061207 Turtle Creek-West Branch Susquehanna River"
"1237","TC0-CB-U","Blacknose Dace",75,4.5,0.653212514,1.875061263,"6/7/2023","020502061207 Turtle Creek-West Branch Susquehanna River"
"1238","TC0-CB-U","Blacknose Dace",52,1.3,0.113943352,1.716003344,"6/7/2023","020502061207 Turtle Creek-West Branch Susquehanna River"
"1239","TC0-CB-U","Blacknose Dace",58,2,0.301029996,1.763427994,"6/7/2023","020502061207 Turtle Creek-West Branch Susquehanna River"
"1240","TC0-CB-U","Blacknose Dace",71,3.3,0.51851394,1.851258349,"6/7/2023","020502061207 Turtle Creek-West Branch Susquehanna River"
"1241","TC0-CB-U","Blacknose Dace",50,1.1,0.041392685,1.698970004,"6/7/2023","020502061207 Turtle Creek-West Branch Susquehanna River"
"1242","TC0-CB-U","Blacknose Dace",60,2,0.301029996,1.77815125,"6/7/2023","020502061207 Turtle Creek-West Branch Susquehanna River"
"1243","TC0-GU","Blacknose Dace",68,3,0.477121255,1.832508913,"6/7/2023","020502061207 Turtle Creek-West Branch Susquehanna River"
"1244","TC0-GU","Blacknose Dace",47,1,0,1.672097858,"6/7/2023","020502061207 Turtle Creek-West Branch Susquehanna River"
"1245","TC0-GU","Blacknose Dace",67,3.1,0.491361694,1.826074803,"6/7/2023","020502061207 Turtle Creek-West Branch Susquehanna River"
"1246","TC0-GU","Blacknose Dace",49,1.2,0.079181246,1.69019608,"6/7/2023","020502061207 Turtle Creek-West Branch Susquehanna River"
"1247","TC0-GU","Blacknose Dace",53,1.5,0.176091259,1.72427587,"6/7/2023","020502061207 Turtle Creek-West Branch Susquehanna River"
"1248","TC0-GU","Blacknose Dace",75,4.4,0.643452676,1.875061263,"6/7/2023","020502061207 Turtle Creek-West Branch Susquehanna River"
"1249","TC0-GU","Blacknose Dace",73,3.4,0.531478917,1.86332286,"6/7/2023","020502061207 Turtle Creek-West Branch Susquehanna River"
"1250","TC0-GU","Blacknose Dace",53,1.3,0.113943352,1.72427587,"6/7/2023","020502061207 Turtle Creek-West Branch Susquehanna River"
"1251","TC0-GU","Blacknose Dace",72,4,0.602059991,1.857332496,"6/7/2023","020502061207 Turtle Creek-West Branch Susquehanna River"
"1252","TC0-GU","Blacknose Dace",64,2.5,0.397940009,1.806179974,"6/7/2023","020502061207 Turtle Creek-West Branch Susquehanna River"
"1253","TC0-GU","Blacknose Dace",65,2.4,0.380211242,1.812913357,"6/7/2023","020502061207 Turtle Creek-West Branch Susquehanna River"
"1254","TC0-GU","Blacknose Dace",71,3.1,0.491361694,1.851258349,"6/7/2023","020502061207 Turtle Creek-West Branch Susquehanna River"
"1255","TC0-GU","Blacknose Dace",60,2.1,0.322219295,1.77815125,"6/7/2023","020502061207 Turtle Creek-West Branch Susquehanna River"
"1256","TC0-GU","Blacknose Dace",77,4.5,0.653212514,1.886490725,"6/7/2023","020502061207 Turtle Creek-West Branch Susquehanna River"
"1257","TC0-GU","Blacknose Dace",58,2.1,0.322219295,1.763427994,"6/7/2023","020502061207 Turtle Creek-West Branch Susquehanna River"
"1258","TC0-GU","Blacknose Dace",79,5.4,0.73239376,1.897627091,"6/7/2023","020502061207 Turtle Creek-West Branch Susquehanna River"
"1259","TC0-GU","Blacknose Dace",64,2.6,0.414973348,1.806179974,"6/7/2023","020502061207 Turtle Creek-West Branch Susquehanna River"
"1260","TC0-GU","Blacknose Dace",70,3.7,0.568201724,1.84509804,"6/7/2023","020502061207 Turtle Creek-West Branch Susquehanna River"
"1261","TC0-GU","Blacknose Dace",53,1.4,0.146128036,1.72427587,"6/7/2023","020502061207 Turtle Creek-West Branch Susquehanna River"
"1262","TC0-GU","Blacknose Dace",64,2.5,0.397940009,1.806179974,"6/7/2023","020502061207 Turtle Creek-West Branch Susquehanna River"
"1263","TC0-GU","Blacknose Dace",66,2.4,0.380211242,1.819543936,"6/7/2023","020502061207 Turtle Creek-West Branch Susquehanna River"
"1264","TC0-GU","Blacknose Dace",70,3.8,0.579783597,1.84509804,"6/7/2023","020502061207 Turtle Creek-West Branch Susquehanna River"
"1265","TC0-GU","Blacknose Dace",67,2.6,0.414973348,1.826074803,"6/7/2023","020502061207 Turtle Creek-West Branch Susquehanna River"
"1266","TC0-GU","Blacknose Dace",73,3.7,0.568201724,1.86332286,"6/7/2023","020502061207 Turtle Creek-West Branch Susquehanna River"
"1267","TC0-GU","Blacknose Dace",45,0.7,-0.15490196,1.653212514,"6/7/2023","020502061207 Turtle Creek-West Branch Susquehanna River"
"1268","TC0-GU","Blacknose Dace",54,1.5,0.176091259,1.73239376,"6/7/2023","020502061207 Turtle Creek-West Branch Susquehanna River"
"1269","TC0-GU","Blacknose Dace",64,2.9,0.462397998,1.806179974,"6/7/2023","020502061207 Turtle Creek-West Branch Susquehanna River"
"1270","TC0-GU","Blacknose Dace",53,1.4,0.146128036,1.72427587,"6/7/2023","020502061207 Turtle Creek-West Branch Susquehanna River"
"1271","TC0-GU","Blacknose Dace",70,3.7,0.568201724,1.84509804,"6/7/2023","020502061207 Turtle Creek-West Branch Susquehanna River"
"1272","TC0-GU","Blacknose Dace",46,0.8,-0.096910013,1.662757832,"6/7/2023","020502061207 Turtle Creek-West Branch Susquehanna River"
"1273","TC0-SB-U","Blacknose Dace",63,2.1,0.322219295,1.799340549,"6/8/2023","020502061207 Turtle Creek-West Branch Susquehanna River"
"1274","TC0-SB-U","Blacknose Dace",66,2.9,0.462397998,1.819543936,"6/8/2023","020502061207 Turtle Creek-West Branch Susquehanna River"
"1275","TC0-SB-U","Blacknose Dace",49,1,0,1.69019608,"6/8/2023","020502061207 Turtle Creek-West Branch Susquehanna River"
"1276","TC0-SB-U","Blacknose Dace",71,3.2,0.505149978,1.851258349,"6/8/2023","020502061207 Turtle Creek-West Branch Susquehanna River"
"1277","TC0-SB-U","Blacknose Dace",71,3.6,0.556302501,1.851258349,"6/8/2023","020502061207 Turtle Creek-West Branch Susquehanna River"
"1278","TC0-SB-U","Blacknose Dace",73,4.1,0.612783857,1.86332286,"6/8/2023","020502061207 Turtle Creek-West Branch Susquehanna River"
"1279","TC0-SB-U","Blacknose Dace",66,2.8,0.447158031,1.819543936,"6/8/2023","020502061207 Turtle Creek-West Branch Susquehanna River"
"1280","TC0-SB-U","Blacknose Dace",77,4.4,0.643452676,1.886490725,"6/8/2023","020502061207 Turtle Creek-West Branch Susquehanna River"
"1281","TC0-SB-U","Blacknose Dace",54,1.5,0.176091259,1.73239376,"6/8/2023","020502061207 Turtle Creek-West Branch Susquehanna River"
"1282","TC0-SB-U","Blacknose Dace",66,2.8,0.447158031,1.819543936,"6/8/2023","020502061207 Turtle Creek-West Branch Susquehanna River"
"1283","TC0-SB-U","Blacknose Dace",71,3.7,0.568201724,1.851258349,"6/8/2023","020502061207 Turtle Creek-West Branch Susquehanna River"
"1284","TC0-SB-U","Blacknose Dace",70,3.1,0.491361694,1.84509804,"6/8/2023","020502061207 Turtle Creek-West Branch Susquehanna River"
"1285","TC0-SB-U","Blacknose Dace",62,2.4,0.380211242,1.792391689,"6/8/2023","020502061207 Turtle Creek-West Branch Susquehanna River"
"1286","TC0-SB-U","Blacknose Dace",53,1.4,0.146128036,1.72427587,"6/8/2023","020502061207 Turtle Creek-West Branch Susquehanna River"
"1287","TC0-SB-U","Blacknose Dace",53,1.3,0.113943352,1.72427587,"6/8/2023","020502061207 Turtle Creek-West Branch Susquehanna River"
"1288","TC0-SB-U","Blacknose Dace",51,1.5,0.176091259,1.707570176,"6/8/2023","020502061207 Turtle Creek-West Branch Susquehanna River"
"1289","TC0-SB-U","Blacknose Dace",51,1.2,0.079181246,1.707570176,"6/8/2023","020502061207 Turtle Creek-West Branch Susquehanna River"
"1290","TC0-SB-U","Blacknose Dace",62,2.8,0.447158031,1.792391689,"6/8/2023","020502061207 Turtle Creek-West Branch Susquehanna River"
"1291","TC0-SB-U","Blacknose Dace",48,1,0,1.681241237,"6/8/2023","020502061207 Turtle Creek-West Branch Susquehanna River"
"1292","TC0-SB-U","Blacknose Dace",43,0.7,-0.15490196,1.633468456,"6/8/2023","020502061207 Turtle Creek-West Branch Susquehanna River"
"1293","TC0-SB-U","Blacknose Dace",70,3.3,0.51851394,1.84509804,"6/8/2023","020502061207 Turtle Creek-West Branch Susquehanna River"
"1294","TC0-SB-U","Blacknose Dace",72,3.5,0.544068044,1.857332496,"6/8/2023","020502061207 Turtle Creek-West Branch Susquehanna River"
"1295","TC0-SB-U","Blacknose Dace",71,3.8,0.579783597,1.851258349,"6/8/2023","020502061207 Turtle Creek-West Branch Susquehanna River"
"1296","TC0-SB-U","Blacknose Dace",52,1.3,0.113943352,1.716003344,"6/8/2023","020502061207 Turtle Creek-West Branch Susquehanna River"
"1297","TC0-SB-U","Blacknose Dace",54,1.4,0.146128036,1.73239376,"6/8/2023","020502061207 Turtle Creek-West Branch Susquehanna River"
"1298","TC0-SB-U","Blacknose Dace",74,3.5,0.544068044,1.86923172,"6/8/2023","020502061207 Turtle Creek-West Branch Susquehanna River"
"1299","TC0-SB-U","Blacknose Dace",56,1.6,0.204119983,1.748188027,"6/8/2023","020502061207 Turtle Creek-West Branch Susquehanna River"
"1300","TC0-SB-U","Blacknose Dace",65,2.4,0.380211242,1.812913357,"6/8/2023","020502061207 Turtle Creek-West Branch Susquehanna River"
"1301","TC0-SB-U","Blacknose Dace",64,2.4,0.380211242,1.806179974,"6/8/2023","020502061207 Turtle Creek-West Branch Susquehanna River"
"1302","TC0-SB-U","Blacknose Dace",53,1.2,0.079181246,1.72427587,"6/8/2023","020502061207 Turtle Creek-West Branch Susquehanna River"
"1303","UNTEastWallisRM261.EastWallis","Blacknose Dace",66,2.3,0.361727836,1.819543936,"6/28/2023","020502060506 Wallis Run"
"1304","UNTEastWallisRM261.EastWallis","Blacknose Dace",50,1.2,0.079181246,1.698970004,"6/28/2023","020502060506 Wallis Run"
"1305","UNTEastWallisRM261.EastWallis","Blacknose Dace",56,1.6,0.204119983,1.748188027,"6/28/2023","020502060506 Wallis Run"
"1306","UNTEastWallisRM261.EastWallis","Blacknose Dace",59,1.8,0.255272505,1.770852012,"6/28/2023","020502060506 Wallis Run"
"1307","UNTEastWallisRM261.EastWallis","Blacknose Dace",74,3.5,0.544068044,1.86923172,"6/28/2023","020502060506 Wallis Run"
"1308","UNTEastWallisRM261.EastWallis","Blacknose Dace",60,2.1,0.322219295,1.77815125,"6/28/2023","020502060506 Wallis Run"
"1309","UNTEastWallisRM261.EastWallis","Blacknose Dace",70,2.9,0.462397998,1.84509804,"6/28/2023","020502060506 Wallis Run"
"1310","UNTEastWallisRM261.EastWallis","Blacknose Dace",56,1.5,0.176091259,1.748188027,"6/28/2023","020502060506 Wallis Run"
"1311","UNTEastWallisRM261.EastWallis","Blacknose Dace",52,1.7,0.230448921,1.716003344,"6/28/2023","020502060506 Wallis Run"
"1312","UNTEastWallisRM261.EastWallis","Blacknose Dace",56,1.5,0.176091259,1.748188027,"6/28/2023","020502060506 Wallis Run"
"1313","UNTEastWallisRM261.EastWallis","Blacknose Dace",60,3.1,0.491361694,1.77815125,"6/28/2023","020502060506 Wallis Run"
"1314","UNTEastWallisRM261.EastWallis","Blacknose Dace",51,1.2,0.079181246,1.707570176,"6/28/2023","020502060506 Wallis Run"
"1315","UNTEastWallisRM261.EastWallis","Blacknose Dace",66,2.7,0.431363764,1.819543936,"6/28/2023","020502060506 Wallis Run"
"1316","UNTEastWallisRM261.EastWallis","Blacknose Dace",45,0.9,-0.045757491,1.653212514,"6/28/2023","020502060506 Wallis Run"
"1317","UNTEastWallisRM261.EastWallis","Blacknose Dace",68,2.7,0.431363764,1.832508913,"6/28/2023","020502060506 Wallis Run"
"1318","UNTEastWallisRM261.EastWallis","Blacknose Dace",56,1.7,0.230448921,1.748188027,"6/28/2023","020502060506 Wallis Run"
"1319","UNTEastWallisRM261.EastWallis","Blacknose Dace",74,2.9,0.462397998,1.86923172,"6/28/2023","020502060506 Wallis Run"
"1320","UNTEastWallisRM261.EastWallis","Blacknose Dace",68,2.8,0.447158031,1.832508913,"6/28/2023","020502060506 Wallis Run"
"1321","UNTEastWallisRM261.EastWallis","Blacknose Dace",50,1.3,0.113943352,1.698970004,"6/28/2023","020502060506 Wallis Run"
"1322","UNTEastWallisRM261.EastWallis","Blacknose Dace",57,1.6,0.204119983,1.755874856,"6/28/2023","020502060506 Wallis Run"
"1323","UNTEastWallisRM261.EastWallis","Blacknose Dace",53,1.3,0.113943352,1.72427587,"6/28/2023","020502060506 Wallis Run"
"1324","UNTEastWallisRM261.EastWallis","Blacknose Dace",45,0.8,-0.096910013,1.653212514,"6/28/2023","020502060506 Wallis Run"
"1325","UNTEastWallisRM261.EastWallis","Blacknose Dace",71,3,0.477121255,1.851258349,"6/28/2023","020502060506 Wallis Run"
"1326","UNTEastWallisRM261.EastWallis","Blacknose Dace",66,2.4,0.380211242,1.819543936,"6/28/2023","020502060506 Wallis Run"
"1327","UNTEastWallisRM261.EastWallis","Blacknose Dace",45,0.8,-0.096910013,1.653212514,"6/28/2023","020502060506 Wallis Run"
"1328","UNTEastWallisRM261.EastWallis","Blacknose Dace",63,2.6,0.414973348,1.799340549,"6/28/2023","020502060506 Wallis Run"
"1329","UNTEastWallisRM261.EastWallis","Blacknose Dace",62,1.8,0.255272505,1.792391689,"6/28/2023","020502060506 Wallis Run"
"1330","UNTEastWallisRM261.EastWallis","Blacknose Dace",56,1.6,0.204119983,1.748188027,"6/28/2023","020502060506 Wallis Run"
"1331","UNTEastWallisRM261.EastWallis","Blacknose Dace",75,3.3,0.51851394,1.875061263,"6/28/2023","020502060506 Wallis Run"
"1332","UNTEastWallisRM261.EastWallis","Blacknose Dace",40,0.4,-0.397940009,1.602059991,"6/28/2023","020502060506 Wallis Run"
"1333","UNTGlassRM242.Glass","Blacknose Dace",60,1.86,0.269512944,1.77815125,"6/25/2025","020502060302 Glass Creek-Loyalsock Creek"
"1334","UNTGlassRM242.Glass","Blacknose Dace",61,2.07,0.315970345,1.785329835,"6/25/2025","020502060302 Glass Creek-Loyalsock Creek"
"1335","UNTGlassRM242.Glass","Blacknose Dace",59,1.87,0.271841607,1.770852012,"6/25/2025","020502060302 Glass Creek-Loyalsock Creek"
"1336","UNTGlassRM242.Glass","Blacknose Dace",53,1.22,0.086359831,1.72427587,"6/25/2025","020502060302 Glass Creek-Loyalsock Creek"
"1337","UNTGlassRM242.Glass","Blacknose Dace",60,1.95,0.290034611,1.77815125,"6/25/2025","020502060302 Glass Creek-Loyalsock Creek"
"1338","UNTGlassRM242.Glass","Blacknose Dace",62,2.16,0.334453751,1.792391689,"6/25/2025","020502060302 Glass Creek-Loyalsock Creek"
"1339","UNTGlassRM242.Glass","Blacknose Dace",64,2.33,0.367355921,1.806179974,"6/25/2025","020502060302 Glass Creek-Loyalsock Creek"
"1340","UNTGlassRM242.Glass","Blacknose Dace",66,2.49,0.396199347,1.819543936,"6/25/2025","020502060302 Glass Creek-Loyalsock Creek"
"1341","UNTGlassRM242.Glass","Blacknose Dace",65,2.28,0.357934847,1.812913357,"6/25/2025","020502060302 Glass Creek-Loyalsock Creek"
"1342","UNTGlassRM242.Glass","Blacknose Dace",63,2.15,0.33243846,1.799340549,"6/25/2025","020502060302 Glass Creek-Loyalsock Creek"
"1343","UNTGlassRM242.Glass","Blacknose Dace",55,1.57,0.195899652,1.740362689,"6/25/2025","020502060302 Glass Creek-Loyalsock Creek"
"1344","UNTGlassRM242.Glass","Blacknose Dace",62,2.14,0.330413773,1.792391689,"6/25/2025","020502060302 Glass Creek-Loyalsock Creek"
"1345","UNTGlassRM242.Glass","Blacknose Dace",33,0.45,-0.346787486,1.51851394,"6/25/2025","020502060302 Glass Creek-Loyalsock Creek"
"1346","UNTGlassRM242.Glass","Blacknose Dace",60,2.13,0.328379603,1.77815125,"6/25/2025","020502060302 Glass Creek-Loyalsock Creek"
"1347","UNTWattlesRM147.Wattles","Blacknose Dace",47,0.89,-0.050609993,1.672097858,"7/17/2024","020502050207 Long Run"
"1348","UNTWattlesRM147.Wattles","Blacknose Dace",72,3.35,0.525044807,1.857332496,"7/17/2024","020502050207 Long Run"
"1349","UNTWattlesRM147.Wattles","Blacknose Dace",66,2.85,0.45484486,1.819543936,"7/17/2024","020502050207 Long Run"
"1350","UNTWattlesRM147.Wattles","Blacknose Dace",29,0.23,-0.638272164,1.462397998,"7/17/2024","020502050207 Long Run"
"1351","UNTWattlesRM147.Wattles","Blacknose Dace",48,1.06,0.025305865,1.681241237,"7/17/2024","020502050207 Long Run"
"1352","UNTWattlesRM147.Wattles","Blacknose Dace",67,2.72,0.434568904,1.826074803,"7/17/2024","020502050207 Long Run"
"1353","UNTWattlesRM147.Wattles","Blacknose Dace",62,2.23,0.348304863,1.792391689,"7/17/2024","020502050207 Long Run"
"1354","UNTWattlesRM147.Wattles","Blacknose Dace",68,2.85,0.45484486,1.832508913,"7/17/2024","020502050207 Long Run"
"1355","UNTWattlesRM147.Wattles","Blacknose Dace",66,2.51,0.399673721,1.819543936,"7/17/2024","020502050207 Long Run"
"1356","UNTWattlesRM147.Wattles","Blacknose Dace",64,2.25,0.352182518,1.806179974,"7/17/2024","020502050207 Long Run"
"1357","UNTWattlesRM147.Wattles","Blacknose Dace",57,1.62,0.209515015,1.755874856,"7/17/2024","020502050207 Long Run"
"1358","Walters.Kettle","Blacknose Dace",63,1.94,0.28780173,1.799340549,"7/8/2024","020502030106 Lower Kettle Creek"
"1359","Walters.Kettle","Blacknose Dace",50,1,0,1.698970004,"7/8/2024","020502030106 Lower Kettle Creek"
"1360","Walters.Kettle","Blacknose Dace",57,1.55,0.190331698,1.755874856,"7/8/2024","020502030106 Lower Kettle Creek"
"1361","Walters.Kettle","Blacknose Dace",65,2.32,0.365487985,1.812913357,"7/8/2024","020502030106 Lower Kettle Creek"
"1362","Walters.Kettle","Blacknose Dace",60,1.85,0.267171728,1.77815125,"7/8/2024","020502030106 Lower Kettle Creek"
"1363","Walters.Kettle","Blacknose Dace",54,2.22,0.346352974,1.73239376,"7/8/2024","020502030106 Lower Kettle Creek"
"1364","Walters.Kettle","Blacknose Dace",72,3.06,0.485721426,1.857332496,"7/8/2024","020502030106 Lower Kettle Creek"
"1365","Walters.Kettle","Blacknose Dace",47,0.84,-0.075720714,1.672097858,"7/8/2024","020502030106 Lower Kettle Creek"
"1366","Walters.Kettle","Blacknose Dace",66,2.45,0.389166084,1.819543936,"7/8/2024","020502030106 Lower Kettle Creek"
"1367","Walters.Kettle","Blacknose Dace",69,2.79,0.445604203,1.838849091,"7/8/2024","020502030106 Lower Kettle Creek"
"1368","Walters.Kettle","Blacknose Dace",72,2.93,0.46686762,1.857332496,"7/8/2024","020502030106 Lower Kettle Creek"
"1369","Walters.Kettle","Blacknose Dace",59,1.94,0.28780173,1.770852012,"7/8/2024","020502030106 Lower Kettle Creek"
"1370","Walters.Kettle","Blacknose Dace",67,2.46,0.390935107,1.826074803,"7/8/2024","020502030106 Lower Kettle Creek"
"1371","Walters.Kettle","Blacknose Dace",63,2.73,0.436162647,1.799340549,"7/8/2024","020502030106 Lower Kettle Creek"
"1372","Walters.Kettle","Blacknose Dace",28,0.2,-0.698970004,1.447158031,"7/8/2024","020502030106 Lower Kettle Creek"
"1373","Walters.Kettle","Blacknose Dace",53,1.27,0.103803721,1.72427587,"7/8/2024","020502030106 Lower Kettle Creek"
"1374","Walters.Kettle","Blacknose Dace",29,0.23,-0.638272164,1.462397998,"7/8/2024","020502030106 Lower Kettle Creek"
"1375","Walters.Kettle","Blacknose Dace",74,3.1,0.491361694,1.86923172,"7/8/2024","020502030106 Lower Kettle Creek"
"1376","Walters.Kettle","Blacknose Dace",53,1.34,0.127104798,1.72427587,"7/8/2024","020502030106 Lower Kettle Creek"
"1377","Walters.Kettle","Blacknose Dace",61,1.97,0.294466226,1.785329835,"7/8/2024","020502030106 Lower Kettle Creek"
"1378","Walters.Kettle","Blacknose Dace",69,3.13,0.495544338,1.838849091,"7/8/2024","020502030106 Lower Kettle Creek"
"1379","Walters.Kettle","Blacknose Dace",65,2.5,0.397940009,1.812913357,"7/8/2024","020502030106 Lower Kettle Creek"
"1380","Walters.Kettle","Blacknose Dace",56,1.33,0.123851641,1.748188027,"7/8/2024","020502030106 Lower Kettle Creek"
"1381","Walters.Kettle","Blacknose Dace",53,1.27,0.103803721,1.72427587,"7/8/2024","020502030106 Lower Kettle Creek"
"1382","Walters.Kettle","Blacknose Dace",61,2.17,0.336459734,1.785329835,"7/8/2024","020502030106 Lower Kettle Creek"
"1383","Walters.Kettle","Blacknose Dace",59,1.66,0.220108088,1.770852012,"7/8/2024","020502030106 Lower Kettle Creek"
"1384","Walters.Kettle","Blacknose Dace",43,1.27,0.103803721,1.633468456,"7/8/2024","020502030106 Lower Kettle Creek"
"1385","Walters.Kettle","Blacknose Dace",68,2.93,0.46686762,1.832508913,"7/8/2024","020502030106 Lower Kettle Creek"
"1386","Walters.Kettle","Blacknose Dace",62,2.23,0.348304863,1.792391689,"7/8/2024","020502030106 Lower Kettle Creek"
"1387","Walters.Kettle","Blacknose Dace",45,0.73,-0.13667714,1.653212514,"7/8/2024","020502030106 Lower Kettle Creek"
"1388","WF0-AM","Blacknose Dace",73,3.23,0.509202522,1.86332286,"6/3/2025","020502061207 Turtle Creek-West Branch Susquehanna River"
"1389","WF0-AM","Blacknose Dace",46,1.09,0.037426498,1.662757832,"6/3/2025","020502061207 Turtle Creek-West Branch Susquehanna River"
"1390","WF0-AM","Blacknose Dace",61,2.02,0.305351369,1.785329835,"6/3/2025","020502061207 Turtle Creek-West Branch Susquehanna River"
"1391","WF0-AM","Blacknose Dace",56,1.74,0.240549248,1.748188027,"6/3/2025","020502061207 Turtle Creek-West Branch Susquehanna River"
"1392","WF0-AM","Blacknose Dace",47,1.14,0.056904851,1.672097858,"6/3/2025","020502061207 Turtle Creek-West Branch Susquehanna River"
"1393","WF0-AM","Blacknose Dace",67,2.84,0.45331834,1.826074803,"6/3/2025","020502061207 Turtle Creek-West Branch Susquehanna River"
"1394","WF0-AM","Blacknose Dace",56,1.63,0.212187604,1.748188027,"6/3/2025","020502061207 Turtle Creek-West Branch Susquehanna River"
"1395","WF0-AM","Blacknose Dace",52,1.49,0.173186268,1.716003344,"6/3/2025","020502061207 Turtle Creek-West Branch Susquehanna River"
"1396","WF0-AM","Blacknose Dace",44,0.82,-0.086186148,1.643452676,"6/3/2025","020502061207 Turtle Creek-West Branch Susquehanna River"
"1397","WF0-AM","Blacknose Dace",71,4.07,0.609594409,1.851258349,"6/3/2025","020502061207 Turtle Creek-West Branch Susquehanna River"
"1398","WF0-AM","Blacknose Dace",52,1.26,0.100370545,1.716003344,"6/3/2025","020502061207 Turtle Creek-West Branch Susquehanna River"
"1399","WF0-AM","Blacknose Dace",61,2.84,0.45331834,1.785329835,"6/3/2025","020502061207 Turtle Creek-West Branch Susquehanna River"
"1400","WF0-AM","Blacknose Dace",50,1.22,0.086359831,1.698970004,"6/3/2025","020502061207 Turtle Creek-West Branch Susquehanna River"
"1401","WF0-AM","Blacknose Dace",67,3.24,0.51054501,1.826074803,"6/3/2025","020502061207 Turtle Creek-West Branch Susquehanna River"
"1402","WF0-AM","Blacknose Dace",63,2.42,0.383815366,1.799340549,"6/3/2025","020502061207 Turtle Creek-West Branch Susquehanna River"
"1403","WF0-AM","Blacknose Dace",47,1.2,0.079181246,1.672097858,"6/3/2025","020502061207 Turtle Creek-West Branch Susquehanna River"
"1404","WF0-AM","Blacknose Dace",56,1.65,0.217483944,1.748188027,"6/3/2025","020502061207 Turtle Creek-West Branch Susquehanna River"
"1405","WF0-AM","Blacknose Dace",50,1.21,0.08278537,1.698970004,"6/3/2025","020502061207 Turtle Creek-West Branch Susquehanna River"
"1406","WF0-AM","Blacknose Dace",57,1.04,0.017033339,1.755874856,"6/3/2025","020502061207 Turtle Creek-West Branch Susquehanna River"
"1407","WF0-AM","Blacknose Dace",45,0.87,-0.060480747,1.653212514,"6/3/2025","020502061207 Turtle Creek-West Branch Susquehanna River"
"1408","WF0-AM","Blacknose Dace",51,1.45,0.161368002,1.707570176,"6/3/2025","020502061207 Turtle Creek-West Branch Susquehanna River"
"1409","WF0-AM","Blacknose Dace",42,0.82,-0.086186148,1.62324929,"6/3/2025","020502061207 Turtle Creek-West Branch Susquehanna River"
"1410","WF0-AM","Blacknose Dace",58,2.01,0.303196057,1.763427994,"6/3/2025","020502061207 Turtle Creek-West Branch Susquehanna River"
"1411","WF0-AM","Blacknose Dace",49,1.19,0.075546961,1.69019608,"6/3/2025","020502061207 Turtle Creek-West Branch Susquehanna River"
"1412","WF0-AM","Blacknose Dace",57,1.74,0.240549248,1.755874856,"6/3/2025","020502061207 Turtle Creek-West Branch Susquehanna River"
"1413","WF0-AM","Blacknose Dace",40,0.6,-0.22184875,1.602059991,"6/3/2025","020502061207 Turtle Creek-West Branch Susquehanna River"
"1414","WF0-AM","Blacknose Dace",24,0.14,-0.853871964,1.380211242,"6/3/2025","020502061207 Turtle Creek-West Branch Susquehanna River"
"1415","WF0-AM","Blacknose Dace",51,1.45,0.161368002,1.707570176,"6/3/2025","020502061207 Turtle Creek-West Branch Susquehanna River"
"1416","WF0-AM","Blacknose Dace",51,1.3,0.113943352,1.707570176,"6/3/2025","020502061207 Turtle Creek-West Branch Susquehanna River"
"1417","WF0-AM","Blacknose Dace",49,1.2,0.079181246,1.69019608,"6/3/2025","020502061207 Turtle Creek-West Branch Susquehanna River"
"1418","WF0-FL","Blacknose Dace",61,2.8,0.447158031,1.785329835,"6/14/2022","020502061207 Turtle Creek-West Branch Susquehanna River"
"1419","WF0-FL","Blacknose Dace",75,4.4,0.643452676,1.875061263,"6/14/2022","020502061207 Turtle Creek-West Branch Susquehanna River"
"1420","WF0-FL","Blacknose Dace",53,1.4,0.146128036,1.72427587,"6/14/2022","020502061207 Turtle Creek-West Branch Susquehanna River"
"1421","WF0-FL","Blacknose Dace",65,2.7,0.431363764,1.812913357,"6/14/2022","020502061207 Turtle Creek-West Branch Susquehanna River"
"1422","WF0-FL","Blacknose Dace",65,2.7,0.431363764,1.812913357,"6/14/2022","020502061207 Turtle Creek-West Branch Susquehanna River"
"1423","WF0-FL","Blacknose Dace",58,1.9,0.278753601,1.763427994,"6/14/2022","020502061207 Turtle Creek-West Branch Susquehanna River"
"1424","WF0-FL","Blacknose Dace",59,2,0.301029996,1.770852012,"6/14/2022","020502061207 Turtle Creek-West Branch Susquehanna River"
"1425","WF0-FL","Blacknose Dace",62,2.6,0.414973348,1.792391689,"6/14/2022","020502061207 Turtle Creek-West Branch Susquehanna River"
"1426","WF0-FL","Blacknose Dace",37,0.6,-0.22184875,1.568201724,"6/14/2022","020502061207 Turtle Creek-West Branch Susquehanna River"
"1427","WF0-FL","Blacknose Dace",74,3.9,0.591064607,1.86923172,"6/14/2022","020502061207 Turtle Creek-West Branch Susquehanna River"
"1428","WF0-FL","Blacknose Dace",74,3.8,0.579783597,1.86923172,"6/14/2022","020502061207 Turtle Creek-West Branch Susquehanna River"
"1429","WF0-FL","Blacknose Dace",62,2.5,0.397940009,1.792391689,"6/14/2022","020502061207 Turtle Creek-West Branch Susquehanna River"
"1430","WF0-FL","Blacknose Dace",77,4.4,0.643452676,1.886490725,"6/14/2022","020502061207 Turtle Creek-West Branch Susquehanna River"
"1431","WF0-FL","Blacknose Dace",67,2.8,0.447158031,1.826074803,"6/14/2022","020502061207 Turtle Creek-West Branch Susquehanna River"
"1432","WF0-FL","Blacknose Dace",69,3,0.477121255,1.838849091,"6/14/2022","020502061207 Turtle Creek-West Branch Susquehanna River"
"1433","WF0-FL","Blacknose Dace",48,1.03,0.012837225,1.681241237,"6/3/2025","020502061207 Turtle Creek-West Branch Susquehanna River"
"1434","WF0-FL","Blacknose Dace",74,4.36,0.639486489,1.86923172,"6/3/2025","020502061207 Turtle Creek-West Branch Susquehanna River"
"1435","WF0-FL","Blacknose Dace",51,1.8,0.255272505,1.707570176,"6/4/2024","020502061207 Turtle Creek-West Branch Susquehanna River"
"1436","WF0-FL","Blacknose Dace",36,0.35,-0.455931956,1.556302501,"6/4/2024","020502061207 Turtle Creek-West Branch Susquehanna River"
"1437","WF0-FL","Blacknose Dace",25,0.14,-0.853871964,1.397940009,"6/4/2024","020502061207 Turtle Creek-West Branch Susquehanna River"
"1438","WF0-FL","Blacknose Dace",58,1.93,0.285557309,1.763427994,"6/4/2024","020502061207 Turtle Creek-West Branch Susquehanna River"
"1439","WF0-FL","Blacknose Dace",67,3.03,0.481442629,1.826074803,"6/3/2025","020502061207 Turtle Creek-West Branch Susquehanna River"
"1440","WF0-FL","Blacknose Dace",44,0.86,-0.065501549,1.643452676,"6/3/2025","020502061207 Turtle Creek-West Branch Susquehanna River"
"1441","WF0-FL","Blacknose Dace",44,0.86,-0.065501549,1.643452676,"6/3/2025","020502061207 Turtle Creek-West Branch Susquehanna River"
"1442","WF0-FL","Blacknose Dace",58,1.79,0.252853031,1.763427994,"6/3/2025","020502061207 Turtle Creek-West Branch Susquehanna River"
"1443","WF0-FL","Blacknose Dace",60,2.29,0.359835482,1.77815125,"6/3/2025","020502061207 Turtle Creek-West Branch Susquehanna River"
"1444","WF0-FL","Blacknose Dace",69,3.08,0.488550717,1.838849091,"6/3/2025","020502061207 Turtle Creek-West Branch Susquehanna River"
"1445","WF0-FL","Blacknose Dace",44,1.87,0.271841607,1.643452676,"6/3/2025","020502061207 Turtle Creek-West Branch Susquehanna River"
"1446","WF0-FL","Blacknose Dace",49,1.32,0.120573931,1.69019608,"6/3/2025","020502061207 Turtle Creek-West Branch Susquehanna River"
"1447","WF0-FL","Blacknose Dace",50,1.25,0.096910013,1.698970004,"6/3/2025","020502061207 Turtle Creek-West Branch Susquehanna River"
"1448","WF0-FL","Blacknose Dace",63,2.49,0.396199347,1.799340549,"6/3/2025","020502061207 Turtle Creek-West Branch Susquehanna River"
"1449","WF0-FL","Blacknose Dace",44,0.96,-0.017728767,1.643452676,"6/3/2025","020502061207 Turtle Creek-West Branch Susquehanna River"
"1450","WF0-FL","Blacknose Dace",54,1.55,0.190331698,1.73239376,"6/3/2025","020502061207 Turtle Creek-West Branch Susquehanna River"
"1451","WF0-FL","Blacknose Dace",48,1.1,0.041392685,1.681241237,"6/3/2025","020502061207 Turtle Creek-West Branch Susquehanna River"
"1452","WF0-FL","Blacknose Dace",55,1.65,0.217483944,1.740362689,"6/4/2024","020502061207 Turtle Creek-West Branch Susquehanna River"
"1453","WF0-FL","Blacknose Dace",32,0.29,-0.537602002,1.505149978,"6/4/2024","020502061207 Turtle Creek-West Branch Susquehanna River"
"1454","WF0-FL","Blacknose Dace",55,1.47,0.167317335,1.740362689,"6/4/2024","020502061207 Turtle Creek-West Branch Susquehanna River"
"1455","WF0-FL","Blacknose Dace",56,1.68,0.225309282,1.748188027,"6/4/2024","020502061207 Turtle Creek-West Branch Susquehanna River"
"1456","WF0-FL","Blacknose Dace",58,1.93,0.285557309,1.763427994,"6/4/2024","020502061207 Turtle Creek-West Branch Susquehanna River"
"1457","WF0-FL","Blacknose Dace",49,1.27,0.103803721,1.69019608,"6/4/2024","020502061207 Turtle Creek-West Branch Susquehanna River"
"1458","WF0-FL","Blacknose Dace",29,0.25,-0.602059991,1.462397998,"6/4/2024","020502061207 Turtle Creek-West Branch Susquehanna River"
"1459","WF0-FL","Blacknose Dace",52,1.25,0.096910013,1.716003344,"6/4/2024","020502061207 Turtle Creek-West Branch Susquehanna River"
"1460","WF0-FL","Blacknose Dace",34,0.3,-0.522878745,1.531478917,"6/4/2024","020502061207 Turtle Creek-West Branch Susquehanna River"
"1461","WF0-FL","Blacknose Dace",61,1.9,0.278753601,1.785329835,"6/4/2024","020502061207 Turtle Creek-West Branch Susquehanna River"
"1462","WF0-FL","Blacknose Dace",28,0.17,-0.769551079,1.447158031,"6/4/2024","020502061207 Turtle Creek-West Branch Susquehanna River"
"1463","WF0-FL","Blacknose Dace",55,1.58,0.198657087,1.740362689,"6/4/2024","020502061207 Turtle Creek-West Branch Susquehanna River"
"1464","WF0-FL","Blacknose Dace",62,2.48,0.394451681,1.792391689,"6/4/2024","020502061207 Turtle Creek-West Branch Susquehanna River"
"1465","WF0-FL","Blacknose Dace",23,0.12,-0.920818754,1.361727836,"6/4/2024","020502061207 Turtle Creek-West Branch Susquehanna River"
"1466","WF0-FL","Blacknose Dace",61,2.29,0.359835482,1.785329835,"6/4/2024","020502061207 Turtle Creek-West Branch Susquehanna River"
"1467","WF0-FL","Blacknose Dace",73,3.78,0.5774918,1.86332286,"6/4/2024","020502061207 Turtle Creek-West Branch Susquehanna River"
"1468","WF0-FL","Blacknose Dace",50,1.17,0.068185862,1.698970004,"6/4/2024","020502061207 Turtle Creek-West Branch Susquehanna River"
"1469","WF0-FL","Blacknose Dace",58,1.8,0.255272505,1.763427994,"6/4/2024","020502061207 Turtle Creek-West Branch Susquehanna River"
"1470","WF0-FL","Blacknose Dace",33,0.3,-0.522878745,1.51851394,"6/4/2024","020502061207 Turtle Creek-West Branch Susquehanna River"
"1471","WF0-FL","Blacknose Dace",31,0.23,-0.638272164,1.491361694,"6/4/2024","020502061207 Turtle Creek-West Branch Susquehanna River"
"1472","WF0-FL","Blacknose Dace",57,1.59,0.201397124,1.755874856,"6/4/2024","020502061207 Turtle Creek-West Branch Susquehanna River"
"1473","WF0-FL","Blacknose Dace",53,1.5,0.176091259,1.72427587,"6/4/2024","020502061207 Turtle Creek-West Branch Susquehanna River"
"1474","WF0-FL","Blacknose Dace",43,0.8,-0.096910013,1.633468456,"6/3/2025","020502061207 Turtle Creek-West Branch Susquehanna River"
"1475","WF0-FL","Blacknose Dace",46,1.04,0.017033339,1.662757832,"6/3/2025","020502061207 Turtle Creek-West Branch Susquehanna River"
"1476","WF0-FL","Blacknose Dace",53,1.66,0.220108088,1.72427587,"6/3/2025","020502061207 Turtle Creek-West Branch Susquehanna River"
"1477","WF0-FL","Blacknose Dace",46,0.92,-0.036212173,1.662757832,"6/3/2025","020502061207 Turtle Creek-West Branch Susquehanna River"
"1478","WF0-FL","Blacknose Dace",45,1.17,0.068185862,1.653212514,"6/3/2025","020502061207 Turtle Creek-West Branch Susquehanna River"
"1479","WF0-FL","Blacknose Dace",66,2.9,0.462397998,1.819543936,"6/3/2025","020502061207 Turtle Creek-West Branch Susquehanna River"
"1480","WF0-FL","Blacknose Dace",49,1.04,0.017033339,1.69019608,"6/3/2025","020502061207 Turtle Creek-West Branch Susquehanna River"
"1481","WF0-FL","Blacknose Dace",56,1.64,0.214843848,1.748188027,"6/4/2024","020502061207 Turtle Creek-West Branch Susquehanna River"
"1482","WF0-FL","Blacknose Dace",68,3.02,0.480006943,1.832508913,"6/4/2024","020502061207 Turtle Creek-West Branch Susquehanna River"
"1483","WF0-FL","Blacknose Dace",61,1.99,0.298853076,1.785329835,"6/4/2024","020502061207 Turtle Creek-West Branch Susquehanna River"
"1484","WF0-FL","Blacknose Dace",57,2,0.301029996,1.755874856,"6/3/2025","020502061207 Turtle Creek-West Branch Susquehanna River"
"1485","WF0-FL","Blacknose Dace",47,1.18,0.071882007,1.672097858,"6/3/2025","020502061207 Turtle Creek-West Branch Susquehanna River"
"1486","WF0-FL","Blacknose Dace",59,2.08,0.318063335,1.770852012,"6/3/2025","020502061207 Turtle Creek-West Branch Susquehanna River"
"1487","WF0-FL","Blacknose Dace",82,5.42,0.733999287,1.913813852,"6/3/2025","020502061207 Turtle Creek-West Branch Susquehanna River"
"1488","WF0-FL","Blacknose Dace",67,2.59,0.413299764,1.826074803,"6/3/2025","020502061207 Turtle Creek-West Branch Susquehanna River"
"1489","WF0-FL","Blacknose Dace",59,2.03,0.307496038,1.770852012,"6/3/2025","020502061207 Turtle Creek-West Branch Susquehanna River"
"1490","WF0-FL","Blacknose Dace",64,2.72,0.434568904,1.806179974,"6/3/2025","020502061207 Turtle Creek-West Branch Susquehanna River"
"1491","WF0-FL","Blacknose Dace",67,3.5,0.544068044,1.826074803,"6/3/2025","020502061207 Turtle Creek-West Branch Susquehanna River"
"1492","WF0-NW","Blacknose Dace",68,3.2,0.505149978,1.832508913,"6/13/2022","020502061207 Turtle Creek-West Branch Susquehanna River"
"1493","WF0-NW","Blacknose Dace",55,1.3,0.113943352,1.740362689,"6/13/2022","020502061207 Turtle Creek-West Branch Susquehanna River"
"1494","WF0-NW","Blacknose Dace",58,1.7,0.230448921,1.763427994,"6/13/2022","020502061207 Turtle Creek-West Branch Susquehanna River"
"1495","WF0-NW","Blacknose Dace",51,1.3,0.113943352,1.707570176,"6/13/2022","020502061207 Turtle Creek-West Branch Susquehanna River"
"1496","WF0-NW","Blacknose Dace",48,0.9,-0.045757491,1.681241237,"6/13/2022","020502061207 Turtle Creek-West Branch Susquehanna River"
"1497","WF0-NW","Blacknose Dace",71,3.5,0.544068044,1.851258349,"6/13/2022","020502061207 Turtle Creek-West Branch Susquehanna River"
"1498","WF0-NW","Blacknose Dace",55,1.29,0.11058971,1.740362689,"6/4/2024","020502061207 Turtle Creek-West Branch Susquehanna River"
"1499","WF0-NW","Blacknose Dace",55,1.6,0.204119983,1.740362689,"6/13/2022","020502061207 Turtle Creek-West Branch Susquehanna River"
"1500","WF0-NW","Blacknose Dace",41,0.7,-0.15490196,1.612783857,"6/13/2022","020502061207 Turtle Creek-West Branch Susquehanna River"
"1501","WF0-NW","Blacknose Dace",67,3.03,0.481442629,1.826074803,"6/4/2024","020502061207 Turtle Creek-West Branch Susquehanna River"
"1502","WF0-NW","Blacknose Dace",58,2.09,0.320146286,1.763427994,"6/4/2024","020502061207 Turtle Creek-West Branch Susquehanna River"
"1503","WF0-NW","Blacknose Dace",47,0.83,-0.080921908,1.672097858,"6/4/2024","020502061207 Turtle Creek-West Branch Susquehanna River"
"1504","WF0-NW","Blacknose Dace",56,0.74,-0.13076828,1.748188027,"6/4/2024","020502061207 Turtle Creek-West Branch Susquehanna River"
"1505","WF0-NW","Blacknose Dace",51,1.23,0.089905111,1.707570176,"6/4/2024","020502061207 Turtle Creek-West Branch Susquehanna River"
"1506","WF0-NW","Blacknose Dace",46,1.12,0.049218023,1.662757832,"6/4/2024","020502061207 Turtle Creek-West Branch Susquehanna River"
"1507","WF0-NW","Blacknose Dace",65,2.72,0.434568904,1.812913357,"6/4/2024","020502061207 Turtle Creek-West Branch Susquehanna River"
"1508","WF0-NW","Blacknose Dace",59,0.97,-0.013228266,1.770852012,"6/4/2024","020502061207 Turtle Creek-West Branch Susquehanna River"
"1509","WF0-NW","Blacknose Dace",50,1.13,0.053078443,1.698970004,"6/4/2024","020502061207 Turtle Creek-West Branch Susquehanna River"
"1510","WF0-NW","Blacknose Dace",51,1.1,0.041392685,1.707570176,"6/13/2022","020502061207 Turtle Creek-West Branch Susquehanna River"
"1511","WF0-NW","Blacknose Dace",54,2.3,0.361727836,1.73239376,"6/13/2022","020502061207 Turtle Creek-West Branch Susquehanna River"
"1512","WF0-NW","Blacknose Dace",59,1.8,0.255272505,1.770852012,"6/13/2022","020502061207 Turtle Creek-West Branch Susquehanna River"
"1513","WF0-NW","Blacknose Dace",58,1.53,0.184691431,1.763427994,"6/4/2024","020502061207 Turtle Creek-West Branch Susquehanna River"
"1514","WF0-NW","Blacknose Dace",67,2.9,0.462397998,1.826074803,"6/4/2024","020502061207 Turtle Creek-West Branch Susquehanna River"
"1515","WF0-NW","Blacknose Dace",67,3.13,0.495544338,1.826074803,"6/4/2024","020502061207 Turtle Creek-West Branch Susquehanna River"
"1516","WF0-NW","Blacknose Dace",69,3.13,0.495544338,1.838849091,"6/4/2024","020502061207 Turtle Creek-West Branch Susquehanna River"
"1517","WF0-NW","Blacknose Dace",66,2.41,0.382017043,1.819543936,"6/4/2024","020502061207 Turtle Creek-West Branch Susquehanna River"
"1518","WF0-NW","Blacknose Dace",53,1.2,0.079181246,1.72427587,"6/13/2022","020502061207 Turtle Creek-West Branch Susquehanna River"
"1519","WF0-NW","Blacknose Dace",50,1.2,0.079181246,1.698970004,"6/13/2022","020502061207 Turtle Creek-West Branch Susquehanna River"
"1520","WF0-NW","Blacknose Dace",56,1.5,0.176091259,1.748188027,"6/13/2022","020502061207 Turtle Creek-West Branch Susquehanna River"
"1521","WF0-NW","Blacknose Dace",68,3.4,0.531478917,1.832508913,"6/13/2022","020502061207 Turtle Creek-West Branch Susquehanna River"
"1522","WF0-NW","Blacknose Dace",58,1.6,0.204119983,1.763427994,"6/13/2022","020502061207 Turtle Creek-West Branch Susquehanna River"
"1523","WF0-NW","Blacknose Dace",65,2.5,0.397940009,1.812913357,"6/13/2022","020502061207 Turtle Creek-West Branch Susquehanna River"
"1524","WF0-NW","Blacknose Dace",70,3.2,0.505149978,1.84509804,"6/13/2022","020502061207 Turtle Creek-West Branch Susquehanna River"
"1525","WF0-NW","Blacknose Dace",51,1.1,0.041392685,1.707570176,"6/13/2022","020502061207 Turtle Creek-West Branch Susquehanna River"
"1526","WF0-NW","Blacknose Dace",77,4.4,0.643452676,1.886490725,"6/13/2022","020502061207 Turtle Creek-West Branch Susquehanna River"
"1527","WF0-NW","Blacknose Dace",63,2.5,0.397940009,1.799340549,"6/13/2022","020502061207 Turtle Creek-West Branch Susquehanna River"
"1528","WF0-NW","Blacknose Dace",62,2.3,0.361727836,1.792391689,"6/13/2022","020502061207 Turtle Creek-West Branch Susquehanna River"
"1529","WF0-NW","Blacknose Dace",30,0.23,-0.638272164,1.477121255,"6/5/2025","020502061207 Turtle Creek-West Branch Susquehanna River"
"1530","WF0-NW","Blacknose Dace",43,0.64,-0.193820026,1.633468456,"6/5/2025","020502061207 Turtle Creek-West Branch Susquehanna River"
"1531","WF0-NW","Blacknose Dace",60,1.81,0.257678575,1.77815125,"6/5/2025","020502061207 Turtle Creek-West Branch Susquehanna River"
"1532","WF0-NW","Blacknose Dace",29,0.21,-0.677780705,1.462397998,"6/5/2025","020502061207 Turtle Creek-West Branch Susquehanna River"
"1533","WF0-NW","Blacknose Dace",51,1.33,0.123851641,1.707570176,"6/5/2025","020502061207 Turtle Creek-West Branch Susquehanna River"
"1534","WF0-NW","Blacknose Dace",35,0.4,-0.397940009,1.544068044,"6/5/2025","020502061207 Turtle Creek-West Branch Susquehanna River"
"1535","WF0-NW","Blacknose Dace",31,0.3,-0.522878745,1.491361694,"6/5/2025","020502061207 Turtle Creek-West Branch Susquehanna River"
"1536","WF0-NW","Blacknose Dace",69,3.08,0.488550717,1.838849091,"6/5/2025","020502061207 Turtle Creek-West Branch Susquehanna River"
"1537","WF0-NW","Blacknose Dace",38,0.58,-0.236572006,1.579783597,"6/5/2025","020502061207 Turtle Creek-West Branch Susquehanna River"
"1538","WF0-NW","Blacknose Dace",39,0.39,-0.408935393,1.591064607,"6/5/2025","020502061207 Turtle Creek-West Branch Susquehanna River"
"1539","WF0-NW","Blacknose Dace",53,0.5,-0.301029996,1.72427587,"6/5/2025","020502061207 Turtle Creek-West Branch Susquehanna River"
"1540","WF0-NW","Blacknose Dace",38,0.56,-0.251811973,1.579783597,"6/5/2025","020502061207 Turtle Creek-West Branch Susquehanna River"
"1541","WF0-NW","Blacknose Dace",30,0.23,-0.638272164,1.477121255,"6/5/2025","020502061207 Turtle Creek-West Branch Susquehanna River"
"1542","WF0-NW","Blacknose Dace",43,0.68,-0.167491087,1.633468456,"6/5/2025","020502061207 Turtle Creek-West Branch Susquehanna River"
"1543","WF0-NW","Blacknose Dace",34,0.4,-0.397940009,1.531478917,"6/5/2025","020502061207 Turtle Creek-West Branch Susquehanna River"
"1544","WF0-NW","Blacknose Dace",40,0.59,-0.229147988,1.602059991,"6/5/2025","020502061207 Turtle Creek-West Branch Susquehanna River"
"1545","WF0-NW","Blacknose Dace",51,1.32,0.120573931,1.707570176,"6/5/2025","020502061207 Turtle Creek-West Branch Susquehanna River"
"1546","WF0-NW","Blacknose Dace",54,1.66,0.220108088,1.73239376,"6/5/2025","020502061207 Turtle Creek-West Branch Susquehanna River"
"1547","WF0-NW","Blacknose Dace",71,3.5,0.544068044,1.851258349,"6/5/2025","020502061207 Turtle Creek-West Branch Susquehanna River"
"1548","WF0-NW","Blacknose Dace",41,0.66,-0.180456064,1.612783857,"6/5/2025","020502061207 Turtle Creek-West Branch Susquehanna River"
"1549","WF0-NW","Blacknose Dace",34,0.36,-0.443697499,1.531478917,"6/5/2025","020502061207 Turtle Creek-West Branch Susquehanna River"
"1550","WF0-NW","Blacknose Dace",60,1.8,0.255272505,1.77815125,"6/5/2025","020502061207 Turtle Creek-West Branch Susquehanna River"
"1551","WF0-NW","Blacknose Dace",34,0.34,-0.468521083,1.531478917,"6/5/2025","020502061207 Turtle Creek-West Branch Susquehanna River"
"1552","WF0-NW","Blacknose Dace",67,2.72,0.434568904,1.826074803,"6/5/2025","020502061207 Turtle Creek-West Branch Susquehanna River"
"1553","WF0-NW","Blacknose Dace",47,1.12,0.049218023,1.672097858,"6/5/2025","020502061207 Turtle Creek-West Branch Susquehanna River"
"1554","WF0-NW","Blacknose Dace",37,0.49,-0.30980392,1.568201724,"6/5/2025","020502061207 Turtle Creek-West Branch Susquehanna River"
"1555","WF0-NW","Blacknose Dace",64,2.36,0.372912003,1.806179974,"6/5/2025","020502061207 Turtle Creek-West Branch Susquehanna River"
"1556","WF0-NW","Blacknose Dace",59,2.04,0.309630167,1.770852012,"6/5/2025","020502061207 Turtle Creek-West Branch Susquehanna River"
"1557","WF0-NW","Blacknose Dace",31,0.26,-0.585026652,1.491361694,"6/5/2025","020502061207 Turtle Creek-West Branch Susquehanna River"
"1558","WF0-NW","Blacknose Dace",63,2.4,0.380211242,1.799340549,"6/13/2022","020502061207 Turtle Creek-West Branch Susquehanna River"
"1559","WF0-NW","Blacknose Dace",38,0.6,-0.22184875,1.579783597,"6/13/2022","020502061207 Turtle Creek-West Branch Susquehanna River"
"1560","WF0-NW","Blacknose Dace",51,1.36,0.133538908,1.707570176,"6/4/2024","020502061207 Turtle Creek-West Branch Susquehanna River"
"1561","WF0-NW","Blacknose Dace",65,3.03,0.481442629,1.812913357,"6/4/2024","020502061207 Turtle Creek-West Branch Susquehanna River"
"1562","WF0-NW","Blacknose Dace",71,3.99,0.600972896,1.851258349,"6/4/2024","020502061207 Turtle Creek-West Branch Susquehanna River"
"1563","WF0-NW","Blacknose Dace",54,1.38,0.139879086,1.73239376,"6/4/2024","020502061207 Turtle Creek-West Branch Susquehanna River"
"1564","WF0-NW","Blacknose Dace",57,1.79,0.252853031,1.755874856,"6/4/2024","020502061207 Turtle Creek-West Branch Susquehanna River"
"1565","WF0-NW","Blacknose Dace",41,0.62,-0.207608311,1.612783857,"6/4/2024","020502061207 Turtle Creek-West Branch Susquehanna River"
"1566","WF0-NW","Blacknose Dace",55,1.53,0.184691431,1.740362689,"6/4/2024","020502061207 Turtle Creek-West Branch Susquehanna River"
"1567","WF0-NW","Blacknose Dace",76,3.9,0.591064607,1.880813592,"6/4/2024","020502061207 Turtle Creek-West Branch Susquehanna River"
"1568","WF0-NW","Blacknose Dace",46,0.99,-0.004364805,1.662757832,"6/4/2024","020502061207 Turtle Creek-West Branch Susquehanna River"
"1569","WF0-NW","Blacknose Dace",64,1.96,0.292256071,1.806179974,"6/4/2024","020502061207 Turtle Creek-West Branch Susquehanna River"
"1570","WF0-NW","Blacknose Dace",53,1.23,0.089905111,1.72427587,"6/4/2024","020502061207 Turtle Creek-West Branch Susquehanna River"
"1571","WF0-NW","Blacknose Dace",52,1.49,0.173186268,1.716003344,"6/4/2024","020502061207 Turtle Creek-West Branch Susquehanna River"
"1572","WF0-NW","Blacknose Dace",65,2.54,0.404833717,1.812913357,"6/4/2024","020502061207 Turtle Creek-West Branch Susquehanna River"
"1573","WF0-NW","Blacknose Dace",68,2.95,0.469822016,1.832508913,"6/4/2024","020502061207 Turtle Creek-West Branch Susquehanna River"
"1574","WF0-NW","Blacknose Dace",51,1.36,0.133538908,1.707570176,"6/4/2024","020502061207 Turtle Creek-West Branch Susquehanna River"
"1575","WF0-NW","Blacknose Dace",66,2.4,0.380211242,1.819543936,"6/13/2022","020502061207 Turtle Creek-West Branch Susquehanna River"
"1576","WF0-NW","Blacknose Dace",63,2.3,0.361727836,1.799340549,"6/13/2022","020502061207 Turtle Creek-West Branch Susquehanna River"
"1577","WF0-NW","Blacknose Dace",65,2.7,0.431363764,1.812913357,"6/13/2022","020502061207 Turtle Creek-West Branch Susquehanna River"
"1578","WF0-NW","Blacknose Dace",49,1.1,0.041392685,1.69019608,"6/13/2022","020502061207 Turtle Creek-West Branch Susquehanna River"
"1579","WF0-NW","Blacknose Dace",65,3,0.477121255,1.812913357,"6/13/2022","020502061207 Turtle Creek-West Branch Susquehanna River"
"1580","WF0-NW","Blacknose Dace",56,1.9,0.278753601,1.748188027,"6/13/2022","020502061207 Turtle Creek-West Branch Susquehanna River"
"1581","WF0-SW","Blacknose Dace",59,2.28,0.357934847,1.770852012,"6/7/2024","020502061207 Turtle Creek-West Branch Susquehanna River"
"1582","WF0-SW","Blacknose Dace",48,1.2,0.079181246,1.681241237,"6/13/2022","020502061207 Turtle Creek-West Branch Susquehanna River"
"1583","WF0-SW","Blacknose Dace",48,1.1,0.041392685,1.681241237,"6/13/2022","020502061207 Turtle Creek-West Branch Susquehanna River"
"1584","WF0-SW","Blacknose Dace",50,1.5,0.176091259,1.698970004,"6/13/2022","020502061207 Turtle Creek-West Branch Susquehanna River"
"1585","WF0-SW","Blacknose Dace",54,1.4,0.146128036,1.73239376,"6/13/2022","020502061207 Turtle Creek-West Branch Susquehanna River"
"1586","WF0-SW","Blacknose Dace",43,0.7,-0.15490196,1.633468456,"6/13/2022","020502061207 Turtle Creek-West Branch Susquehanna River"
"1587","WF0-SW","Blacknose Dace",52,1.2,0.079181246,1.716003344,"6/13/2022","020502061207 Turtle Creek-West Branch Susquehanna River"
"1588","WF0-SW","Blacknose Dace",55,1.4,0.146128036,1.740362689,"6/13/2022","020502061207 Turtle Creek-West Branch Susquehanna River"
"1589","WF0-SW","Blacknose Dace",48,0.8,-0.096910013,1.681241237,"6/13/2022","020502061207 Turtle Creek-West Branch Susquehanna River"
"1590","WF0-SW","Blacknose Dace",39,0.6,-0.22184875,1.591064607,"6/13/2022","020502061207 Turtle Creek-West Branch Susquehanna River"
"1591","WF0-SW","Blacknose Dace",50,1.3,0.113943352,1.698970004,"6/13/2022","020502061207 Turtle Creek-West Branch Susquehanna River"
"1592","WF0-SW","Blacknose Dace",54,1.6,0.204119983,1.73239376,"6/13/2022","020502061207 Turtle Creek-West Branch Susquehanna River"
"1593","WF0-SW","Blacknose Dace",46,0.8,-0.096910013,1.662757832,"6/13/2022","020502061207 Turtle Creek-West Branch Susquehanna River"
"1594","WF0-SW","Blacknose Dace",50,1,0,1.698970004,"6/13/2022","020502061207 Turtle Creek-West Branch Susquehanna River"
"1595","WF0-SW","Blacknose Dace",51,1.2,0.079181246,1.707570176,"6/13/2022","020502061207 Turtle Creek-West Branch Susquehanna River"
"1596","WF0-SW","Blacknose Dace",60,1.9,0.278753601,1.77815125,"6/13/2022","020502061207 Turtle Creek-West Branch Susquehanna River"
"1597","WF0-SW","Blacknose Dace",52,1.4,0.146128036,1.716003344,"6/13/2022","020502061207 Turtle Creek-West Branch Susquehanna River"
"1598","WF0-SW","Blacknose Dace",68,2.9,0.462397998,1.832508913,"6/13/2022","020502061207 Turtle Creek-West Branch Susquehanna River"
"1599","WF0-SW","Blacknose Dace",54,1.5,0.176091259,1.73239376,"6/13/2022","020502061207 Turtle Creek-West Branch Susquehanna River"
"1600","WF0-SW","Blacknose Dace",47,0.8,-0.096910013,1.672097858,"6/13/2022","020502061207 Turtle Creek-West Branch Susquehanna River"
"1601","WF0-SW","Blacknose Dace",45,0.8,-0.096910013,1.653212514,"6/13/2022","020502061207 Turtle Creek-West Branch Susquehanna River"
"1602","WF0-SW","Blacknose Dace",48,1,0,1.681241237,"6/13/2022","020502061207 Turtle Creek-West Branch Susquehanna River"
"1603","WF0-SW","Blacknose Dace",51,1.4,0.146128036,1.707570176,"6/13/2022","020502061207 Turtle Creek-West Branch Susquehanna River"
"1604","WF0-SW","Blacknose Dace",54,1.57,0.195899652,1.73239376,"6/7/2024","020502061207 Turtle Creek-West Branch Susquehanna River"
"1605","WF0-SW","Blacknose Dace",52,1.26,0.100370545,1.716003344,"6/7/2024","020502061207 Turtle Creek-West Branch Susquehanna River"
"1606","WF0-SW","Blacknose Dace",54,1.52,0.181843588,1.73239376,"6/7/2024","020502061207 Turtle Creek-West Branch Susquehanna River"
"1607","WF0-SW","Blacknose Dace",52,1.37,0.136720567,1.716003344,"6/7/2024","020502061207 Turtle Creek-West Branch Susquehanna River"
"1608","WF0-SW","Blacknose Dace",56,1.6,0.204119983,1.748188027,"6/7/2024","020502061207 Turtle Creek-West Branch Susquehanna River"
"1609","WF0-SW","Blacknose Dace",53,1.29,0.11058971,1.72427587,"6/7/2024","020502061207 Turtle Creek-West Branch Susquehanna River"
"1610","WF0-SW","Blacknose Dace",49,1.06,0.025305865,1.69019608,"6/7/2024","020502061207 Turtle Creek-West Branch Susquehanna River"
"1611","WF0-SW","Blacknose Dace",49,2.22,0.346352974,1.69019608,"6/7/2024","020502061207 Turtle Creek-West Branch Susquehanna River"
"1612","WF0-SW","Blacknose Dace",50,1.37,0.136720567,1.698970004,"6/7/2024","020502061207 Turtle Creek-West Branch Susquehanna River"
"1613","WF0-SW","Blacknose Dace",54,1.52,0.181843588,1.73239376,"6/7/2024","020502061207 Turtle Creek-West Branch Susquehanna River"
"1614","WF0-SW","Blacknose Dace",67,2.69,0.42975228,1.826074803,"6/7/2024","020502061207 Turtle Creek-West Branch Susquehanna River"
"1615","WF0-SW","Blacknose Dace",55,1.53,0.184691431,1.740362689,"6/7/2024","020502061207 Turtle Creek-West Branch Susquehanna River"
"1616","WF0-SW","Blacknose Dace",56,1.47,0.167317335,1.748188027,"6/7/2024","020502061207 Turtle Creek-West Branch Susquehanna River"
"1617","WF0-SW","Blacknose Dace",54,1.59,0.201397124,1.73239376,"6/7/2024","020502061207 Turtle Creek-West Branch Susquehanna River"
"1618","WF0-SW","Blacknose Dace",56,1.67,0.222716471,1.748188027,"6/7/2024","020502061207 Turtle Creek-West Branch Susquehanna River"
"1619","WF0-SW","Blacknose Dace",38,0.46,-0.337242168,1.579783597,"6/7/2024","020502061207 Turtle Creek-West Branch Susquehanna River"
"1620","WF0-SW","Blacknose Dace",51,1.24,0.093421685,1.707570176,"6/7/2024","020502061207 Turtle Creek-West Branch Susquehanna River"
"1621","WF0-SW","Blacknose Dace",57,1.65,0.217483944,1.755874856,"6/7/2024","020502061207 Turtle Creek-West Branch Susquehanna River"
"1622","WF0-SW","Blacknose Dace",33,0.24,-0.619788758,1.51851394,"6/7/2024","020502061207 Turtle Creek-West Branch Susquehanna River"
"1623","WF0-SW","Blacknose Dace",32,0.35,-0.455931956,1.505149978,"6/7/2024","020502061207 Turtle Creek-West Branch Susquehanna River"
"1624","WF0-SW","Blacknose Dace",58,1.76,0.245512668,1.763427994,"6/7/2024","020502061207 Turtle Creek-West Branch Susquehanna River"
"1625","WF0-SW","Blacknose Dace",55,1.59,0.201397124,1.740362689,"6/7/2024","020502061207 Turtle Creek-West Branch Susquehanna River"
"1626","WF0-SW","Blacknose Dace",64,2.57,0.409933123,1.806179974,"6/7/2024","020502061207 Turtle Creek-West Branch Susquehanna River"
"1627","WF0-SW","Blacknose Dace",52,1.43,0.155336037,1.716003344,"6/7/2024","020502061207 Turtle Creek-West Branch Susquehanna River"
"1628","WF0-SW","Blacknose Dace",56,1.72,0.235528447,1.748188027,"6/7/2024","020502061207 Turtle Creek-West Branch Susquehanna River"
"1629","WF0-SW","Blacknose Dace",60,2.17,0.336459734,1.77815125,"6/7/2024","020502061207 Turtle Creek-West Branch Susquehanna River"
"1630","WF0-SW","Blacknose Dace",59,1.99,0.298853076,1.770852012,"6/7/2024","020502061207 Turtle Creek-West Branch Susquehanna River"
"1631","WF0-SW","Blacknose Dace",54,1.58,0.198657087,1.73239376,"6/7/2024","020502061207 Turtle Creek-West Branch Susquehanna River"
"1632","WF0-SW","Blacknose Dace",54,1.57,0.195899652,1.73239376,"6/7/2024","020502061207 Turtle Creek-West Branch Susquehanna River"
"1633","WF0-SW","Blacknose Dace",49,1.5,0.176091259,1.69019608,"6/9/2025","020502061207 Turtle Creek-West Branch Susquehanna River"
"1634","WF0-SW","Blacknose Dace",52,1.3,0.113943352,1.716003344,"6/13/2022","020502061207 Turtle Creek-West Branch Susquehanna River"
"1635","WF0-SW","Blacknose Dace",50,1.3,0.113943352,1.698970004,"6/13/2022","020502061207 Turtle Creek-West Branch Susquehanna River"
"1636","WF0-SW","Blacknose Dace",53,1.3,0.113943352,1.72427587,"6/13/2022","020502061207 Turtle Creek-West Branch Susquehanna River"
"1637","WF0-SW","Blacknose Dace",45,0.8,-0.096910013,1.653212514,"6/13/2022","020502061207 Turtle Creek-West Branch Susquehanna River"
"1638","WF0-SW","Blacknose Dace",45,0.8,-0.096910013,1.653212514,"6/13/2022","020502061207 Turtle Creek-West Branch Susquehanna River"
"1639","WF0-SW","Blacknose Dace",54,1.4,0.146128036,1.73239376,"6/13/2022","020502061207 Turtle Creek-West Branch Susquehanna River"
"1640","WF0-SW","Blacknose Dace",57,1.8,0.255272505,1.755874856,"6/13/2022","020502061207 Turtle Creek-West Branch Susquehanna River"
"1641","WF0-SW","Blacknose Dace",60,2,0.301029996,1.77815125,"6/13/2022","020502061207 Turtle Creek-West Branch Susquehanna River"
"1642","WF0-SW","Blacknose Dace",43,0.65,-0.187086643,1.633468456,"6/9/2025","020502061207 Turtle Creek-West Branch Susquehanna River"
"1643","WF0-SW","Blacknose Dace",54,1.62,0.209515015,1.73239376,"6/9/2025","020502061207 Turtle Creek-West Branch Susquehanna River"
"1644","WF0-SW","Blacknose Dace",45,0.71,-0.148741651,1.653212514,"6/9/2025","020502061207 Turtle Creek-West Branch Susquehanna River"
"1645","WF0-SW","Blacknose Dace",63,2.41,0.382017043,1.799340549,"6/9/2025","020502061207 Turtle Creek-West Branch Susquehanna River"
"1646","WF0-SW","Blacknose Dace",56,1.1,0.041392685,1.748188027,"6/9/2025","020502061207 Turtle Creek-West Branch Susquehanna River"
"1647","WF0-SW","Blacknose Dace",44,0.92,-0.036212173,1.643452676,"6/9/2025","020502061207 Turtle Creek-West Branch Susquehanna River"
"1648","WF0-SW","Blacknose Dace",47,1.03,0.012837225,1.672097858,"6/9/2025","020502061207 Turtle Creek-West Branch Susquehanna River"
"1649","WF0-SW","Blacknose Dace",50,1.69,0.227886705,1.698970004,"6/9/2025","020502061207 Turtle Creek-West Branch Susquehanna River"
"1650","WF0-SW","Blacknose Dace",61,2.29,0.359835482,1.785329835,"6/9/2025","020502061207 Turtle Creek-West Branch Susquehanna River"
"1651","WF0-SW","Blacknose Dace",57,2.21,0.344392274,1.755874856,"6/9/2025","020502061207 Turtle Creek-West Branch Susquehanna River"
"1652","WF0-SW","Blacknose Dace",51,1.29,0.11058971,1.707570176,"6/9/2025","020502061207 Turtle Creek-West Branch Susquehanna River"
"1653","WF0-SW","Blacknose Dace",61,2.21,0.344392274,1.785329835,"6/9/2025","020502061207 Turtle Creek-West Branch Susquehanna River"
"1654","WF0-SW","Blacknose Dace",47,1.12,0.049218023,1.672097858,"6/9/2025","020502061207 Turtle Creek-West Branch Susquehanna River"
"1655","WF0-SW","Blacknose Dace",54,1.74,0.240549248,1.73239376,"6/9/2025","020502061207 Turtle Creek-West Branch Susquehanna River"
"1656","WF0-SW","Blacknose Dace",47,0.96,-0.017728767,1.672097858,"6/9/2025","020502061207 Turtle Creek-West Branch Susquehanna River"
"1657","WF0-SW","Blacknose Dace",45,0.93,-0.031517051,1.653212514,"6/9/2025","020502061207 Turtle Creek-West Branch Susquehanna River"
"1658","WF0-SW","Blacknose Dace",48,0.96,-0.017728767,1.681241237,"6/9/2025","020502061207 Turtle Creek-West Branch Susquehanna River"
"1659","WF0-SW","Blacknose Dace",59,2.1,0.322219295,1.770852012,"6/9/2025","020502061207 Turtle Creek-West Branch Susquehanna River"
"1660","WF0-SW","Blacknose Dace",43,0.68,-0.167491087,1.633468456,"6/9/2025","020502061207 Turtle Creek-West Branch Susquehanna River"
"1661","WF0-SW","Blacknose Dace",47,1,0,1.672097858,"6/9/2025","020502061207 Turtle Creek-West Branch Susquehanna River"
"1662","WF0-SW","Blacknose Dace",50,1.13,0.053078443,1.698970004,"6/9/2025","020502061207 Turtle Creek-West Branch Susquehanna River"
"1663","WF0-SW","Blacknose Dace",58,2.4,0.380211242,1.763427994,"6/9/2025","020502061207 Turtle Creek-West Branch Susquehanna River"
"1664","WF0-SW","Blacknose Dace",52,1.64,0.214843848,1.716003344,"6/9/2025","020502061207 Turtle Creek-West Branch Susquehanna River"
"1665","WF0-SW","Blacknose Dace",55,1.57,0.195899652,1.740362689,"6/9/2025","020502061207 Turtle Creek-West Branch Susquehanna River"
"1666","WF0-SW","Blacknose Dace",55,1.05,0.021189299,1.740362689,"6/9/2025","020502061207 Turtle Creek-West Branch Susquehanna River"
"1667","WF0-SW","Blacknose Dace",37,0.46,-0.337242168,1.568201724,"6/9/2025","020502061207 Turtle Creek-West Branch Susquehanna River"
"1668","WF0-SW","Blacknose Dace",44,0.75,-0.124938737,1.643452676,"6/9/2025","020502061207 Turtle Creek-West Branch Susquehanna River"
"1669","WF0-SW","Blacknose Dace",60,2.21,0.344392274,1.77815125,"6/9/2025","020502061207 Turtle Creek-West Branch Susquehanna River"
"1670","WF0-SW","Blacknose Dace",51,1.4,0.146128036,1.707570176,"6/9/2025","020502061207 Turtle Creek-West Branch Susquehanna River"
"1671","Windfall.CrossFork","Blacknose Dace",56,1.8,0.255272505,1.748188027,"7/17/2023","020502030103 Cross Fork"
"1672","Windfall.CrossFork","Blacknose Dace",64,1.9,0.278753601,1.806179974,"7/17/2023","020502030103 Cross Fork"
"1673","Windfall.CrossFork","Blacknose Dace",64,2.5,0.397940009,1.806179974,"7/17/2023","020502030103 Cross Fork"
"1674","Windfall.CrossFork","Blacknose Dace",57,1.7,0.230448921,1.755874856,"7/17/2023","020502030103 Cross Fork"
"1675","Windfall.CrossFork","Blacknose Dace",56,1.7,0.230448921,1.748188027,"7/17/2023","020502030103 Cross Fork"
"1676","Windfall.CrossFork","Blacknose Dace",44,0.6,-0.22184875,1.643452676,"7/17/2023","020502030103 Cross Fork"
"1677","Windfall.CrossFork","Blacknose Dace",73,3.6,0.556302501,1.86332286,"7/17/2023","020502030103 Cross Fork"
"1678","Windfall.CrossFork","Blacknose Dace",56,1.7,0.230448921,1.748188027,"7/17/2023","020502030103 Cross Fork"
"1679","Windfall.CrossFork","Blacknose Dace",66,2.7,0.431363764,1.819543936,"7/17/2023","020502030103 Cross Fork"
"1680","Windfall.CrossFork","Blacknose Dace",82,4.4,0.643452676,1.913813852,"7/17/2023","020502030103 Cross Fork"
"1681","Windfall.CrossFork","Blacknose Dace",61,2.4,0.380211242,1.785329835,"7/17/2023","020502030103 Cross Fork"
"1682","Windfall.CrossFork","Blacknose Dace",58,1.7,0.230448921,1.763427994,"7/17/2023","020502030103 Cross Fork"
"1683","Windfall.CrossFork","Blacknose Dace",60,1.9,0.278753601,1.77815125,"7/17/2023","020502030103 Cross Fork"
"1684","Windfall.CrossFork","Blacknose Dace",65,2.3,0.361727836,1.812913357,"7/17/2023","020502030103 Cross Fork"
"1685","Windfall.CrossFork","Blacknose Dace",73,3.9,0.591064607,1.86332286,"7/17/2023","020502030103 Cross Fork"
"1686","Windfall.CrossFork","Blacknose Dace",49,1.2,0.079181246,1.69019608,"7/17/2023","020502030103 Cross Fork"
"1687","Windfall.CrossFork","Blacknose Dace",42,0.7,-0.15490196,1.62324929,"7/17/2023","020502030103 Cross Fork"
"1688","Windfall.CrossFork","Blacknose Dace",45,0.8,-0.096910013,1.653212514,"7/17/2023","020502030103 Cross Fork"
"1689","Windfall.CrossFork","Blacknose Dace",72,3.3,0.51851394,1.857332496,"7/17/2023","020502030103 Cross Fork"
"1690","Windfall.CrossFork","Blacknose Dace",66,2.5,0.397940009,1.819543936,"7/17/2023","020502030103 Cross Fork"
"1691","Windfall.CrossFork","Blacknose Dace",68,3.2,0.505149978,1.832508913,"7/17/2023","020502030103 Cross Fork"
"1692","Windfall.CrossFork","Blacknose Dace",65,2.6,0.414973348,1.812913357,"7/17/2023","020502030103 Cross Fork"
"1693","Windfall.CrossFork","Blacknose Dace",69,2.6,0.414973348,1.838849091,"7/17/2023","020502030103 Cross Fork"
"1694","Windfall.CrossFork","Blacknose Dace",64,2.4,0.380211242,1.806179974,"7/17/2023","020502030103 Cross Fork"
"1695","Windfall.CrossFork","Blacknose Dace",45,2.5,0.397940009,1.653212514,"7/17/2023","020502030103 Cross Fork"
"1696","Windfall.CrossFork","Blacknose Dace",61,2.1,0.322219295,1.785329835,"7/17/2023","020502030103 Cross Fork"
"1697","Windfall.CrossFork","Blacknose Dace",58,1.9,0.278753601,1.763427994,"7/17/2023","020502030103 Cross Fork"
"1698","Windfall.CrossFork","Blacknose Dace",67,2.9,0.462397998,1.826074803,"7/17/2023","020502030103 Cross Fork"
"1699","Windfall.CrossFork","Blacknose Dace",59,1.6,0.204119983,1.770852012,"7/17/2023","020502030103 Cross Fork"
"1700","Windfall.CrossFork","Blacknose Dace",55,1.5,0.176091259,1.740362689,"7/17/2023","020502030103 Cross Fork"
